"Station_ID","YEARMODA","Year","Month","Day","Tmin","Tmean","Tmax","Rainfall"
"03490",19800101,1980,1,1,0,0.8,2.6,3.4
"03490",19800102,1980,1,2,0,1.4,1.8,2.4
"03490",19800103,1980,1,3,-1.5,-0.6,1.8,1.2
"03490",19800104,1980,1,4,-2.3,3.2,5,4.2
"03490",19800105,1980,1,5,0.3,3.2,6.4,0.4
"03490",19800106,1980,1,6,2.1,5.6,6.3,5.1
"03490",19800107,1980,1,7,2,3,6.4,8.6
"03490",19800108,1980,1,8,1.2,2.2,4,0.5
"03490",19800109,1980,1,9,-1.8,-0.2,2.2,0
"03490",19800110,1980,1,10,-3.4,-0.4,0.5,0
"03490",19800111,1980,1,11,-2,-1.8,-0.3,0
"03490",19800112,1980,1,12,-7.8,-5.7,-2,0
"03490",19800113,1980,1,13,-10.5,-7.2,-2,0
"03490",19800114,1980,1,14,-10,-7.1,-3.4,0
"03490",19800115,1980,1,15,-10.4,-7.4,-5.2,0
"03490",19800116,1980,1,16,-9.5,-4,0,0
"03490",19800117,1980,1,17,-7.8,-4.7,0.4,0
"03490",19800118,1980,1,18,-10.9,-6,-0.8,0
"03490",19800119,1980,1,19,-9.4,-5.2,1.8,0
"03490",19800120,1980,1,20,-8.8,-2.8,0.3,0
"03490",19800121,1980,1,21,-6.6,1.8,4.6,5.8
"03490",19800122,1980,1,22,1.5,4.8,6.7,0.6
"03490",19800123,1980,1,23,1.5,3.8,6.5,0.5
"03490",19800124,1980,1,24,-0.4,2.9,6,0
"03490",19800125,1980,1,25,1.2,4,7.8,0
"03490",19800126,1980,1,26,0.3,1.4,3.8,3
"03490",19800127,1980,1,27,-1.6,0.5,3,0
"03490",19800128,1980,1,28,-4.1,-0.8,1,0
"03490",19800129,1980,1,29,-0.2,3.5,4.8,0
"03490",19800130,1980,1,30,4.2,7.9,9.3,5.6
"03490",19800131,1980,1,31,6.2,9.4,10.7,1.8
"03490",19800201,1980,2,1,1.2,1.6,8.8,0.3
"03490",19800202,1980,2,2,0.1,6.8,7.8,6
"03490",19800203,1980,2,3,3.5,7,8.5,6.2
"03490",19800204,1980,2,4,4,4.5,10.7,4.1
"03490",19800205,1980,2,5,4,8.6,11,0.5
"03490",19800206,1980,2,6,6.5,7.6,10.8,0.8
"03490",19800207,1980,2,7,3.5,7.4,11,0
"03490",19800208,1980,2,8,3.6,9.8,11.5,0
"03490",19800209,1980,2,9,3,8.3,14.5,0
"03490",19800210,1980,2,10,3.3,9.4,11.4,0
"03490",19800211,1980,2,11,4.7,6,8.2,2.1
"03490",19800212,1980,2,12,3.8,6.9,8.8,1.4
"03490",19800213,1980,2,13,4.9,5.2,7.2,0
"03490",19800214,1980,2,14,-1,3.7,5.8,0
"03490",19800215,1980,2,15,0.8,6.2,9.1,3
"03490",19800216,1980,2,16,5.2,7.5,10.4,1
"03490",19800217,1980,2,17,5.6,6,7.8,0
"03490",19800218,1980,2,18,-0.3,2.7,8.4,0
"03490",19800219,1980,2,19,-3,2.8,7.2,0
"03490",19800220,1980,2,20,-2.7,3.9,8.2,0
"03490",19800221,1980,2,21,-3.5,1.6,10.2,0
"03490",19800222,1980,2,22,-3.3,2.2,11.2,0.2
"03490",19800223,1980,2,23,-2.1,3.6,6.6,0.3
"03490",19800224,1980,2,24,-2,4.4,12.8,0
"03490",19800225,1980,2,25,-2,5.2,12.3,0
"03490",19800226,1980,2,26,1.7,5.6,11.3,0
"03490",19800227,1980,2,27,0.3,0.5,4,0
"03490",19800228,1980,2,28,0.1,2.2,3.4,1
"03490",19800229,1980,2,29,2.1,6,7.2,0
"03490",19800301,1980,3,1,6.1,6.6,7.9,0
"03490",19800302,1980,3,2,0.5,4.8,7.8,0
"03490",19800303,1980,3,3,0,2.2,5.1,1.5
"03490",19800304,1980,3,4,1.4,3.5,4.5,0.3
"03490",19800305,1980,3,5,-0.3,3.3,9.4,0
"03490",19800306,1980,3,6,-1.8,7,9.4,2.3
"03490",19800307,1980,3,7,6.8,8,10.8,0
"03490",19800308,1980,3,8,3.3,6.2,9.6,0
"03490",19800309,1980,3,9,2.2,5.9,10.2,0.3
"03490",19800310,1980,3,10,3.9,7.4,10.8,2.2
"03490",19800311,1980,3,11,5,6.2,9.5,0
"03490",19800312,1980,3,12,1.4,6.6,9.1,1
"03490",19800313,1980,3,13,5.8,6.9,8.6,0.5
"03490",19800314,1980,3,14,3.8,6.1,11.4,0
"03490",19800315,1980,3,15,1.2,4.1,5,0
"03490",19800316,1980,3,16,3.4,4.9,6.2,0
"03490",19800317,1980,3,17,4.2,6.4,8.6,0
"03490",19800318,1980,3,18,4.1,8.4,12.5,0
"03490",19800319,1980,3,19,1,3.9,8,0
"03490",19800320,1980,3,20,0,2.2,5.1,0
"03490",19800321,1980,3,21,-0.6,2.2,3.8,1.5
"03490",19800322,1980,3,22,2,3.5,4.5,0.2
"03490",19800323,1980,3,23,3.2,5.6,11.2,0
"03490",19800324,1980,3,24,-0.8,5.9,12.3,0
"03490",19800325,1980,3,25,-0.8,8,16,0
"03490",19800326,1980,3,26,4.2,6.8,12,2
"03490",19800327,1980,3,27,4,12.9,17,0.2
"03490",19800328,1980,3,28,12.3,13.9,17.8,0.5
"03490",19800329,1980,3,29,7.1,8.5,12.3,3.1
"03490",19800330,1980,3,30,5.3,7.1,10.6,0
"03490",19800331,1980,3,31,1.8,7.2,12,12.3
"03490",19800401,1980,4,1,7.7,12.2,15.7,1.5
"03490",19800402,1980,4,2,6.2,6.8,12,3.6
"03490",19800403,1980,4,3,3.6,5.6,8.4,1.6
"03490",19800404,1980,4,4,2.3,4.5,7,1
"03490",19800405,1980,4,5,2.4,4.2,8.8,0
"03490",19800406,1980,4,6,0.3,5.2,12.5,0
"03490",19800407,1980,4,7,-0.2,7.3,13.4,1.5
"03490",19800408,1980,4,8,3.2,5,8.2,4.2
"03490",19800409,1980,4,9,3.1,4.8,8,3.4
"03490",19800410,1980,4,10,3.5,6,8.2,3.2
"03490",19800411,1980,4,11,4.2,7.6,11,0
"03490",19800412,1980,4,12,-0.5,7.8,16.3,0
"03490",19800413,1980,4,13,1.7,9.7,19.6,0
"03490",19800414,1980,4,14,1.8,11.8,21.8,0
"03490",19800415,1980,4,15,4.6,13.8,22.8,0
"03490",19800416,1980,4,16,6.3,15,23.2,0
"03490",19800417,1980,4,17,6.6,13.8,22.2,0
"03490",19800418,1980,4,18,7,9,14,0
"03490",19800419,1980,4,19,5.5,7.6,10.8,3.9
"03490",19800420,1980,4,20,1.7,5.7,8.8,4.2
"03490",19800421,1980,4,21,2.6,6.1,10.3,10.8
"03490",19800422,1980,4,22,3.7,6.2,7.9,0
"03490",19800423,1980,4,23,2,7.2,10.6,0
"03490",19800424,1980,4,24,4.8,7.2,10.5,6.3
"03490",19800425,1980,4,25,2.1,4.6,7.8,5.7
"03490",19800426,1980,4,26,5.3,6,7.2,3.7
"03490",19800427,1980,4,27,2.3,8.5,12.2,2
"03490",19800428,1980,4,28,3.5,6.6,11.4,0
"03490",19800429,1980,4,29,5.7,7.9,10.7,0
"03490",19800430,1980,4,30,3.6,11,18.5,0
"03490",19800501,1980,5,1,3.8,13.2,20.4,0
"03490",19800502,1980,5,2,5.1,11.3,17,2.5
"03490",19800503,1980,5,3,5.2,7.7,11.2,19.8
"03490",19800504,1980,5,4,4.5,7.9,13.5,0
"03490",19800505,1980,5,5,-0.6,7.1,14.2,0
"03490",19800506,1980,5,6,1,11.4,17.1,1
"03490",19800507,1980,5,7,6.5,11.8,17.5,0
"03490",19800508,1980,5,8,5.4,8.4,11,3.3
"03490",19800509,1980,5,9,5.7,8.3,14.2,0
"03490",19800510,1980,5,10,1.3,11.1,19.4,0
"03490",19800511,1980,5,11,1.4,13.8,22.6,0
"03490",19800512,1980,5,12,5,16.9,23.2,0
"03490",19800513,1980,5,13,7,17,23.4,0
"03490",19800514,1980,5,14,3.3,13.6,20.8,0
"03490",19800515,1980,5,15,1.7,11.1,18.4,0
"03490",19800516,1980,5,16,2.4,10.6,18.2,0
"03490",19800517,1980,5,17,3.7,13.7,20,0
"03490",19800518,1980,5,18,10,16.1,22.8,0
"03490",19800519,1980,5,19,7.7,15.7,24.2,0
"03490",19800520,1980,5,20,8.8,15.1,22,0
"03490",19800521,1980,5,21,10,16,23.3,0
"03490",19800522,1980,5,22,8.2,13.5,19.4,0
"03490",19800523,1980,5,23,1.3,12.3,17.2,2
"03490",19800524,1980,5,24,9.3,12.5,15.2,0.2
"03490",19800525,1980,5,25,9.1,11,13.5,0.4
"03490",19800526,1980,5,26,4.8,14.6,20.6,0
"03490",19800527,1980,5,27,9.3,16,23,2.5
"03490",19800528,1980,5,28,9.6,15.3,19.8,0
"03490",19800529,1980,5,29,10.6,14.2,19.6,2.5
"03490",19800530,1980,5,30,10,11,15.2,0.3
"03490",19800531,1980,5,31,3.6,10.9,17.7,5.4
"03490",19800601,1980,6,1,9,12.3,13.5,0.8
"03490",19800602,1980,6,2,7.7,14,19.1,0
"03490",19800603,1980,6,3,11.1,15.6,17.2,1.7
"03490",19800604,1980,6,4,15.1,18.7,23.3,0
"03490",19800605,1980,6,5,11.8,19.7,26.4,0
"03490",19800606,1980,6,6,13.2,20.9,27.7,1.1
"03490",19800607,1980,6,7,13.3,15.1,20.2,1
"03490",19800608,1980,6,8,8.8,15.8,21.8,0
"03490",19800609,1980,6,9,12,17.2,22.6,0
"03490",19800610,1980,6,10,15.2,15.9,17.8,11.2
"03490",19800611,1980,6,11,14,19.4,21.6,0
"03490",19800612,1980,6,12,9.2,20,25.6,0
"03490",19800613,1980,6,13,15.4,22.3,28.7,0
"03490",19800614,1980,6,14,17.6,21.1,29.8,10.5
"03490",19800615,1980,6,15,14,16,23.2,0
"03490",19800616,1980,6,16,12.7,17.2,19.7,1.2
"03490",19800617,1980,6,17,12.6,14.8,18.8,4.6
"03490",19800618,1980,6,18,9.8,14.3,18,1.4
"03490",19800619,1980,6,19,10.6,15,20.4,0.2
"03490",19800620,1980,6,20,11.7,13.4,17.5,0
"03490",19800621,1980,6,21,10.9,14.2,17.7,1.1
"03490",19800622,1980,6,22,10,13.8,17,3.3
"03490",19800623,1980,6,23,11,13.3,19.5,4.8
"03490",19800624,1980,6,24,10,13.4,17.5,4.3
"03490",19800625,1980,6,25,9,12.6,17.5,4.7
"03490",19800626,1980,6,26,7.6,12,16.2,3.4
"03490",19800627,1980,6,27,8.2,11.4,17,7.4
"03490",19800628,1980,6,28,8.2,12.4,15,6.2
"03490",19800629,1980,6,29,9.6,13,17,1.7
"03490",19800630,1980,6,30,11.9,17,20.6,2
"03490",19800701,1980,7,1,12,13.6,18.3,12.8
"03490",19800702,1980,7,2,11.5,13.9,16.4,15
"03490",19800703,1980,7,3,12,14.9,17.8,0.2
"03490",19800704,1980,7,4,10.8,14.6,19.8,4.5
"03490",19800705,1980,7,5,12.7,16.4,21.2,0
"03490",19800706,1980,7,6,9.7,17.5,21.5,1
"03490",19800707,1980,7,7,15.2,16.8,19.8,4
"03490",19800708,1980,7,8,13,15.5,19.2,2
"03490",19800709,1980,7,9,13.8,15.3,19.4,4.7
"03490",19800710,1980,7,10,13.2,14.2,16.9,53.4
"03490",19800711,1980,7,11,12.9,13.3,14.4,1.5
"03490",19800712,1980,7,12,10.6,13.9,17.9,4.3
"03490",19800713,1980,7,13,10.4,13,14.9,3
"03490",19800714,1980,7,14,11.3,15.9,19.6,4.3
"03490",19800715,1980,7,15,13.2,14.4,16.1,6.1
"03490",19800716,1980,7,16,11.2,12.1,15.6,0
"03490",19800717,1980,7,17,6.3,15.5,18.4,0.3
"03490",19800718,1980,7,18,12.8,15.2,19,2
"03490",19800719,1980,7,19,14.1,16.6,18.5,13.5
"03490",19800720,1980,7,20,14,15.8,19.5,10.6
"03490",19800721,1980,7,21,10.7,11.8,14.2,3.9
"03490",19800722,1980,7,22,7.8,14.6,20.1,0
"03490",19800723,1980,7,23,6.3,17.9,25.5,0
"03490",19800724,1980,7,24,10.6,20.6,25.5,0
"03490",19800725,1980,7,25,13.9,20.7,28.3,0
"03490",19800726,1980,7,26,13.2,22.8,29.5,0
"03490",19800727,1980,7,27,16.3,18.3,23.5,0
"03490",19800728,1980,7,28,15.4,20.8,26.8,0
"03490",19800729,1980,7,29,14.3,19.9,27.8,0.7
"03490",19800730,1980,7,30,16.6,18.2,20.7,0.2
"03490",19800731,1980,7,31,13.2,17.8,24.6,0
"03490",19800801,1980,8,1,11.1,16.2,26.7,0
"03490",19800802,1980,8,2,12.7,21.5,32.5,0
"03490",19800803,1980,8,3,16.3,22.9,30.9,10.6
"03490",19800804,1980,8,4,17.3,20.5,26.4,0
"03490",19800805,1980,8,5,16.6,20,24.3,0
"03490",19800806,1980,8,6,11.6,16.1,21.8,0
"03490",19800807,1980,8,7,9.5,19.4,26.3,0
"03490",19800808,1980,8,8,15,19.2,24.5,4.7
"03490",19800809,1980,8,9,14.6,18,22,0
"03490",19800810,1980,8,10,13.8,17.3,22.2,0
"03490",19800811,1980,8,11,11,20.5,26.5,7.8
"03490",19800812,1980,8,12,13.5,14.9,20.8,7.4
"03490",19800813,1980,8,13,12.3,17,21.3,0
"03490",19800814,1980,8,14,15.5,18.5,22.6,0
"03490",19800815,1980,8,15,10.3,20.6,28,11.8
"03490",19800816,1980,8,16,17.5,18.4,20.3,0
"03490",19800817,1980,8,17,17.7,19.8,22.8,0
"03490",19800818,1980,8,18,16.6,20.6,25.8,0
"03490",19800819,1980,8,19,17.4,17.9,20.8,1.2
"03490",19800820,1980,8,20,14.2,20.5,24.8,0
"03490",19800821,1980,8,21,13.5,16.2,22,0.6
"03490",19800822,1980,8,22,11.5,14,18.2,0.6
"03490",19800823,1980,8,23,11.5,13.1,16.5,1
"03490",19800824,1980,8,24,10.5,12.5,16.2,0
"03490",19800825,1980,8,25,6.7,11.2,18.8,0
"03490",19800826,1980,8,26,5.2,15.5,23.8,0
"03490",19800827,1980,8,27,12.7,17.6,22.8,0
"03490",19800828,1980,8,28,13.7,18.8,26.7,0
"03490",19800829,1980,8,29,12.8,19.4,25.3,1.9
"03490",19800830,1980,8,30,14.2,16.2,20,16.5
"03490",19800831,1980,8,31,13,14,16.7,6.1
"03490",19800901,1980,9,1,11,13,17.8,0
"03490",19800902,1980,9,2,6.7,11.3,20.7,0
"03490",19800903,1980,9,3,4.2,14.2,25.3,0
"03490",19800904,1980,9,4,10,17.9,26,0
"03490",19800905,1980,9,5,12.8,15.6,21.8,2.3
"03490",19800906,1980,9,6,12.6,15,20.8,0
"03490",19800907,1980,9,7,7.3,14.7,23.8,0
"03490",19800908,1980,9,8,9.3,18.8,27.1,8.8
"03490",19800909,1980,9,9,12.8,15.2,19.2,5.4
"03490",19800910,1980,9,10,10.6,15.4,18.2,0
"03490",19800911,1980,9,11,13.8,15.5,17.8,0
"03490",19800912,1980,9,12,13.5,16.8,20.8,1.4
"03490",19800913,1980,9,13,12.7,15,18.6,0
"03490",19800914,1980,9,14,13.5,15,17.4,0
"03490",19800915,1980,9,15,12.6,14.9,20,0
"03490",19800916,1980,9,16,7.7,14,23.1,2
"03490",19800917,1980,9,17,9.3,15.2,21,0
"03490",19800918,1980,9,18,10.8,15.3,21.8,0
"03490",19800919,1980,9,19,9.6,16.4,27.3,0
"03490",19800920,1980,9,20,11.7,20.4,27.7,0
"03490",19800921,1980,9,21,12.7,18.8,25.6,0.5
"03490",19800922,1980,9,22,14.2,16.2,22,0.5
"03490",19800923,1980,9,23,11.2,15.2,22.5,0
"03490",19800924,1980,9,24,9,16,22.9,5.3
"03490",19800925,1980,9,25,13.4,15.2,17.7,0
"03490",19800926,1980,9,26,8,11.6,17.5,0
"03490",19800927,1980,9,27,6.8,12.2,18.5,0
"03490",19800928,1980,9,28,9.6,13.5,20.6,0
"03490",19800929,1980,9,29,6.9,14,22.5,0
"03490",19800930,1980,9,30,10,13.7,18.8,0
"03490",19801001,1980,10,1,7.3,11.5,18.7,1
"03490",19801002,1980,10,2,9.8,12.1,15.2,0
"03490",19801003,1980,10,3,5.8,8.8,16.6,0
"03490",19801004,1980,10,4,1.8,11.8,17.3,1
"03490",19801005,1980,10,5,5.6,8.4,15.1,0
"03490",19801006,1980,10,6,5.3,14,15.4,1.3
"03490",19801007,1980,10,7,10,12.2,15,14.8
"03490",19801008,1980,10,8,9,9.5,12.2,2.5
"03490",19801009,1980,10,9,6.7,8.1,12.2,1.5
"03490",19801010,1980,10,10,2.5,7.2,12.4,2.2
"03490",19801011,1980,10,11,4.2,6.6,7.8,1
"03490",19801012,1980,10,12,5,7.7,11.7,0
"03490",19801013,1980,10,13,4.8,6.3,11.2,0
"03490",19801014,1980,10,14,2.8,6.2,12.2,0
"03490",19801015,1980,10,15,2.5,7.4,12.6,0.5
"03490",19801016,1980,10,16,3.2,11.2,16.3,0
"03490",19801017,1980,10,17,7.5,9.2,12.8,1.8
"03490",19801018,1980,10,18,7,9,12.8,2
"03490",19801019,1980,10,19,3,7.9,11.3,1.7
"03490",19801020,1980,10,20,3.2,7.2,10.8,0
"03490",19801021,1980,10,21,3.5,6.8,14.8,0
"03490",19801022,1980,10,22,1.6,11.2,18.2,1
"03490",19801023,1980,10,23,11.1,12.6,16.2,1.7
"03490",19801024,1980,10,24,9,10.8,14.7,3.9
"03490",19801025,1980,10,25,7,8.5,10.4,1.3
"03490",19801026,1980,10,26,5.8,9.9,12.1,0
"03490",19801027,1980,10,27,7.3,13.7,15.6,0
"03490",19801028,1980,10,28,10,17.1,20.4,1.6
"03490",19801029,1980,10,29,10.1,11.6,17.8,0.6
"03490",19801030,1980,10,30,3.8,6.2,11.2,0
"03490",19801031,1980,10,31,0.6,3.3,9.6,0
"03490",19801101,1980,11,1,-1.3,1.4,6.8,0
"03490",19801102,1980,11,2,-6,-2.7,2.5,0
"03490",19801103,1980,11,3,-8.3,-2.6,0,0
"03490",19801104,1980,11,4,-1.8,-1.4,0,0
"03490",19801105,1980,11,5,-2.4,-0.4,1,0
"03490",19801106,1980,11,6,0,0.3,1.2,6.5
"03490",19801107,1980,11,7,-2.3,-0.5,2.7,0.4
"03490",19801108,1980,11,8,-5.4,0.4,2.5,0
"03490",19801109,1980,11,9,-0.5,1.4,3.7,0
"03490",19801110,1980,11,10,0,1.5,4.2,0
"03490",19801111,1980,11,11,1.2,3.8,5.2,0
"03490",19801112,1980,11,12,2.3,4.3,7.7,1.6
"03490",19801113,1980,11,13,1.6,5.4,8.2,0
"03490",19801114,1980,11,14,4.5,6.4,8.5,13
"03490",19801115,1980,11,15,4.8,10.2,13.8,1.3
"03490",19801116,1980,11,16,11.5,13,14,3.2
"03490",19801117,1980,11,17,10.8,14,14.6,1.5
"03490",19801118,1980,11,18,8,9.6,14.1,0
"03490",19801119,1980,11,19,4.5,8.8,10.8,1
"03490",19801120,1980,11,20,6.2,9.5,14.6,0
"03490",19801121,1980,11,21,6.6,12.9,15.2,0
"03490",19801122,1980,11,22,12,13.5,14.8,0
"03490",19801123,1980,11,23,12.4,13.4,14.8,0
"03490",19801124,1980,11,24,10.6,12.9,16.6,0
"03490",19801125,1980,11,25,6.4,8,11.2,9.6
"03490",19801126,1980,11,26,3.8,5,7.2,2
"03490",19801127,1980,11,27,-1,2.9,6.4,2.8
"03490",19801128,1980,11,28,1.8,2.9,5.4,5.6
"03490",19801129,1980,11,29,0,0.8,2.3,5
"03490",19801130,1980,11,30,-1,-0.5,0.6,0.2
"03490",19801201,1980,12,1,-7.2,-4.7,-0.2,0
"03490",19801202,1980,12,2,-5.6,-2.3,-1.9,3.9
"03490",19801203,1980,12,3,-2,1.4,2.7,2
"03490",19801204,1980,12,4,-0.5,1.2,3.8,3.8
"03490",19801205,1980,12,5,-0.6,3.6,4.8,11.6
"03490",19801206,1980,12,6,-2.5,-0.7,5.2,1.5
"03490",19801207,1980,12,7,-5.8,-4.4,-1.2,0
"03490",19801208,1980,12,8,-7.2,-2.2,0.2,1.8
"03490",19801209,1980,12,9,-6.8,-2.6,0.6,0
"03490",19801210,1980,12,10,-1.8,3,3.8,0
"03490",19801211,1980,12,11,1.7,5.1,6.6,1
"03490",19801212,1980,12,12,3.3,4.6,8,0.2
"03490",19801213,1980,12,13,1.4,6.8,9.1,5.2
"03490",19801214,1980,12,14,7.3,11.4,13.6,4
"03490",19801215,1980,12,15,5.8,7.2,13.7,1.8
"03490",19801216,1980,12,16,0.2,4.2,6.6,0
"03490",19801217,1980,12,17,-3,2.8,5.3,1.2
"03490",19801218,1980,12,18,2.5,3,5.1,11
"03490",19801219,1980,12,19,-2.7,0.7,4,0
"03490",19801220,1980,12,20,-1.2,3.4,5.5,1
"03490",19801221,1980,12,21,3.4,4.6,5.6,1.8
"03490",19801222,1980,12,22,3.2,6,7.7,0.2
"03490",19801223,1980,12,23,3.3,11.4,12.5,0.4
"03490",19801224,1980,12,24,9.7,11.5,12.5,0
"03490",19801225,1980,12,25,7.6,8.8,11.2,0.2
"03490",19801226,1980,12,26,2.8,3.9,7.6,0.3
"03490",19801227,1980,12,27,-0.2,1.1,3.1,2.9
"03490",19801228,1980,12,28,-2.8,-0.8,3,0.3
"03490",19801229,1980,12,29,-3,3.9,5.6,0.6
"03490",19801230,1980,12,30,1.7,6.4,7,0
"03490",19801231,1980,12,31,3.4,5,7.6,3.5
"03490",19810101,1981,1,1,2.4,4.1,5.2,4.2
"03490",19810102,1981,1,2,2.1,6.9,9,5.2
"03490",19810103,1981,1,3,5.8,7.9,11.8,4.5
"03490",19810104,1981,1,4,0.3,2.8,7.8,4.4
"03490",19810105,1981,1,5,1.1,2.7,3.8,9.6
"03490",19810106,1981,1,6,1,1.2,2.6,5.1
"03490",19810107,1981,1,7,-1.5,-0.1,1.2,0.4
"03490",19810108,1981,1,8,-3.8,-0.1,1.1,0.3
"03490",19810109,1981,1,9,1.1,3,4.5,3.2
"03490",19810110,1981,1,10,1,1.4,3.7,4.4
"03490",19810111,1981,1,11,-1.7,-0.2,2.5,0
"03490",19810112,1981,1,12,-5.2,-0.5,2.1,1.2
"03490",19810113,1981,1,13,-0.6,0.2,2.2,2
"03490",19810114,1981,1,14,-3.5,2.4,4.2,11.2
"03490",19810115,1981,1,15,2.1,2.7,5.5,5.3
"03490",19810116,1981,1,16,-0.6,0.9,2.5,4.3
"03490",19810117,1981,1,17,0.8,3.5,5.4,1.3
"03490",19810118,1981,1,18,0.6,2,3.3,0.5
"03490",19810119,1981,1,19,0.9,5.1,6.2,6.5
"03490",19810120,1981,1,20,0.6,1.1,4.6,0.3
"03490",19810121,1981,1,21,-2.4,-1.2,1.5,0
"03490",19810122,1981,1,22,-3.3,0.2,2,0
"03490",19810123,1981,1,23,-2.8,-0.4,4.7,0
"03490",19810124,1981,1,24,-7.8,-1.4,1.5,0.2
"03490",19810125,1981,1,25,0,3.4,5.6,1.7
"03490",19810126,1981,1,26,-0.8,1.6,5.3,0
"03490",19810127,1981,1,27,-1.8,3.1,4.3,0
"03490",19810128,1981,1,28,-1.6,1.2,5.3,0
"03490",19810129,1981,1,29,-3.5,-1.1,3.8,0
"03490",19810130,1981,1,30,-5.6,-1,4.6,0
"03490",19810131,1981,1,31,-5,-0.5,7,0
"03490",19810201,1981,2,1,-6.2,-2.4,2.4,0
"03490",19810202,1981,2,2,-5.8,0.6,5.7,0
"03490",19810203,1981,2,3,1.8,5.6,6.4,2.3
"03490",19810204,1981,2,4,2.5,3,5.5,3.7
"03490",19810205,1981,2,5,0.2,1.6,2.7,0.9
"03490",19810206,1981,2,6,1.6,6,7.5,2.1
"03490",19810207,1981,2,7,6.8,9,10.8,0
"03490",19810208,1981,2,8,7.9,8.7,9.7,0
"03490",19810209,1981,2,9,6.5,7,8.3,0
"03490",19810210,1981,2,10,2,2.9,6.6,2.2
"03490",19810211,1981,2,11,0.3,0.4,2.8,2.6
"03490",19810212,1981,2,12,-4.8,-2.1,2.6,0
"03490",19810213,1981,2,13,-6.5,-4.2,1.2,0
"03490",19810214,1981,2,14,-7.8,-2.4,2.8,0
"03490",19810215,1981,2,15,-6.1,-3.4,0.6,0
"03490",19810216,1981,2,16,-8.6,-2,3.5,0
"03490",19810217,1981,2,17,-2.3,0.5,2.2,0
"03490",19810218,1981,2,18,-1.8,0.2,2,1.8
"03490",19810219,1981,2,19,-2.3,-0.3,1.5,2.1
"03490",19810220,1981,2,20,-3.1,-1.8,-0.3,4.5
"03490",19810221,1981,2,21,-3.8,-2.4,-0.8,0
"03490",19810222,1981,2,22,-8.1,-5,-1.2,0
"03490",19810223,1981,2,23,-10.5,-4.5,-0.9,0
"03490",19810224,1981,2,24,-8.5,-2.2,0.8,0
"03490",19810225,1981,2,25,-3.8,-0.1,1,0
"03490",19810226,1981,2,26,-3.7,0.6,5.6,0
"03490",19810227,1981,2,27,-2.6,1.8,7.5,0
"03490",19810228,1981,2,28,-1.2,0.9,2.4,2
"03490",19810301,1981,3,1,0.7,4.8,7.5,1.5
"03490",19810302,1981,3,2,4.3,6.6,9.8,3.1
"03490",19810303,1981,3,3,4.5,6.3,8.1,1.7
"03490",19810304,1981,3,4,0.4,1.6,6.3,0.1
"03490",19810305,1981,3,5,0,1.4,3.8,0
"03490",19810306,1981,3,6,-0.5,5.8,8.5,0.2
"03490",19810307,1981,3,7,7,11,12.3,0.6
"03490",19810308,1981,3,8,10.8,13,14.8,0.8
"03490",19810309,1981,3,9,10.5,12.8,15.3,5.9
"03490",19810310,1981,3,10,9.7,13.4,15.1,2.4
"03490",19810311,1981,3,11,13.2,15.1,19.8,0.5
"03490",19810312,1981,3,12,9.7,10.6,13.3,1
"03490",19810313,1981,3,13,6.8,8.5,12.9,0.5
"03490",19810314,1981,3,14,4.2,6.2,10,1.9
"03490",19810315,1981,3,15,1,7.4,13.1,4.9
"03490",19810316,1981,3,16,1.6,3.1,7.4,6.9
"03490",19810317,1981,3,17,-2.1,-0.4,3.2,12
"03490",19810318,1981,3,18,-2.6,0.9,3.8,1.4
"03490",19810319,1981,3,19,1,3.8,5.8,0
"03490",19810320,1981,3,20,3,6.8,12.7,0
"03490",19810321,1981,3,21,4.3,11.3,16.4,0
"03490",19810322,1981,3,22,7.7,9.7,13.3,1.6
"03490",19810323,1981,3,23,0,11,14.1,3.5
"03490",19810324,1981,3,24,11.5,13.5,15.1,0.1
"03490",19810325,1981,3,25,12.8,18.5,21.7,4
"03490",19810326,1981,3,26,8.8,11.6,18.9,3.7
"03490",19810327,1981,3,27,3.7,7.9,17.1,0
"03490",19810328,1981,3,28,5,11.6,17.6,0
"03490",19810329,1981,3,29,7.2,10.6,18.8,0
"03490",19810330,1981,3,30,6.9,11.2,16.1,1.2
"03490",19810331,1981,3,31,7.1,10.4,14.2,0
"03490",19810401,1981,4,1,8.5,10.4,12.2,0
"03490",19810402,1981,4,2,8.3,9.3,10,0.3
"03490",19810403,1981,4,3,9.1,10,11.7,0
"03490",19810404,1981,4,4,6.3,7.2,10.2,0.8
"03490",19810405,1981,4,5,3.4,5.5,7.3,0
"03490",19810406,1981,4,6,5.3,8,12.6,0
"03490",19810407,1981,4,7,3.6,14.6,21.3,5.5
"03490",19810408,1981,4,8,10.9,13.9,18.1,3.4
"03490",19810409,1981,4,9,6.5,13.2,20.2,0
"03490",19810410,1981,4,10,4.1,14,22,0
"03490",19810411,1981,4,11,6,17.2,22.7,0
"03490",19810412,1981,4,12,11.8,16.2,21.4,14.2
"03490",19810413,1981,4,13,12.5,15,19.1,0
"03490",19810414,1981,4,14,9.8,14.7,23.6,0
"03490",19810415,1981,4,15,2.9,13.9,22.3,0
"03490",19810416,1981,4,16,6.6,11.7,17.7,0
"03490",19810417,1981,4,17,0.9,6.5,11.4,0
"03490",19810418,1981,4,18,-2.4,7.1,11.1,1.5
"03490",19810419,1981,4,19,3.9,5.1,8,3.7
"03490",19810420,1981,4,20,2.8,5,9.8,0
"03490",19810421,1981,4,21,-1.8,4.1,6.3,0
"03490",19810422,1981,4,22,2.5,4.5,7.3,0.3
"03490",19810423,1981,4,23,0.6,1.8,6,0.4
"03490",19810424,1981,4,24,-3.6,5.4,10.7,0
"03490",19810425,1981,4,25,2,10.3,15.2,0
"03490",19810426,1981,4,26,3,7.2,14,1.1
"03490",19810427,1981,4,27,3.2,6.2,8,19
"03490",19810428,1981,4,28,2.8,6.7,10.1,3.2
"03490",19810429,1981,4,29,5.8,10.2,12,3.7
"03490",19810430,1981,4,30,10.5,12,14.1,5.7
"03490",19810501,1981,5,1,6.5,7.3,11.5,1
"03490",19810502,1981,5,2,0.2,5.9,9.6,0
"03490",19810503,1981,5,3,-0.2,4.9,8,0
"03490",19810504,1981,5,4,2,7,12.5,2
"03490",19810505,1981,5,5,5,6.4,10,1.6
"03490",19810506,1981,5,6,1,11.5,15,4.5
"03490",19810507,1981,5,7,6,15.2,20.1,0
"03490",19810508,1981,5,8,13.2,15.8,20.5,0
"03490",19810509,1981,5,9,10.8,18.4,25.8,0
"03490",19810510,1981,5,10,10,19.4,29,0
"03490",19810511,1981,5,11,10,16.6,25.5,4.2
"03490",19810512,1981,5,12,8,13.4,20,3
"03490",19810513,1981,5,13,10.5,17.6,22,1.5
"03490",19810514,1981,5,14,12.1,13.8,17.4,3
"03490",19810515,1981,5,15,9,15.8,19,0
"03490",19810516,1981,5,16,8,14.6,21.5,2.2
"03490",19810517,1981,5,17,9,11.9,16.2,0
"03490",19810518,1981,5,18,6.8,15.5,21.7,0
"03490",19810519,1981,5,19,8.5,17.2,26.8,0
"03490",19810520,1981,5,20,10.2,19.7,29.5,3
"03490",19810521,1981,5,21,13.5,21.7,29.8,4.2
"03490",19810522,1981,5,22,12.9,15,20.6,2.6
"03490",19810523,1981,5,23,7.2,14.9,20.5,3
"03490",19810524,1981,5,24,12.8,14.3,17.6,0
"03490",19810525,1981,5,25,10.3,13.1,14.5,2.1
"03490",19810526,1981,5,26,10.1,14.2,18.7,0.7
"03490",19810527,1981,5,27,8.9,13.5,17.9,2.9
"03490",19810528,1981,5,28,10,14.5,18.4,5.7
"03490",19810529,1981,5,29,11.3,15.8,20.1,3.3
"03490",19810530,1981,5,30,10.5,18,23.6,11.9
"03490",19810531,1981,5,31,14.1,20.8,27.5,5
"03490",19810601,1981,6,1,14.8,22,26.3,0
"03490",19810602,1981,6,2,15,24.2,31.5,7.3
"03490",19810603,1981,6,3,13.5,15.9,24.2,0.7
"03490",19810604,1981,6,4,10.4,15,16.9,1.4
"03490",19810605,1981,6,5,8,17.4,23.2,0.9
"03490",19810606,1981,6,6,15,19.3,24.1,0.3
"03490",19810607,1981,6,7,13.2,20,25.3,3.5
"03490",19810608,1981,6,8,14.3,20,25.4,2.5
"03490",19810609,1981,6,9,17.2,18.6,22.5,2.9
"03490",19810610,1981,6,10,13.1,14.8,20.3,0
"03490",19810611,1981,6,11,8.5,20.2,26.4,1.2
"03490",19810612,1981,6,12,14.1,16.1,23.2,0
"03490",19810613,1981,6,13,8,15.7,21.6,0
"03490",19810614,1981,6,14,9.5,21,27.5,0
"03490",19810615,1981,6,15,14.2,22.8,30,0.5
"03490",19810616,1981,6,16,12.4,14.2,21.8,0
"03490",19810617,1981,6,17,10.5,11.6,14.5,6.6
"03490",19810618,1981,6,18,9,10.4,14.5,1.7
"03490",19810619,1981,6,19,10,10.8,15,3.6
"03490",19810620,1981,6,20,10,12.4,15,2.9
"03490",19810621,1981,6,21,9.5,11.7,14.2,5.9
"03490",19810622,1981,6,22,10.5,14.5,17.5,0
"03490",19810623,1981,6,23,9.8,16.6,22,0
"03490",19810624,1981,6,24,12.5,17,23.5,0
"03490",19810625,1981,6,25,12,15.8,22,2.8
"03490",19810626,1981,6,26,12,17.8,19,0.7
"03490",19810627,1981,6,27,11.5,14.8,21.2,5
"03490",19810628,1981,6,28,13,18.9,21.8,23
"03490",19810629,1981,6,29,10.6,11.3,18.6,17.5
"03490",19810630,1981,6,30,10.6,14.8,19.2,0
"03490",19810701,1981,7,1,12.2,18.4,19.4,0
"03490",19810702,1981,7,2,10,18.1,23,8.4
"03490",19810703,1981,7,3,13.1,14.6,19,0.8
"03490",19810704,1981,7,4,12,16.2,20.2,0
"03490",19810705,1981,7,5,12.2,19.8,24.3,4.5
"03490",19810706,1981,7,6,12.5,17.8,23.1,0
"03490",19810707,1981,7,7,11,18.9,24.1,0
"03490",19810708,1981,7,8,13.5,19.8,24.5,0
"03490",19810709,1981,7,9,15.1,22.8,31.2,0
"03490",19810710,1981,7,10,15.5,20.8,26,4.4
"03490",19810711,1981,7,11,16.3,19.4,23.7,0
"03490",19810712,1981,7,12,11.5,16.9,21,0.5
"03490",19810713,1981,7,13,13.1,17.7,22,0
"03490",19810714,1981,7,14,13.4,19,22.5,0
"03490",19810715,1981,7,15,12,17.3,21.3,6.4
"03490",19810716,1981,7,16,12.2,18.7,22.5,0.8
"03490",19810717,1981,7,17,13,14.4,21.5,0
"03490",19810718,1981,7,18,11.5,14.4,19.2,5.3
"03490",19810719,1981,7,19,10,14.2,17,0
"03490",19810720,1981,7,20,11.5,15.4,19.5,1.7
"03490",19810721,1981,7,21,12.5,16.2,19.6,22.4
"03490",19810722,1981,7,22,14.3,16.1,20.5,3.4
"03490",19810723,1981,7,23,12,13.7,19,0.5
"03490",19810724,1981,7,24,11,14.7,16.6,2
"03490",19810725,1981,7,25,10,13.1,17.5,0
"03490",19810726,1981,7,26,11.5,15.4,21.3,2
"03490",19810727,1981,7,27,12.3,15.4,20.5,0
"03490",19810728,1981,7,28,11.5,18.4,22,0
"03490",19810729,1981,7,29,12.6,18.2,26,0
"03490",19810730,1981,7,30,10.1,14.7,18.3,0
"03490",19810731,1981,7,31,12.1,19,22.8,0.4
"03490",19810801,1981,8,1,17.2,19.9,24.2,11.5
"03490",19810802,1981,8,2,16.1,16.9,20.4,0.5
"03490",19810803,1981,8,3,15.9,21.6,26.4,0
"03490",19810804,1981,8,4,14.9,22.1,28.1,0
"03490",19810805,1981,8,5,17.8,23.9,31.3,0
"03490",19810806,1981,8,6,16.5,22.7,32.4,0
"03490",19810807,1981,8,7,16.3,21.4,28.5,0
"03490",19810808,1981,8,8,15.9,20.8,25.1,2.8
"03490",19810809,1981,8,9,17.1,18.8,23.6,16.9
"03490",19810810,1981,8,10,14.7,16.3,17.7,38.5
"03490",19810811,1981,8,11,16,17.1,20.4,0
"03490",19810812,1981,8,12,15.5,18.7,23.8,0
"03490",19810813,1981,8,13,11.6,18.2,26.1,0
"03490",19810814,1981,8,14,16.2,20.6,27.6,0
"03490",19810815,1981,8,15,16.1,21.8,28.2,0
"03490",19810816,1981,8,16,15.7,18.2,23.8,0
"03490",19810817,1981,8,17,11.5,13.8,18.1,0
"03490",19810818,1981,8,18,5.4,15.4,19.9,0
"03490",19810819,1981,8,19,8.5,15.3,18.5,3.5
"03490",19810820,1981,8,20,11,11.6,16,8.8
"03490",19810821,1981,8,21,10.1,13.2,17.4,0
"03490",19810822,1981,8,22,8.5,13.3,18,0
"03490",19810823,1981,8,23,9.5,14.3,17.5,0.5
"03490",19810824,1981,8,24,12.5,15.2,17.6,0
"03490",19810825,1981,8,25,9.5,15.1,20,0
"03490",19810826,1981,8,26,13,17.7,23.5,0
"03490",19810827,1981,8,27,13.5,17,19.5,0
"03490",19810828,1981,8,28,14.5,16,19.7,0
"03490",19810829,1981,8,29,13.1,15.5,17.5,0
"03490",19810830,1981,8,30,13.2,15,19.5,0
"03490",19810831,1981,8,31,7.5,15.6,21,0
"03490",19810901,1981,9,1,9.5,14.7,20,0
"03490",19810902,1981,9,2,10.2,14.5,22,0
"03490",19810903,1981,9,3,9.5,13,21,0
"03490",19810904,1981,9,4,6.5,12.4,22.1,0
"03490",19810905,1981,9,5,7,14.4,23.2,0
"03490",19810906,1981,9,6,7.2,14.8,25,0
"03490",19810907,1981,9,7,6.5,15.4,25.5,2
"03490",19810908,1981,9,8,13,16.9,23.5,0.9
"03490",19810909,1981,9,9,13,17.5,23.5,0
"03490",19810910,1981,9,10,12.5,15.8,25,0
"03490",19810911,1981,9,11,10,16,24.8,1.1
"03490",19810912,1981,9,12,10.1,16.5,21.5,2.3
"03490",19810913,1981,9,13,10.2,13.6,19.5,1.6
"03490",19810914,1981,9,14,10,12.4,19,0
"03490",19810915,1981,9,15,9,13.3,16,3.6
"03490",19810916,1981,9,16,13.5,17.1,20.5,0
"03490",19810917,1981,9,17,12,15,22,0
"03490",19810918,1981,9,18,10,17.2,23.8,1.8
"03490",19810919,1981,9,19,13.5,16.4,20.5,0
"03490",19810920,1981,9,20,15,20.4,23,3.5
"03490",19810921,1981,9,21,14.5,17.4,23.5,7
"03490",19810922,1981,9,22,13,16.8,22,9.5
"03490",19810923,1981,9,23,9.9,12.5,19,1.2
"03490",19810924,1981,9,24,6.5,10.4,19.5,0
"03490",19810925,1981,9,25,4.9,11.6,18.4,0
"03490",19810926,1981,9,26,11.5,15.4,19.6,1
"03490",19810927,1981,9,27,10.2,12.2,18.3,0
"03490",19810928,1981,9,28,6.2,12,15.9,0.7
"03490",19810929,1981,9,29,7,10.2,18,0
"03490",19810930,1981,9,30,1.5,7.1,16.8,0
"03490",19811001,1981,10,1,3,11,17.5,1.5
"03490",19811002,1981,10,2,8,11.7,14.5,5.8
"03490",19811003,1981,10,3,7.5,8.7,12,5.2
"03490",19811004,1981,10,4,7.5,12.4,15,0
"03490",19811005,1981,10,5,8,12.9,18.5,1.5
"03490",19811006,1981,10,6,12,17,21,2.5
"03490",19811007,1981,10,7,11,13.2,18.5,0
"03490",19811008,1981,10,8,8,10.6,17.5,3
"03490",19811009,1981,10,9,6,11.8,21.5,6.6
"03490",19811010,1981,10,10,7.5,9.6,13,6.2
"03490",19811011,1981,10,11,7,9.4,12,4.3
"03490",19811012,1981,10,12,6.5,7.5,8.9,0.5
"03490",19811013,1981,10,13,4.5,7,9.5,0
"03490",19811014,1981,10,14,4,7.6,11,5.1
"03490",19811015,1981,10,15,5,6.1,7.8,9.5
"03490",19811016,1981,10,16,1.4,3.7,11,2
"03490",19811017,1981,10,17,1.4,6.3,7.8,8.4
"03490",19811018,1981,10,18,4,10.8,15.2,6.6
"03490",19811019,1981,10,19,5.5,9.8,12.5,4.1
"03490",19811020,1981,10,20,6.3,8.8,14.5,0
"03490",19811021,1981,10,21,3,6.2,9.2,0.8
"03490",19811022,1981,10,22,0,5.8,9.3,0
"03490",19811023,1981,10,23,2.5,4.4,5.5,0
"03490",19811024,1981,10,24,-2.5,4.1,7.3,0
"03490",19811025,1981,10,25,1.8,4.4,9.5,3.8
"03490",19811026,1981,10,26,1.8,6.2,8,1.3
"03490",19811027,1981,10,27,5,7.4,12.6,0
"03490",19811028,1981,10,28,4.1,9,11.7,0.5
"03490",19811029,1981,10,29,8.5,10.2,13.1,2.5
"03490",19811030,1981,10,30,8.5,10.6,13.7,2.8
"03490",19811031,1981,10,31,9.1,13.8,17,1.8
"03490",19811101,1981,11,1,5,12.6,16.5,0
"03490",19811102,1981,11,2,13,14.2,16,0
"03490",19811103,1981,11,3,8,11,16.1,0
"03490",19811104,1981,11,4,5.8,10.2,16.5,0.2
"03490",19811105,1981,11,5,7.1,8,11.5,0.2
"03490",19811106,1981,11,6,5.2,6.4,10,0
"03490",19811107,1981,11,7,-1,2.4,7.5,0
"03490",19811108,1981,11,8,-3.5,-0.5,5,0
"03490",19811109,1981,11,9,-2,-0.6,3.5,0
"03490",19811110,1981,11,10,-7.8,0.2,4,1
"03490",19811111,1981,11,11,1.5,3.8,5,5.7
"03490",19811112,1981,11,12,3.5,8.8,10.1,0.6
"03490",19811113,1981,11,13,7,8.2,9,16.5
"03490",19811114,1981,11,14,3,6.2,8,0
"03490",19811115,1981,11,15,-1.5,1,6.5,0
"03490",19811116,1981,11,16,-4,0.2,5,0
"03490",19811117,1981,11,17,-4,3.9,10,0
"03490",19811118,1981,11,18,4.8,9.2,12,0
"03490",19811119,1981,11,19,6.8,8.5,12.5,4.1
"03490",19811120,1981,11,20,7,14.9,17,0
"03490",19811121,1981,11,21,8,10.9,15.1,0.5
"03490",19811122,1981,11,22,11.8,12.8,15,0
"03490",19811123,1981,11,23,6.5,11.5,15.5,1.5
"03490",19811124,1981,11,24,3.5,4,12.5,1.3
"03490",19811125,1981,11,25,2.5,3.2,7,3.8
"03490",19811126,1981,11,26,2.5,6.4,8.5,2.1
"03490",19811127,1981,11,27,5.5,6.2,8,7.8
"03490",19811128,1981,11,28,2.8,4.2,7,4.2
"03490",19811129,1981,11,29,3,4.4,6,9.1
"03490",19811130,1981,11,30,1.5,4.6,7.7,15
"03490",19811201,1981,12,1,0.5,3.2,5.2,3.8
"03490",19811202,1981,12,2,1.8,3.2,6.1,0.2
"03490",19811203,1981,12,3,-2.5,0.6,3,3.7
"03490",19811204,1981,12,4,2,5.6,8,10.5
"03490",19811205,1981,12,5,2.7,3.1,4.5,1.2
"03490",19811206,1981,12,6,2.6,3.7,5,1.4
"03490",19811207,1981,12,7,2.5,3.5,5.5,4.2
"03490",19811208,1981,12,8,1.5,3.1,6.5,14.5
"03490",19811209,1981,12,9,-0.8,1.4,3,8
"03490",19811210,1981,12,10,-2,-0.4,3,0.5
"03490",19811211,1981,12,11,-3.1,0.6,2,4.2
"03490",19811212,1981,12,12,-4.1,-2.8,1.5,0
"03490",19811213,1981,12,13,-10.3,-5.2,-1.5,5
"03490",19811214,1981,12,14,-4,2.5,4.5,6.5
"03490",19811215,1981,12,15,-4.5,-2.6,3.2,2
"03490",19811216,1981,12,16,-9,-6.4,-3.5,0
"03490",19811217,1981,12,17,-12,-7.2,-5.5,4.1
"03490",19811218,1981,12,18,-7.6,-5.8,-3,9.3
"03490",19811219,1981,12,19,-9,-3.9,-2,1.5
"03490",19811220,1981,12,20,-13.2,-6.5,-1.8,0
"03490",19811221,1981,12,21,-5.1,-3.3,-2,0
"03490",19811222,1981,12,22,-2.9,0.4,3,2.3
"03490",19811223,1981,12,23,-2,-0.8,1.5,2.7
"03490",19811224,1981,12,24,-2.1,-0.9,-0.5,1.7
"03490",19811225,1981,12,25,-1.5,0.8,1.5,1.2
"03490",19811226,1981,12,26,-4.1,-1.3,2.8,0
"03490",19811227,1981,12,27,-8.1,-3.5,-2.5,0
"03490",19811228,1981,12,28,-2.6,0.1,0.3,5
"03490",19811229,1981,12,29,0,4,6,1
"03490",19811230,1981,12,30,2.5,3.5,5.5,3.2
"03490",19811231,1981,12,31,2.3,5.1,8.2,0
"03490",19820101,1982,1,1,2.4,5.9,8.5,0.5
"03490",19820102,1982,1,2,-0.3,6.1,9,5
"03490",19820103,1982,1,3,8,9,10.5,0
"03490",19820104,1982,1,4,7.2,10,11,0
"03490",19820105,1982,1,5,0,4.8,12,3
"03490",19820106,1982,1,6,-7.5,-5.5,0,0
"03490",19820107,1982,1,7,-7.5,-5.8,-3,0
"03490",19820108,1982,1,8,-7.8,-6.2,-5,0
"03490",19820109,1982,1,9,-7,-6.2,-4.5,3.5
"03490",19820110,1982,1,10,-12.5,-8.7,-5.5,6.3
"03490",19820111,1982,1,11,-9,-5.1,-4,13.8
"03490",19820112,1982,1,12,-15.5,-12.5,-4,0
"03490",19820113,1982,1,13,-19.5,-15.1,-7.5,0
"03490",19820114,1982,1,14,-18.5,-10.5,-4.5,0
"03490",19820115,1982,1,15,-13.5,-7.8,-2.3,0
"03490",19820116,1982,1,16,-8,-4.2,1,0
"03490",19820117,1982,1,17,-9.5,-5.6,2.5,0
"03490",19820118,1982,1,18,-11.3,-7.6,0,0
"03490",19820119,1982,1,19,-10.7,-7,1,0
"03490",19820120,1982,1,20,-10.9,-7.5,0,1
"03490",19820121,1982,1,21,-9.8,-2.5,0.5,1.5
"03490",19820122,1982,1,22,-4.5,-1.5,1.5,0
"03490",19820123,1982,1,23,-4,-1.9,1.8,0
"03490",19820124,1982,1,24,-5.4,-3.2,0.3,0
"03490",19820125,1982,1,25,-6.3,-0.8,1.6,0
"03490",19820126,1982,1,26,0.5,2.4,6,4
"03490",19820127,1982,1,27,-1,0.3,2.8,1.7
"03490",19820128,1982,1,28,-1.5,2,4,4
"03490",19820129,1982,1,29,2,2.9,4,9.1
"03490",19820130,1982,1,30,2,6.9,8.5,5.4
"03490",19820131,1982,1,31,3,4,6.5,0
"03490",19820201,1982,2,1,-5.5,-1.8,4.5,0
"03490",19820202,1982,2,2,-4.5,-0.8,4,0
"03490",19820203,1982,2,3,-5,-1.9,1.5,0
"03490",19820204,1982,2,4,-3.5,-1.2,4.2,0
"03490",19820205,1982,2,5,-5.5,-1.2,7.5,3.9
"03490",19820206,1982,2,6,-1.8,5.1,6.5,2.8
"03490",19820207,1982,2,7,4.2,7.1,9.9,5
"03490",19820208,1982,2,8,0,2.7,8,1.4
"03490",19820209,1982,2,9,-1,2.8,9.1,0
"03490",19820210,1982,2,10,-2.5,2,10,0
"03490",19820211,1982,2,11,-3,3.2,11.5,0
"03490",19820212,1982,2,12,2.5,6.5,11,0
"03490",19820213,1982,2,13,-1,4.9,12.5,4
"03490",19820214,1982,2,14,0.5,4.2,7,10.7
"03490",19820215,1982,2,15,1.5,3,7,0.6
"03490",19820216,1982,2,16,0,0.7,3,0
"03490",19820217,1982,2,17,-1.8,-0.5,2.5,0
"03490",19820218,1982,2,18,-1.8,0.9,2.5,0
"03490",19820219,1982,2,19,-2.4,-2.2,0.8,0
"03490",19820220,1982,2,20,-2.5,0,4.5,0
"03490",19820221,1982,2,21,-4.5,-1.9,6,0
"03490",19820222,1982,2,22,-4.5,0.2,6.2,0
"03490",19820223,1982,2,23,-3.2,-1.6,2.1,0.4
"03490",19820224,1982,2,24,-7.5,-2.4,3,0
"03490",19820225,1982,2,25,-8.2,-3,2.1,0
"03490",19820226,1982,2,26,-7.3,-2,5,0
"03490",19820227,1982,2,27,-7.5,2,9.5,0
"03490",19820228,1982,2,28,1.2,5.8,9,0
"03490",19820301,1982,3,1,7,9.2,14.5,1.3
"03490",19820302,1982,3,2,4.5,6,9.5,0.9
"03490",19820303,1982,3,3,5,8.1,12.5,3.5
"03490",19820304,1982,3,4,4,5.4,10,1.3
"03490",19820305,1982,3,5,0.5,2.9,8,0
"03490",19820306,1982,3,6,-3.5,-0.4,6.5,0
"03490",19820307,1982,3,7,-4,0.4,7,0
"03490",19820308,1982,3,8,0,2.6,8.5,0
"03490",19820309,1982,3,9,-3,5,8,0
"03490",19820310,1982,3,10,0,7.2,8.5,11
"03490",19820311,1982,3,11,2,4.1,8,0.5
"03490",19820312,1982,3,12,2.5,4.2,8.5,5
"03490",19820313,1982,3,13,1.8,3.4,5.5,0.3
"03490",19820314,1982,3,14,2,6.1,8,0
"03490",19820315,1982,3,15,0,9.6,13,1.3
"03490",19820316,1982,3,16,4,6.2,10.5,0.5
"03490",19820317,1982,3,17,4.5,5.5,8,7.6
"03490",19820318,1982,3,18,1,4,11,1
"03490",19820319,1982,3,19,0,2.5,9.5,5.8
"03490",19820320,1982,3,20,0.2,2.3,4,6
"03490",19820321,1982,3,21,1.5,2.8,4.3,0
"03490",19820322,1982,3,22,0.5,4.5,7,0
"03490",19820323,1982,3,23,2,4.5,9.5,0
"03490",19820324,1982,3,24,-1.8,3.9,13,0
"03490",19820325,1982,3,25,0,5.5,14,0
"03490",19820326,1982,3,26,-1,6.5,18,0
"03490",19820327,1982,3,27,1,8.5,19,0
"03490",19820328,1982,3,28,4,7.6,14,0
"03490",19820329,1982,3,29,1.5,5,11,2
"03490",19820330,1982,3,30,1.5,3.9,5.2,0
"03490",19820331,1982,3,31,2,4.6,10,0
"03490",19820401,1982,4,1,2,9.1,17.5,0
"03490",19820402,1982,4,2,2.5,11.2,19,4.5
"03490",19820403,1982,4,3,4,9.5,14,0
"03490",19820404,1982,4,4,2.8,9,17,0
"03490",19820405,1982,4,5,0,10.5,20,0
"03490",19820406,1982,4,6,7,11.6,18.8,1.5
"03490",19820407,1982,4,7,8,11.2,13.1,9
"03490",19820408,1982,4,8,1.5,4.2,12,6
"03490",19820409,1982,4,9,0,2.2,5.8,5.7
"03490",19820410,1982,4,10,0,3.9,6.8,1.1
"03490",19820411,1982,4,11,1,2.3,5.2,1.5
"03490",19820412,1982,4,12,0.5,3,3,3
"03490",19820413,1982,4,13,2,3.4,7,0.7
"03490",19820414,1982,4,14,-2.1,4,10,0
"03490",19820415,1982,4,15,-1.2,6.4,15,0
"03490",19820416,1982,4,16,1,8,17,0
"03490",19820417,1982,4,17,4,9,12,0
"03490",19820418,1982,4,18,3.5,8.8,13,0
"03490",19820419,1982,4,19,1,7.1,15,0
"03490",19820420,1982,4,20,2.5,9.8,16,0
"03490",19820421,1982,4,21,2.5,9.1,14,0
"03490",19820422,1982,4,22,4,10.2,14.5,0
"03490",19820423,1982,4,23,2,8.2,17.5,0
"03490",19820424,1982,4,24,3.5,6.5,10.5,0
"03490",19820425,1982,4,25,6,8.6,15,0
"03490",19820426,1982,4,26,6,8,12,1
"03490",19820427,1982,4,27,4.5,8.8,12.5,0
"03490",19820428,1982,4,28,6,8.9,12.5,0
"03490",19820429,1982,4,29,4.5,7.1,12,6.2
"03490",19820430,1982,4,30,1.5,5.8,10,2.5
"03490",19820501,1982,5,1,4,7.2,12,3.5
"03490",19820502,1982,5,2,2.5,5.8,10,0
"03490",19820503,1982,5,3,0,11.1,16.5,0
"03490",19820504,1982,5,4,5.5,11.4,15.5,7
"03490",19820505,1982,5,5,3,6,12,0
"03490",19820506,1982,5,6,1,8,15.5,5.4
"03490",19820507,1982,5,7,4.5,7.9,12.2,0
"03490",19820508,1982,5,8,4,8.4,13,0
"03490",19820509,1982,5,9,3,8.9,17,2.5
"03490",19820510,1982,5,10,6,10.2,12,3.5
"03490",19820511,1982,5,11,6.5,11.5,17,0
"03490",19820512,1982,5,12,4,10.1,20,0
"03490",19820513,1982,5,13,5.5,14.6,22.5,0
"03490",19820514,1982,5,14,6.5,16.5,25,0
"03490",19820515,1982,5,15,8,15.8,27,0
"03490",19820516,1982,5,16,7.5,21.1,29,0.3
"03490",19820517,1982,5,17,10.5,15.1,23,3
"03490",19820518,1982,5,18,11,16.1,22.2,32.5
"03490",19820519,1982,5,19,11,17,22,0
"03490",19820520,1982,5,20,9.5,16.3,21,11.6
"03490",19820521,1982,5,21,12,15.8,21,0.5
"03490",19820522,1982,5,22,11,16.5,19,4.5
"03490",19820523,1982,5,23,12,13.4,16,10.2
"03490",19820524,1982,5,24,9.5,15.4,20,0
"03490",19820525,1982,5,25,7.5,16.1,22,0
"03490",19820526,1982,5,26,9,18.9,26.5,0
"03490",19820527,1982,5,27,10,21.6,29,0
"03490",19820528,1982,5,28,11,14.6,23,0
"03490",19820529,1982,5,29,8,16.1,21.5,0
"03490",19820530,1982,5,30,7,19.5,24,0
"03490",19820531,1982,5,31,12.5,20.2,27,0
"03490",19820601,1982,6,1,14.5,21,30.5,0
"03490",19820602,1982,6,2,18,23,31,0
"03490",19820603,1982,6,3,14.5,21.9,31,1.6
"03490",19820604,1982,6,4,16.5,22.9,30,0
"03490",19820605,1982,6,5,16,21.1,30,6.3
"03490",19820606,1982,6,6,10,21.2,26.5,0
"03490",19820607,1982,6,7,15.5,20.2,28,1.5
"03490",19820608,1982,6,8,15,21.9,26,0
"03490",19820609,1982,6,9,14.5,18.6,24,0
"03490",19820610,1982,6,10,11,19.9,27,3
"03490",19820611,1982,6,11,11,16.5,23,9.5
"03490",19820612,1982,6,12,10,15.2,19,5.6
"03490",19820613,1982,6,13,10,10.7,16,2.5
"03490",19820614,1982,6,14,7.5,11.5,15,1
"03490",19820615,1982,6,15,9,12,16.5,2.5
"03490",19820616,1982,6,16,9.5,15.8,20,0
"03490",19820617,1982,6,17,10,14.9,20,0
"03490",19820618,1982,6,18,8,14.8,20.8,0
"03490",19820619,1982,6,19,11,16.2,19.5,0
"03490",19820620,1982,6,20,11,14.5,19,0
"03490",19820621,1982,6,21,10,17.6,22,0
"03490",19820622,1982,6,22,13,19.8,23.5,12.5
"03490",19820623,1982,6,23,12,16.4,21,4.1
"03490",19820624,1982,6,24,12.5,16,19,0
"03490",19820625,1982,6,25,13,19.9,24,1.5
"03490",19820626,1982,6,26,12.8,16.2,24,0
"03490",19820627,1982,6,27,10.5,15.5,20,5
"03490",19820628,1982,6,28,10.5,14.9,20,3
"03490",19820629,1982,6,29,10,14,19.8,1.3
"03490",19820630,1982,6,30,10.5,15.8,20.2,0
"03490",19820701,1982,7,1,12.5,15.2,20,0.5
"03490",19820702,1982,7,2,12,20.2,28.5,0
"03490",19820703,1982,7,3,15,18.6,27.5,25.6
"03490",19820704,1982,7,4,13,16.2,19,0
"03490",19820705,1982,7,5,9.5,16,21,0
"03490",19820706,1982,7,6,12.5,19,22.5,0
"03490",19820707,1982,7,7,11.5,14.6,24,0
"03490",19820708,1982,7,8,11.5,21.5,29,0
"03490",19820709,1982,7,9,12.5,24.2,33,0
"03490",19820710,1982,7,10,18,22.2,26.5,0
"03490",19820711,1982,7,11,14.5,22.1,30,0
"03490",19820712,1982,7,12,16.5,22.4,30,0
"03490",19820713,1982,7,13,15,23.5,30.5,0
"03490",19820714,1982,7,14,15,21.8,33,2
"03490",19820715,1982,7,15,17.5,23.5,29,1.2
"03490",19820716,1982,7,16,13.5,20.2,27,0
"03490",19820717,1982,7,17,15,18.8,23.5,0
"03490",19820718,1982,7,18,11,21.5,30,0
"03490",19820719,1982,7,19,18,20.4,25,0
"03490",19820720,1982,7,20,12.5,21.2,28,0
"03490",19820721,1982,7,21,15.9,20.6,26,13
"03490",19820722,1982,7,22,14.5,16.2,19.5,0
"03490",19820723,1982,7,23,14,18.2,20.5,0
"03490",19820724,1982,7,24,14,18.5,21,0
"03490",19820725,1982,7,25,15,15.8,18,0
"03490",19820726,1982,7,26,14.5,16.6,20,0.8
"03490",19820727,1982,7,27,12,14.5,18,0
"03490",19820728,1982,7,28,10,14.4,18,9.5
"03490",19820729,1982,7,29,13,19.1,26,0
"03490",19820730,1982,7,30,13.5,19.5,26.5,0.3
"03490",19820731,1982,7,31,15,19.8,25.5,0.8
"03490",19820801,1982,8,1,16,18.5,24,0
"03490",19820802,1982,8,2,14.5,22.4,29,0
"03490",19820803,1982,8,3,17,22.2,28,0
"03490",19820804,1982,8,4,19,22.5,27,11.5
"03490",19820805,1982,8,5,16,18.1,22,10.1
"03490",19820806,1982,8,6,12,17.9,25,0
"03490",19820807,1982,8,7,15,18.6,23,21.5
"03490",19820808,1982,8,8,17,17.5,21,0
"03490",19820809,1982,8,9,14,17.5,21.5,1
"03490",19820810,1982,8,10,12.5,15.4,21,2.1
"03490",19820811,1982,8,11,12,18.9,26,0
"03490",19820812,1982,8,12,12.5,22,30,0
"03490",19820813,1982,8,13,13,18,22,1
"03490",19820814,1982,8,14,14,17.5,23,0
"03490",19820815,1982,8,15,14,19,25.5,0
"03490",19820816,1982,8,16,12,18.5,26.5,0
"03490",19820817,1982,8,17,15,18.1,23.5,0.2
"03490",19820818,1982,8,18,11,21.2,26,9.7
"03490",19820819,1982,8,19,11,15.4,22.5,0
"03490",19820820,1982,8,20,11,13.9,19,0
"03490",19820821,1982,8,21,13,14.8,18,0.2
"03490",19820822,1982,8,22,9,16.5,20,0
"03490",19820823,1982,8,23,13,16.2,23,0
"03490",19820824,1982,8,24,11,17,20.5,2
"03490",19820825,1982,8,25,13,15.8,22,0
"03490",19820826,1982,8,26,10,19.6,27,9.8
"03490",19820827,1982,8,27,10,13.8,21,0
"03490",19820828,1982,8,28,8,13.5,21.5,0
"03490",19820829,1982,8,29,7,13.2,23,0
"03490",19820830,1982,8,30,9,18.2,25,0
"03490",19820831,1982,8,31,9.5,13.4,19,0
"03490",19820901,1982,9,1,13,16.6,20.2,0
"03490",19820902,1982,9,2,12,15.5,21,0
"03490",19820903,1982,9,3,7,14,23,0
"03490",19820904,1982,9,4,6,16.4,26.5,0
"03490",19820905,1982,9,5,9,19.3,30,9.7
"03490",19820906,1982,9,6,16,17.6,22,3
"03490",19820907,1982,9,7,9.5,15.2,21,0
"03490",19820908,1982,9,8,10,15.4,22,0
"03490",19820909,1982,9,9,10,15.5,23,0
"03490",19820910,1982,9,10,10,17.5,26,0
"03490",19820911,1982,9,11,13,17.4,20.2,0
"03490",19820912,1982,9,12,12.5,18,25.5,0
"03490",19820913,1982,9,13,13,15.2,19,0
"03490",19820914,1982,9,14,12,17.2,25,0
"03490",19820915,1982,9,15,11,19,29,0
"03490",19820916,1982,9,16,14,19,27,0
"03490",19820917,1982,9,17,13.5,18,28,0
"03490",19820918,1982,9,18,9.5,17.5,28,0
"03490",19820919,1982,9,19,10,16.5,27.5,0
"03490",19820920,1982,9,20,13,18,26.5,8.5
"03490",19820921,1982,9,21,9.5,15.9,22,6.1
"03490",19820922,1982,9,22,9,13.4,17,0
"03490",19820923,1982,9,23,9,13.2,16.5,0
"03490",19820924,1982,9,24,9.5,13,20,0
"03490",19820925,1982,9,25,10,14.5,22.5,2
"03490",19820926,1982,9,26,13.5,14.2,19,0.4
"03490",19820927,1982,9,27,9,15.5,19,0
"03490",19820928,1982,9,28,7.5,12.1,20.5,0
"03490",19820929,1982,9,29,5,12.5,21.5,10
"03490",19820930,1982,9,30,11,12.9,21,5.6
"03490",19821001,1982,10,1,10,12.2,16,0
"03490",19821002,1982,10,2,9,12.2,18,0
"03490",19821003,1982,10,3,11,14.2,17,0
"03490",19821004,1982,10,4,11.5,15,20,1.5
"03490",19821005,1982,10,5,9,10.6,14.5,0
"03490",19821006,1982,10,6,7,11.1,14,21
"03490",19821007,1982,10,7,10,11,12.5,45.5
"03490",19821008,1982,10,8,10,10.6,12,3.8
"03490",19821009,1982,10,9,9.5,11,14.5,0
"03490",19821010,1982,10,10,8,10.8,14,0
"03490",19821011,1982,10,11,8,10.5,13,3
"03490",19821012,1982,10,12,9,9.9,13,0
"03490",19821013,1982,10,13,9,11.2,13,6
"03490",19821014,1982,10,14,9.5,11.2,12,7.5
"03490",19821015,1982,10,15,8,9,12,0
"03490",19821016,1982,10,16,2.5,7.9,11.5,2
"03490",19821017,1982,10,17,7.5,11.5,16,1
"03490",19821018,1982,10,18,7,11.9,16,0
"03490",19821019,1982,10,19,6,9.2,17,0
"03490",19821020,1982,10,20,5,12.2,16,0
"03490",19821021,1982,10,21,4,9.5,19,0
"03490",19821022,1982,10,22,7,10.9,17,0
"03490",19821023,1982,10,23,8.5,11.2,12.5,45.5
"03490",19821024,1982,10,24,4,7.8,12,0
"03490",19821025,1982,10,25,2,7.1,13,0
"03490",19821026,1982,10,26,5.5,12,16,0
"03490",19821027,1982,10,27,9,12,14,0
"03490",19821028,1982,10,28,7,9.8,16,0
"03490",19821029,1982,10,29,7,9.2,11,0
"03490",19821030,1982,10,30,7,7.5,8.5,0
"03490",19821031,1982,10,31,4,8.8,12,0
"03490",19821101,1982,11,1,8,10.6,14.5,0
"03490",19821102,1982,11,2,5,10.5,17,0
"03490",19821103,1982,11,3,8,9.9,11.5,0
"03490",19821104,1982,11,4,8.5,9.4,10.5,0
"03490",19821105,1982,11,5,7.5,8.2,10,0
"03490",19821106,1982,11,6,2,4.5,7.8,0
"03490",19821107,1982,11,7,1,5.5,7,0.5
"03490",19821108,1982,11,8,6,12.4,16,2
"03490",19821109,1982,11,9,7.5,12.2,14.8,0
"03490",19821110,1982,11,10,8,11.1,13,0
"03490",19821111,1982,11,11,6,11.9,17,0
"03490",19821112,1982,11,12,9,10,14,0
"03490",19821113,1982,11,13,4,7.2,9.5,2.2
"03490",19821114,1982,11,14,3,6.5,8,0
"03490",19821115,1982,11,15,0.5,1.9,6,1.5
"03490",19821116,1982,11,16,-2,1.2,4,9
"03490",19821117,1982,11,17,1,6,8,3.5
"03490",19821118,1982,11,18,5,11.2,13,1.5
"03490",19821119,1982,11,19,6,8.6,12.2,0
"03490",19821120,1982,11,20,6,8,11.1,0
"03490",19821121,1982,11,21,1.1,6.9,10.5,0
"03490",19821122,1982,11,22,3,7,8,6.4
"03490",19821123,1982,11,23,7,14.1,15,0
"03490",19821124,1982,11,24,8.1,10.5,15,0
"03490",19821125,1982,11,25,6.9,8.8,10.8,1.5
"03490",19821126,1982,11,26,4.1,5.8,9,1.5
"03490",19821127,1982,11,27,4.3,5,6.5,5.9
"03490",19821128,1982,11,28,1.5,3,6,0
"03490",19821129,1982,11,29,1.4,2.8,5,0
"03490",19821130,1982,11,30,-2,1.9,4,0
"03490",19821201,1982,12,1,-2.5,0.5,4,0
"03490",19821202,1982,12,2,0,2.1,3.1,0
"03490",19821203,1982,12,3,1.5,2.8,3,0
"03490",19821204,1982,12,4,2,2.5,3,0
"03490",19821205,1982,12,5,-3,0.5,5,2.8
"03490",19821206,1982,12,6,0,5.8,6,4
"03490",19821207,1982,12,7,4.5,6.8,8.5,3.3
"03490",19821208,1982,12,8,6.5,8.8,14,0.5
"03490",19821209,1982,12,9,6.5,9.5,11.5,16
"03490",19821210,1982,12,10,5,7.9,13,4
"03490",19821211,1982,12,11,3.5,5,6,3.2
"03490",19821212,1982,12,12,2,2.4,5.2,3.7
"03490",19821213,1982,12,13,2,2.5,5,0
"03490",19821214,1982,12,14,-0.1,1.2,2.1,0
"03490",19821215,1982,12,15,1.5,10.1,14,2
"03490",19821216,1982,12,16,4,6.1,14,1
"03490",19821217,1982,12,17,0.5,2.2,5,5
"03490",19821218,1982,12,18,0,1.1,4,0
"03490",19821219,1982,12,19,-1.3,2.2,5,4.5
"03490",19821220,1982,12,20,4,6.1,8,0
"03490",19821221,1982,12,21,5,5.6,6.4,5.5
"03490",19821222,1982,12,22,1.5,2.8,6,10
"03490",19821223,1982,12,23,0.5,1,1.5,0
"03490",19821224,1982,12,24,-4,0.2,2.1,1.5
"03490",19821225,1982,12,25,1,2.6,3,0.5
"03490",19821226,1982,12,26,2.5,6,7,0
"03490",19821227,1982,12,27,5,7.9,9,0
"03490",19821228,1982,12,28,4,5.2,7.1,1.5
"03490",19821229,1982,12,29,-2,1,5.5,0
"03490",19821230,1982,12,30,-3,-0.2,5,0.3
"03490",19821231,1982,12,31,-5.6,-3,0.8,0
"03490",19830101,1983,1,1,-3.5,-0.2,1,2.8
"03490",19830102,1983,1,2,-2,1,4.5,1
"03490",19830103,1983,1,3,-1,9.4,12,0
"03490",19830104,1983,1,4,5,9.9,13,0.5
"03490",19830105,1983,1,5,5,12.2,14,0
"03490",19830106,1983,1,6,8,10.5,14,3.5
"03490",19830107,1983,1,7,3.5,5.9,10,1
"03490",19830108,1983,1,8,1,3.8,7,5
"03490",19830109,1983,1,9,1.5,6.8,8,2.5
"03490",19830110,1983,1,10,5.5,7.8,9.5,0
"03490",19830111,1983,1,11,7,7.4,9,0
"03490",19830112,1983,1,12,0,3.2,7,0
"03490",19830113,1983,1,13,-2,4,7,2.8
"03490",19830114,1983,1,14,0.5,2.9,5,6
"03490",19830115,1983,1,15,4,6.5,8,19.8
"03490",19830116,1983,1,16,7,8,8.5,0
"03490",19830117,1983,1,17,6.5,7.9,9,0
"03490",19830118,1983,1,18,3,4.8,8,1.8
"03490",19830119,1983,1,19,1,2,3.5,0
"03490",19830120,1983,1,20,1,2.8,4.5,0
"03490",19830121,1983,1,21,3,4.8,5.5,0
"03490",19830122,1983,1,22,3,4.1,6,0
"03490",19830123,1983,1,23,-3,-0.8,6,0
"03490",19830124,1983,1,24,-6.5,-0.1,1,0
"03490",19830125,1983,1,25,-4,3.4,7,3.8
"03490",19830126,1983,1,26,5.5,8.5,10.5,0.7
"03490",19830127,1983,1,27,9,10.9,12,0
"03490",19830128,1983,1,28,8,9.1,11,0
"03490",19830129,1983,1,29,6,8.2,10,0
"03490",19830130,1983,1,30,0,3.6,8,5.7
"03490",19830131,1983,1,31,0,7,9.5,1.2
"03490",19830201,1983,2,1,3,5.8,11,2.5
"03490",19830202,1983,2,2,1,2.4,5,0
"03490",19830203,1983,2,3,0,2,5.5,0
"03490",19830204,1983,2,4,-4,-1.5,4.5,0.3
"03490",19830205,1983,2,5,-4,1.2,3,5.4
"03490",19830206,1983,2,6,-1,0.8,4,8.1
"03490",19830207,1983,2,7,-1,1.4,2,4
"03490",19830208,1983,2,8,-1,-0.6,1.5,2
"03490",19830209,1983,2,9,-2.5,-1.9,-1,1
"03490",19830210,1983,2,10,-2,-1.8,-1,4
"03490",19830211,1983,2,11,-3,-1.6,-1,1.9
"03490",19830212,1983,2,12,-3,-2,0,0
"03490",19830213,1983,2,13,-5,-3.1,1,0
"03490",19830214,1983,2,14,-5,-4,-1.5,0
"03490",19830215,1983,2,15,-8,-5.5,-0.5,0
"03490",19830216,1983,2,16,-10.5,-6.4,0,0
"03490",19830217,1983,2,17,-9,-4,2,0
"03490",19830218,1983,2,18,-8,-2.8,3,0
"03490",19830219,1983,2,19,-7,-3.5,1,0
"03490",19830220,1983,2,20,-4,0,1,0
"03490",19830221,1983,2,21,-6,-3,3,0
"03490",19830222,1983,2,22,-10.5,-4.2,1.5,0
"03490",19830223,1983,2,23,-5.5,-0.9,3.5,0
"03490",19830224,1983,2,24,-3,1,8,0
"03490",19830225,1983,2,25,0,4,6.5,2.7
"03490",19830226,1983,2,26,2,8.5,12,1
"03490",19830227,1983,2,27,0.5,7.5,10,2
"03490",19830228,1983,2,28,3,5,8,4
"03490",19830301,1983,3,1,-2,0,4.5,0.1
"03490",19830302,1983,3,2,-5,-2.8,-1,0
"03490",19830303,1983,3,3,-3.2,-0.9,5.5,0
"03490",19830304,1983,3,4,-4,1.8,9,0.1
"03490",19830305,1983,3,5,1,6.5,10.5,0
"03490",19830306,1983,3,6,1.5,7.6,10,0
"03490",19830307,1983,3,7,7,7.8,9,0
"03490",19830308,1983,3,8,2,6.8,12,0
"03490",19830309,1983,3,9,-1,5.5,12,0
"03490",19830310,1983,3,10,4,7,8,0
"03490",19830311,1983,3,11,1.5,4.8,9,0
"03490",19830312,1983,3,12,-3.4,0.9,9,0
"03490",19830313,1983,3,13,-3.2,4.2,14.2,0.3
"03490",19830314,1983,3,14,5,10.5,15,10.2
"03490",19830315,1983,3,15,6,7.5,10,0
"03490",19830316,1983,3,16,1,4.1,9.2,0
"03490",19830317,1983,3,17,-1,8,11,0
"03490",19830318,1983,3,18,9.8,11.6,14,0
"03490",19830319,1983,3,19,8.5,9.8,12,0.5
"03490",19830320,1983,3,20,6,9.5,11,5.2
"03490",19830321,1983,3,21,3,7.5,11,6.4
"03490",19830322,1983,3,22,1,6.8,9,5.4
"03490",19830323,1983,3,23,1,8,10,3.7
"03490",19830324,1983,3,24,2.5,5,10,14.1
"03490",19830325,1983,3,25,1,3.2,6.2,13.5
"03490",19830326,1983,3,26,0.2,2,6,3.9
"03490",19830327,1983,3,27,-0.2,3.2,5,3.5
"03490",19830328,1983,3,28,1,3.2,7,3.1
"03490",19830329,1983,3,29,2,5.4,8,3.5
"03490",19830330,1983,3,30,5,6.8,7.5,1
"03490",19830331,1983,3,31,4.8,7.2,11,0
"03490",19830401,1983,4,1,3,8.8,14.5,3
"03490",19830402,1983,4,2,5,6,9.5,3.6
"03490",19830403,1983,4,3,0.5,3.6,7.5,0
"03490",19830404,1983,4,4,-1,3.6,8,0
"03490",19830405,1983,4,5,2.3,5.8,9.5,5.2
"03490",19830406,1983,4,6,4,6.1,9.5,4.7
"03490",19830407,1983,4,7,3,5.5,11,1.5
"03490",19830408,1983,4,8,1.5,7,12,11.2
"03490",19830409,1983,4,9,6,7.6,10.3,1
"03490",19830410,1983,4,10,5,13.1,16.2,0.3
"03490",19830411,1983,4,11,6,6.5,15.2,7.3
"03490",19830412,1983,4,12,2,3.8,8,13.5
"03490",19830413,1983,4,13,2,4.1,8,1.8
"03490",19830414,1983,4,14,3.5,6.4,9,0.3
"03490",19830415,1983,4,15,6,8.4,12.5,0
"03490",19830416,1983,4,16,1.5,11.5,19.5,0
"03490",19830417,1983,4,17,7.6,13.4,19.5,0
"03490",19830418,1983,4,18,8,13.8,22,0
"03490",19830419,1983,4,19,7,11,16,0
"03490",19830420,1983,4,20,5.3,12.6,17.2,0
"03490",19830421,1983,4,21,8.5,12.2,19,4.7
"03490",19830422,1983,4,22,8,12,18,0
"03490",19830423,1983,4,23,6,13.2,19.2,0
"03490",19830424,1983,4,24,5.5,9.2,15,0
"03490",19830425,1983,4,25,5,11.8,17.2,0
"03490",19830426,1983,4,26,6.5,12.1,18,0
"03490",19830427,1983,4,27,11,13,17,0
"03490",19830428,1983,4,28,5,12.3,18,1.2
"03490",19830429,1983,4,29,8,11,17,0
"03490",19830430,1983,4,30,5,12.6,20.8,0
"03490",19830501,1983,5,1,10,13.5,17.5,1
"03490",19830502,1983,5,2,7,8.8,15,6.8
"03490",19830503,1983,5,3,6,10.5,13,0.9
"03490",19830504,1983,5,4,8,10.8,14,0
"03490",19830505,1983,5,5,7.5,11.5,19,0
"03490",19830506,1983,5,6,5,15.6,20.5,2.5
"03490",19830507,1983,5,7,11,12,16.5,10.5
"03490",19830508,1983,5,8,9.8,12.1,16,0
"03490",19830509,1983,5,9,10,12.4,18,3.1
"03490",19830510,1983,5,10,5.5,8.8,12,3
"03490",19830511,1983,5,11,5,9,13,8.3
"03490",19830512,1983,5,12,7,10.8,16,1
"03490",19830513,1983,5,13,6.8,9.5,16,0
"03490",19830514,1983,5,14,4.5,12.8,19,1.5
"03490",19830515,1983,5,15,9,15.3,20.2,0
"03490",19830516,1983,5,16,11,12.9,16,3
"03490",19830517,1983,5,17,8.8,10.1,13.2,4.8
"03490",19830518,1983,5,18,9,12,17,0.3
"03490",19830519,1983,5,19,8.2,11.5,17,1.2
"03490",19830520,1983,5,20,6.5,14,21,5
"03490",19830521,1983,5,21,9,11.5,14,4
"03490",19830522,1983,5,22,5,11.8,16,0
"03490",19830523,1983,5,23,10,12.2,16,12.8
"03490",19830524,1983,5,24,9.5,10.1,11,9
"03490",19830525,1983,5,25,9.5,9.8,10.2,26.5
"03490",19830526,1983,5,26,8.8,9,9.8,12.6
"03490",19830527,1983,5,27,8,9,10.4,5.3
"03490",19830528,1983,5,28,4,9.9,12.2,0
"03490",19830529,1983,5,29,8,11.3,14.2,0
"03490",19830530,1983,5,30,9.8,12,16.5,0
"03490",19830531,1983,5,31,5.2,17.2,24.8,0
"03490",19830601,1983,6,1,15.9,19.2,24.2,0
"03490",19830602,1983,6,2,9.8,16.9,21,0
"03490",19830603,1983,6,3,7.5,15,21.2,0
"03490",19830604,1983,6,4,9,20.1,28.8,0
"03490",19830605,1983,6,5,12.2,15.6,20,1.4
"03490",19830606,1983,6,6,11,15.8,22.5,0
"03490",19830607,1983,6,7,7.8,16.6,27,0
"03490",19830608,1983,6,8,9,23.1,30,3.3
"03490",19830609,1983,6,9,16.8,18.6,23,0
"03490",19830610,1983,6,10,13,15.8,21,0
"03490",19830611,1983,6,11,10,14.9,24,0
"03490",19830612,1983,6,12,10,17.5,24.8,0
"03490",19830613,1983,6,13,12,14.2,18,0
"03490",19830614,1983,6,14,10.5,15.7,19,0
"03490",19830615,1983,6,15,8,12.2,15,0
"03490",19830616,1983,6,16,7.5,11.2,15,0
"03490",19830617,1983,6,17,6,13.8,16,5.5
"03490",19830618,1983,6,18,9.8,13.9,18.5,0
"03490",19830619,1983,6,19,11.9,18,24.5,0
"03490",19830620,1983,6,20,11,19.8,25,0
"03490",19830621,1983,6,21,14.5,21.4,29,0
"03490",19830622,1983,6,22,16,20.1,26,0
"03490",19830623,1983,6,23,15,23.2,30.8,0
"03490",19830624,1983,6,24,15.8,19.9,29.2,4.3
"03490",19830625,1983,6,25,15,21,27,8.2
"03490",19830626,1983,6,26,15,18.6,24,9
"03490",19830627,1983,6,27,14,15.6,20,0
"03490",19830628,1983,6,28,10.8,13.7,19,0
"03490",19830629,1983,6,29,11.3,17.8,20,1
"03490",19830630,1983,6,30,14.5,16.5,20,9.8
"03490",19830701,1983,7,1,11,14,18,0
"03490",19830702,1983,7,2,8,17.8,25,0
"03490",19830703,1983,7,3,13,19.5,25.3,0
"03490",19830704,1983,7,4,14,19.8,26.5,0
"03490",19830705,1983,7,5,13,21.1,29,0
"03490",19830706,1983,7,6,16,21.4,28,0
"03490",19830707,1983,7,7,16.5,21.8,25.5,0
"03490",19830708,1983,7,8,17,21.3,27,28
"03490",19830709,1983,7,9,17,22.8,26.8,0
"03490",19830710,1983,7,10,15.8,22.9,30.5,0
"03490",19830711,1983,7,11,17,24.5,31.9,0
"03490",19830712,1983,7,12,17,25.2,31,0
"03490",19830713,1983,7,13,17.1,21,25,0
"03490",19830714,1983,7,14,13.5,15.7,21,0
"03490",19830715,1983,7,15,11,21.4,29,10.3
"03490",19830716,1983,7,16,16.8,21,30,21
"03490",19830717,1983,7,17,18.5,24.2,35,4
"03490",19830718,1983,7,18,18,19.5,26,11.5
"03490",19830719,1983,7,19,16.2,20.2,24,2
"03490",19830720,1983,7,20,14.8,16.8,20,0
"03490",19830721,1983,7,21,9,15.8,21,0
"03490",19830722,1983,7,22,9.5,20.9,29,0
"03490",19830723,1983,7,23,14.5,24.5,32,0
"03490",19830724,1983,7,24,16.8,20.3,25.5,4
"03490",19830725,1983,7,25,15.5,22,29,0
"03490",19830726,1983,7,26,16,24.5,34.8,0
"03490",19830727,1983,7,27,19.5,24.4,29,0
"03490",19830728,1983,7,28,19,22.5,28.5,0
"03490",19830729,1983,7,29,17,21.1,26,0
"03490",19830730,1983,7,30,15.8,22,29,0
"03490",19830731,1983,7,31,14.8,24,29.5,0
"03490",19830801,1983,8,1,18,21.5,27.2,0
"03490",19830802,1983,8,2,11,15.2,22,0
"03490",19830803,1983,8,3,11,16.8,21,0
"03490",19830804,1983,8,4,12.8,15.5,20,0
"03490",19830805,1983,8,5,14,15.5,17,5.3
"03490",19830806,1983,8,6,13,14.4,15,7.9
"03490",19830807,1983,8,7,14.2,16.5,22,0
"03490",19830808,1983,8,8,11,15.6,26,0
"03490",19830809,1983,8,9,12,20.2,29,0
"03490",19830810,1983,8,10,14,21.1,30,0
"03490",19830811,1983,8,11,14,20.6,26,0
"03490",19830812,1983,8,12,14,20.8,26,0
"03490",19830813,1983,8,13,14,16.2,20,0
"03490",19830814,1983,8,14,13,16.2,19,0
"03490",19830815,1983,8,15,11,19.5,29.5,0
"03490",19830816,1983,8,16,15.5,20.1,28.5,0
"03490",19830817,1983,8,17,12,20.8,28,0
"03490",19830818,1983,8,18,16.8,26.5,30,0
"03490",19830819,1983,8,19,14.8,22.4,32.8,0
"03490",19830820,1983,8,20,16,23.4,33,2
"03490",19830821,1983,8,21,17,20.8,28,0
"03490",19830822,1983,8,22,15,21.4,28,0
"03490",19830823,1983,8,23,15.3,21,29,12
"03490",19830824,1983,8,24,16.9,21.4,27.8,0
"03490",19830825,1983,8,25,16.5,21,29.5,0
"03490",19830826,1983,8,26,14.8,22,29,0
"03490",19830827,1983,8,27,15,21.1,27.3,0
"03490",19830828,1983,8,28,13.5,18.2,24,0
"03490",19830829,1983,8,29,15,19.5,25,0
"03490",19830830,1983,8,30,11.2,18.6,28.3,0
"03490",19830831,1983,8,31,11.8,17,30,0
"03490",19830901,1983,9,1,13,20.2,22,0
"03490",19830902,1983,9,2,16.3,20,24,0
"03490",19830903,1983,9,3,14,15.1,20,1
"03490",19830904,1983,9,4,13,16.9,19,0
"03490",19830905,1983,9,5,14,17.4,24.2,0
"03490",19830906,1983,9,6,8,14.5,20,0
"03490",19830907,1983,9,7,8,12.5,19,0
"03490",19830908,1983,9,8,6,15.8,22,3.5
"03490",19830909,1983,9,9,14.8,18.1,23,1.5
"03490",19830910,1983,9,10,13.5,15.5,18,4
"03490",19830911,1983,9,11,11,12.6,14,0
"03490",19830912,1983,9,12,12,13.1,16,0
"03490",19830913,1983,9,13,11,14.2,15.2,0
"03490",19830914,1983,9,14,13.8,15.6,19,3.3
"03490",19830915,1983,9,15,11,18.8,23,0
"03490",19830916,1983,9,16,11.5,14.4,19,4
"03490",19830917,1983,9,17,10,13.2,18,6
"03490",19830918,1983,9,18,11,15.8,17.8,0
"03490",19830919,1983,9,19,13,15.9,20,0
"03490",19830920,1983,9,20,8,11.5,19,0
"03490",19830921,1983,9,21,7,14.8,18.5,4.4
"03490",19830922,1983,9,22,8.5,12.5,19,0
"03490",19830923,1983,9,23,5,12.2,22,0
"03490",19830924,1983,9,24,7,20.5,30,4.2
"03490",19830925,1983,9,25,8,11.2,21,0
"03490",19830926,1983,9,26,5,11.6,22,0
"03490",19830927,1983,9,27,6,15.2,26.8,0
"03490",19830928,1983,9,28,8.8,15.8,26,0
"03490",19830929,1983,9,29,9,16,26,0
"03490",19830930,1983,9,30,11.5,13.2,16.5,0
"03490",19831001,1983,10,1,10.5,13.2,17,1
"03490",19831002,1983,10,2,10,14,18.5,2.3
"03490",19831003,1983,10,3,13,17.1,23.2,0
"03490",19831004,1983,10,4,12,21.5,28,0
"03490",19831005,1983,10,5,13,18,23,0
"03490",19831006,1983,10,6,11.5,14,17,0
"03490",19831007,1983,10,7,7.4,12.6,15,0
"03490",19831008,1983,10,8,11.8,12.4,14.9,5.5
"03490",19831009,1983,10,9,10.5,11.6,14,0.3
"03490",19831010,1983,10,10,11,14.5,16,1
"03490",19831011,1983,10,11,8,11,14.5,2.7
"03490",19831012,1983,10,12,5,9.9,14.8,0
"03490",19831013,1983,10,13,3,13.7,23,0
"03490",19831014,1983,10,14,8,12,18,0.5
"03490",19831015,1983,10,15,8,14.8,15.8,0
"03490",19831016,1983,10,16,9,11.2,15.5,0
"03490",19831017,1983,10,17,7,9.6,12,0
"03490",19831018,1983,10,18,7.2,12.5,14,0
"03490",19831019,1983,10,19,5.5,11,17,3.8
"03490",19831020,1983,10,20,6,9.3,11.5,0
"03490",19831021,1983,10,21,3,5.2,10.8,0
"03490",19831022,1983,10,22,0,4.5,12,0
"03490",19831023,1983,10,23,-3.8,2.5,12,0
"03490",19831024,1983,10,24,-1,6.2,12,0
"03490",19831025,1983,10,25,1.5,7.3,12,0
"03490",19831026,1983,10,26,7,10,16.5,0
"03490",19831027,1983,10,27,2,10,17,0
"03490",19831028,1983,10,28,0,6.2,12,0.3
"03490",19831029,1983,10,29,0,3.4,8.5,0
"03490",19831030,1983,10,30,-2,0.4,5,0
"03490",19831031,1983,10,31,-1,9.8,12,0
"03490",19831101,1983,11,1,7.5,11.8,14,0.2
"03490",19831102,1983,11,2,7,13.8,15,0
"03490",19831103,1983,11,3,2,5,14.8,0
"03490",19831104,1983,11,4,1.5,8,15.8,0
"03490",19831105,1983,11,5,3,9.5,18,0
"03490",19831106,1983,11,6,4,9.2,19,0
"03490",19831107,1983,11,7,1,4.4,11,0
"03490",19831108,1983,11,8,0.2,4.9,13,0
"03490",19831109,1983,11,9,0,4,12,0
"03490",19831110,1983,11,10,-2,3.8,12,0
"03490",19831111,1983,11,11,-3,4,6,0
"03490",19831112,1983,11,12,-4.2,0.2,6,0
"03490",19831113,1983,11,13,-7,-2.5,3,0
"03490",19831114,1983,11,14,-9,-4.6,2.8,0
"03490",19831115,1983,11,15,-8,-1.9,0,3.2
"03490",19831116,1983,11,16,0,3,6,0.4
"03490",19831117,1983,11,17,3,4.3,6,0.3
"03490",19831118,1983,11,18,-1,2,5,0
"03490",19831119,1983,11,19,0.8,3.4,5,0
"03490",19831120,1983,11,20,4,4.9,5,0
"03490",19831121,1983,11,21,1.5,3.5,5.2,0
"03490",19831122,1983,11,22,-2.2,-0.5,4,0
"03490",19831123,1983,11,23,-6,-1.6,3,0
"03490",19831124,1983,11,24,-7,-1.5,1,1.2
"03490",19831125,1983,11,25,-0.5,11.9,14.8,0
"03490",19831126,1983,11,26,12,14.1,15,7.5
"03490",19831127,1983,11,27,10.5,12.4,17,9.5
"03490",19831128,1983,11,28,7,8,11,22
"03490",19831129,1983,11,29,5,6.5,8.8,2.5
"03490",19831130,1983,11,30,0,3.6,6,0
"03490",19831201,1983,12,1,-6,-4,2,0
"03490",19831202,1983,12,2,-8,-4.4,0.2,0
"03490",19831203,1983,12,3,-8,-4.7,0,0
"03490",19831204,1983,12,4,-8,-4.8,1.8,0
"03490",19831205,1983,12,5,-7.5,-3.9,2.8,4
"03490",19831206,1983,12,6,-5,2.8,4.8,1
"03490",19831207,1983,12,7,0.8,2.4,3.5,2.8
"03490",19831208,1983,12,8,0.5,2.6,3.5,15
"03490",19831209,1983,12,9,2.8,4.4,5.2,3
"03490",19831210,1983,12,10,1.8,3.2,6,0.3
"03490",19831211,1983,12,11,-3,-0.8,2,0.5
"03490",19831212,1983,12,12,-6,-3,-2,0
"03490",19831213,1983,12,13,-5.5,-2.5,0,0
"03490",19831214,1983,12,14,-7,-4.8,-1,0
"03490",19831215,1983,12,15,-7,-1.9,0.5,0
"03490",19831216,1983,12,16,-4.5,-2.2,-0.5,0
"03490",19831217,1983,12,17,-2,1,1.8,0
"03490",19831218,1983,12,18,0,4,7,0.5
"03490",19831219,1983,12,19,4,8,9,0
"03490",19831220,1983,12,20,7.7,9.3,9.8,3
"03490",19831221,1983,12,21,5,7.8,9.8,0
"03490",19831222,1983,12,22,4,8.5,9,0
"03490",19831223,1983,12,23,8,10.2,11,3.5
"03490",19831224,1983,12,24,8,12.5,14,2.5
"03490",19831225,1983,12,25,12,12.8,14,3
"03490",19831226,1983,12,26,5,7.2,12,7
"03490",19831227,1983,12,27,6,7.8,9.8,0.6
"03490",19831228,1983,12,28,5,8.3,11.5,0
"03490",19831229,1983,12,29,0.8,4.8,10,0
"03490",19831230,1983,12,30,-0.5,4.5,8.5,0
"03490",19831231,1983,12,31,3,5.3,7,0
"03490",19840101,1984,1,1,4,5.2,6,4
"03490",19840102,1984,1,2,5,6.8,7.5,4.2
"03490",19840103,1984,1,3,3.5,5,7,2
"03490",19840104,1984,1,4,1,2,4,5.5
"03490",19840105,1984,1,5,0,1.2,2,1.5
"03490",19840106,1984,1,6,1.5,3.1,5,1.5
"03490",19840107,1984,1,7,1.9,2.7,4.5,1.5
"03490",19840108,1984,1,8,0,1.7,2.8,3.5
"03490",19840109,1984,1,9,0.5,2,3,0.5
"03490",19840110,1984,1,10,1,4.5,6,0
"03490",19840111,1984,1,11,3,6,7,0
"03490",19840112,1984,1,12,2.9,4.8,7,0.2
"03490",19840113,1984,1,13,3,7,11.5,3.7
"03490",19840114,1984,1,14,5,7.6,13,3.5
"03490",19840115,1984,1,15,2,3.8,5.5,3
"03490",19840116,1984,1,16,3,6.4,8,10
"03490",19840117,1984,1,17,3.5,5.8,9.5,0.2
"03490",19840118,1984,1,18,2.2,3.1,5.2,0
"03490",19840119,1984,1,19,-1.2,0.6,4,0
"03490",19840120,1984,1,20,-1.6,-0.1,2,0.5
"03490",19840121,1984,1,21,-5,-2.2,0.5,0
"03490",19840122,1984,1,22,-4,0.2,3.8,3.7
"03490",19840123,1984,1,23,1,3.5,4.2,5
"03490",19840124,1984,1,24,0.5,1.5,4,4
"03490",19840125,1984,1,25,0,1,3.5,0.2
"03490",19840126,1984,1,26,-3.2,0.3,1.2,1
"03490",19840127,1984,1,27,-0.1,3.5,6.8,0
"03490",19840128,1984,1,28,3,5.3,7,1
"03490",19840129,1984,1,29,2,5.2,7.5,0.8
"03490",19840130,1984,1,30,1.8,4.5,7.8,0
"03490",19840131,1984,1,31,2,3.8,7,3.8
"03490",19840201,1984,2,1,0,2.9,4.2,1
"03490",19840202,1984,2,2,3.8,6,7,0
"03490",19840203,1984,2,3,5,5.8,6,11
"03490",19840204,1984,2,4,5,7,9,2
"03490",19840205,1984,2,5,1.5,6.2,10,2.5
"03490",19840206,1984,2,6,4,8,10,7.3
"03490",19840207,1984,2,7,1.8,4.2,10,3
"03490",19840208,1984,2,8,2.5,4.2,5.2,2.2
"03490",19840209,1984,2,9,0.8,2.6,5,0
"03490",19840210,1984,2,10,-1,4,5.5,0
"03490",19840211,1984,2,11,4,6,7,0
"03490",19840212,1984,2,12,-1.8,0.4,5.5,0
"03490",19840213,1984,2,13,-6.2,-2.6,3,0
"03490",19840214,1984,2,14,-6.2,-2.6,1,0
"03490",19840215,1984,2,15,-6.2,-3.2,1,0
"03490",19840216,1984,2,16,-8.2,-4.3,1.8,0
"03490",19840217,1984,2,17,-9.2,-3.8,2,0
"03490",19840218,1984,2,18,-8,-2.4,3,0
"03490",19840219,1984,2,19,-9,-3.5,2,0
"03490",19840220,1984,2,20,-8,0,4.5,0
"03490",19840221,1984,2,21,-0.5,3.8,6,0
"03490",19840222,1984,2,22,1,2.7,7,0.5
"03490",19840223,1984,2,23,0,3.3,6,1
"03490",19840224,1984,2,24,0.2,1.4,3,0
"03490",19840225,1984,2,25,0,1,2.8,1
"03490",19840226,1984,2,26,0,2.1,3,2.5
"03490",19840227,1984,2,27,1,1.1,3,6
"03490",19840228,1984,2,28,0,0.7,2.2,0.7
"03490",19840229,1984,2,29,-1,0.9,5,0
"03490",19840301,1984,3,1,-2,1.5,6,0
"03490",19840302,1984,3,2,0,3.3,7,3.5
"03490",19840303,1984,3,3,1,1.9,2.8,7.8
"03490",19840304,1984,3,4,-2,0,4,0
"03490",19840305,1984,3,5,-3,2.4,5.5,0
"03490",19840306,1984,3,6,3,7,11,0
"03490",19840307,1984,3,7,3,5.8,8,1
"03490",19840308,1984,3,8,1,2.8,6,0
"03490",19840309,1984,3,9,-1.6,-0.5,3,0
"03490",19840310,1984,3,10,-4,1,5.5,0
"03490",19840311,1984,3,11,0,3.1,9,0
"03490",19840312,1984,3,12,-2.2,2.2,9,0
"03490",19840313,1984,3,13,-2.2,1.2,7,0
"03490",19840314,1984,3,14,-3.5,1.5,10,0
"03490",19840315,1984,3,15,-2.4,3.4,11.8,0
"03490",19840316,1984,3,16,-1.2,2.8,11,0
"03490",19840317,1984,3,17,-0.2,4.8,9,0
"03490",19840318,1984,3,18,1.8,4,10.2,0
"03490",19840319,1984,3,19,-2.2,1.1,9,0
"03490",19840320,1984,3,20,-5,1.2,9,0
"03490",19840321,1984,3,21,-4.5,3.2,12,0
"03490",19840322,1984,3,22,-2,4.8,13,0
"03490",19840323,1984,3,23,0,5.5,14,0
"03490",19840324,1984,3,24,3,8,13,1.5
"03490",19840325,1984,3,25,3,8.2,12,0
"03490",19840326,1984,3,26,7,7.6,12,0.2
"03490",19840327,1984,3,27,6,9,13,0.1
"03490",19840328,1984,3,28,6,10.2,13,0
"03490",19840329,1984,3,29,5.5,7.9,11,4.2
"03490",19840330,1984,3,30,4,5.8,9.5,2.2
"03490",19840331,1984,3,31,2,6.1,10,6.2
"03490",19840401,1984,4,1,2,2.8,5,23.5
"03490",19840402,1984,4,2,0.5,0.9,2,40
"03490",19840403,1984,4,3,0.5,1.8,3,7.5
"03490",19840404,1984,4,4,1,2,4,4
"03490",19840405,1984,4,5,1,2.2,4.5,2.5
"03490",19840406,1984,4,6,0,3.9,6.2,0
"03490",19840407,1984,4,7,2.5,5.5,9,0
"03490",19840408,1984,4,8,4,5.4,9,2.7
"03490",19840409,1984,4,9,4,5.6,9,0
"03490",19840410,1984,4,10,3,4.5,8,7.7
"03490",19840411,1984,4,11,1.8,6.5,10.8,3
"03490",19840412,1984,4,12,4.5,5.5,10,2.8
"03490",19840413,1984,4,13,0.5,6.9,14,0
"03490",19840414,1984,4,14,1,10.5,20.2,0
"03490",19840415,1984,4,15,4,15,22,4.8
"03490",19840416,1984,4,16,5,6.2,17,0.8
"03490",19840417,1984,4,17,2.8,6.5,10.3,0
"03490",19840418,1984,4,18,0.5,6.6,14,0
"03490",19840419,1984,4,19,0.5,6.6,16,0
"03490",19840420,1984,4,20,2,11,18.9,0
"03490",19840421,1984,4,21,4,8.5,22.2,0
"03490",19840422,1984,4,22,4,15,24,0
"03490",19840423,1984,4,23,10,14,21.5,0
"03490",19840424,1984,4,24,4.5,13.8,22.2,0
"03490",19840425,1984,4,25,4.9,12.8,21,0
"03490",19840426,1984,4,26,5,13,20,0
"03490",19840427,1984,4,27,5,10.4,21.5,0
"03490",19840428,1984,4,28,2,9.2,15.2,0
"03490",19840429,1984,4,29,0.2,8.2,15,0
"03490",19840430,1984,4,30,4,8.2,16,0
"03490",19840501,1984,5,1,5.5,7.5,11.3,4.5
"03490",19840502,1984,5,2,3,10.3,17.2,0
"03490",19840503,1984,5,3,8.8,13.4,18,2
"03490",19840504,1984,5,4,7.3,13.2,19.1,1.3
"03490",19840505,1984,5,5,10.1,14.2,17.3,14.8
"03490",19840506,1984,5,6,11.5,13.2,16.1,0.5
"03490",19840507,1984,5,7,5.8,7.1,12.2,0
"03490",19840508,1984,5,8,5.2,8.7,12,0
"03490",19840509,1984,5,9,2.1,6.2,10.2,0
"03490",19840510,1984,5,10,4.9,8.5,11.5,2.5
"03490",19840511,1984,5,11,6,9.4,13,0
"03490",19840512,1984,5,12,7.2,9,9.6,2.4
"03490",19840513,1984,5,13,6.9,8.5,9.3,2
"03490",19840514,1984,5,14,7.8,10.5,12.1,8
"03490",19840515,1984,5,15,8.4,11.4,15.3,0
"03490",19840516,1984,5,16,7.9,13.5,17.4,0.5
"03490",19840517,1984,5,17,10,15.2,18,0
"03490",19840518,1984,5,18,8,15.2,21,0
"03490",19840519,1984,5,19,8,14.5,22,15.5
"03490",19840520,1984,5,20,9,14,20,1
"03490",19840521,1984,5,21,8,9.9,12,28.5
"03490",19840522,1984,5,22,8,12.5,18,0
"03490",19840523,1984,5,23,7.8,12.8,18,4
"03490",19840524,1984,5,24,9,11.5,12,4
"03490",19840525,1984,5,25,11,12.1,13,0
"03490",19840526,1984,5,26,10,13.2,18,6.4
"03490",19840527,1984,5,27,9,11.9,17,5
"03490",19840528,1984,5,28,8.8,9.3,11,13.9
"03490",19840529,1984,5,29,8,12.1,15,34.5
"03490",19840530,1984,5,30,10,11.2,14,28
"03490",19840531,1984,5,31,7,13,18,0
"03490",19840601,1984,6,1,10,14.2,21,3
"03490",19840602,1984,6,2,12,15.5,23,1
"03490",19840603,1984,6,3,12,15.2,23,38
"03490",19840604,1984,6,4,10,10.8,12,11
"03490",19840605,1984,6,5,9,12.5,15.5,0
"03490",19840606,1984,6,6,11,13.2,17,4.3
"03490",19840607,1984,6,7,11,13.5,16,0
"03490",19840608,1984,6,8,11,13.2,17,0
"03490",19840609,1984,6,9,9.8,13.8,17,0
"03490",19840610,1984,6,10,7.5,14.6,21,0
"03490",19840611,1984,6,11,8,15.8,20,0
"03490",19840612,1984,6,12,8,16.6,22,0
"03490",19840613,1984,6,13,11,18,23,0
"03490",19840614,1984,6,14,14,16,21.5,0
"03490",19840615,1984,6,15,11,13.8,15,0
"03490",19840616,1984,6,16,12,14,16,0
"03490",19840617,1984,6,17,9,16,20,0
"03490",19840618,1984,6,18,9,17,23,0
"03490",19840619,1984,6,19,11,19.8,27,0
"03490",19840620,1984,6,20,13,21.7,30.3,0
"03490",19840621,1984,6,21,17,21.2,26,0.5
"03490",19840622,1984,6,22,11,19,24,2
"03490",19840623,1984,6,23,12,15,19,0
"03490",19840624,1984,6,24,7,12.2,16,0
"03490",19840625,1984,6,25,12,14.5,17,2
"03490",19840626,1984,6,26,13,15,20,0
"03490",19840627,1984,6,27,11,18.8,26,0
"03490",19840628,1984,6,28,11,13.6,18,4.5
"03490",19840629,1984,6,29,10,12.2,16,0
"03490",19840630,1984,6,30,9,14.8,18,0
"03490",19840701,1984,7,1,8,13,21.5,2
"03490",19840702,1984,7,2,11,15.3,22.2,4.4
"03490",19840703,1984,7,3,11,12.6,15,0
"03490",19840704,1984,7,4,11.5,14.2,16,0
"03490",19840705,1984,7,5,12,15.2,20,0
"03490",19840706,1984,7,6,13,16.4,22,0
"03490",19840707,1984,7,7,9,17.8,27,0
"03490",19840708,1984,7,8,11,22.9,30,0
"03490",19840709,1984,7,9,17,23.8,34,0
"03490",19840710,1984,7,10,18,25.8,34,0
"03490",19840711,1984,7,11,15.5,24,35,20
"03490",19840712,1984,7,12,15.9,20,25,1
"03490",19840713,1984,7,13,16.1,18.1,21,0
"03490",19840714,1984,7,14,14.5,17.5,20,10.4
"03490",19840715,1984,7,15,13,15,19,10.5
"03490",19840716,1984,7,16,13,15,18,5
"03490",19840717,1984,7,17,12,14.1,16,0
"03490",19840718,1984,7,18,12,16.2,19,0
"03490",19840719,1984,7,19,13.5,14,17,0
"03490",19840720,1984,7,20,12,14.5,16,0
"03490",19840721,1984,7,21,12,14.8,19,0
"03490",19840722,1984,7,22,9.5,13.1,18,0
"03490",19840723,1984,7,23,8,16.5,24,0
"03490",19840724,1984,7,24,12,19.5,25,0
"03490",19840725,1984,7,25,11.5,18,26,1.1
"03490",19840726,1984,7,26,14,15.6,19,0
"03490",19840727,1984,7,27,14,18.5,21,3.7
"03490",19840728,1984,7,28,15,17.5,19,0
"03490",19840729,1984,7,29,17,21.9,29.5,0
"03490",19840730,1984,7,30,12,22.8,32,0
"03490",19840731,1984,7,31,21,25.8,32,8.5
"03490",19840801,1984,8,1,12,15,23,2.4
"03490",19840802,1984,8,2,9,17,22,2.5
"03490",19840803,1984,8,3,15,17.8,25,25.8
"03490",19840804,1984,8,4,14,18.2,23.5,4.5
"03490",19840805,1984,8,5,13,16.5,21,3.9
"03490",19840806,1984,8,6,11.5,14.6,19.5,1.8
"03490",19840807,1984,8,7,9.8,15.9,22,1
"03490",19840808,1984,8,8,12.7,16.8,23,0
"03490",19840809,1984,8,9,12,18.1,21.5,0
"03490",19840810,1984,8,10,16,17.2,19,0
"03490",19840811,1984,8,11,13,14.5,17,7.5
"03490",19840812,1984,8,12,15,17.9,21.5,5.5
"03490",19840813,1984,8,13,16,18,20,0
"03490",19840814,1984,8,14,15,18.8,21,0
"03490",19840815,1984,8,15,14,17.6,24,0
"03490",19840816,1984,8,16,12.8,18,25,0
"03490",19840817,1984,8,17,12,15.9,25,0
"03490",19840818,1984,8,18,12,17.9,26,0
"03490",19840819,1984,8,19,12,18.5,27.6,0
"03490",19840820,1984,8,20,13.5,19,28,0
"03490",19840821,1984,8,21,13,18.8,28,0
"03490",19840822,1984,8,22,11.5,20.5,30,0
"03490",19840823,1984,8,23,14,21.2,31,0
"03490",19840824,1984,8,24,15.5,21.6,27.5,0
"03490",19840825,1984,8,25,18,18.5,21.5,19
"03490",19840826,1984,8,26,17,19.2,21.5,0
"03490",19840827,1984,8,27,14,16.6,21,0
"03490",19840828,1984,8,28,13,16.2,23,0
"03490",19840829,1984,8,29,11,16.8,24,0
"03490",19840830,1984,8,30,13.8,17.1,24,0
"03490",19840831,1984,8,31,15.5,20.5,24,0
"03490",19840901,1984,9,1,18.5,22.5,28,0
"03490",19840902,1984,9,2,15,19.8,29,0
"03490",19840903,1984,9,3,18,21.8,24,0
"03490",19840904,1984,9,4,14,17,21,5.8
"03490",19840905,1984,9,5,10,13,17,0
"03490",19840906,1984,9,6,8.5,10.6,14,40
"03490",19840907,1984,9,7,9,10.8,12,20.5
"03490",19840908,1984,9,8,11,11.9,13,11
"03490",19840909,1984,9,9,12,14.5,16,3
"03490",19840910,1984,9,10,11.5,12.2,15,7
"03490",19840911,1984,9,11,11,14.6,16,7
"03490",19840912,1984,9,12,13,15.4,17.5,0.5
"03490",19840913,1984,9,13,14,14.8,17,0
"03490",19840914,1984,9,14,12,14.8,23,16.4
"03490",19840915,1984,9,15,13,15.2,18,0
"03490",19840916,1984,9,16,14,15.4,16.8,0
"03490",19840917,1984,9,17,12,14.1,17.5,1.5
"03490",19840918,1984,9,18,13,15.6,18.8,13.5
"03490",19840919,1984,9,19,13,14.9,17.5,1.5
"03490",19840920,1984,9,20,12,15.5,17.8,0
"03490",19840921,1984,9,21,8.5,11.5,17,0
"03490",19840922,1984,9,22,9,9.9,14.5,5
"03490",19840923,1984,9,23,7,8.8,12.5,5.6
"03490",19840924,1984,9,24,5.5,9.9,12,0
"03490",19840925,1984,9,25,9,11,14,3
"03490",19840926,1984,9,26,11,12.9,14,0
"03490",19840927,1984,9,27,8.5,11.4,16.5,0
"03490",19840928,1984,9,28,6,12.1,19.5,0
"03490",19840929,1984,9,29,9,15.2,22,7
"03490",19840930,1984,9,30,14,16,21,4
"03490",19841001,1984,10,1,13.5,15.2,17,3.2
"03490",19841002,1984,10,2,8,11.6,16,0
"03490",19841003,1984,10,3,7,9.6,14.5,0
"03490",19841004,1984,10,4,4,10.2,15,1.6
"03490",19841005,1984,10,5,11,12.5,17,3
"03490",19841006,1984,10,6,11,12.2,14,3
"03490",19841007,1984,10,7,9,12.8,15.5,0
"03490",19841008,1984,10,8,12,14.5,16,0.5
"03490",19841009,1984,10,9,15.5,17.5,19.5,2.3
"03490",19841010,1984,10,10,14.5,15.8,20.5,0
"03490",19841011,1984,10,11,10,13.4,18.5,0
"03490",19841012,1984,10,12,9.5,12.5,16,0
"03490",19841013,1984,10,13,9,12.2,17.2,0
"03490",19841014,1984,10,14,6.5,12,16,0
"03490",19841015,1984,10,15,11.5,14.6,16,0
"03490",19841016,1984,10,16,7,11.5,18.5,0
"03490",19841017,1984,10,17,5.5,12.6,19,0
"03490",19841018,1984,10,18,11,14,19.5,5.2
"03490",19841019,1984,10,19,8.6,14.8,18,4.3
"03490",19841020,1984,10,20,9,11.2,15,0
"03490",19841021,1984,10,21,4,7.2,13,0
"03490",19841022,1984,10,22,4.5,11.8,14.5,4
"03490",19841023,1984,10,23,12,13.9,17,2.5
"03490",19841024,1984,10,24,8.8,11.6,14.5,1
"03490",19841025,1984,10,25,10.5,14.9,19.1,8
"03490",19841026,1984,10,26,8,10.2,14.5,0
"03490",19841027,1984,10,27,4,7.6,14,0
"03490",19841028,1984,10,28,2,7.6,14.2,0
"03490",19841029,1984,10,29,5.5,13,15.2,1
"03490",19841030,1984,10,30,4,9.2,17,0
"03490",19841031,1984,10,31,2,10.2,16,0
"03490",19841101,1984,11,1,5,8.2,13,0
"03490",19841102,1984,11,2,2,4.9,11,0
"03490",19841103,1984,11,3,0.5,4.5,8,0.5
"03490",19841104,1984,11,4,1,5.5,12,0
"03490",19841105,1984,11,5,4.5,8.2,12.1,0
"03490",19841106,1984,11,6,5,7.2,11,0
"03490",19841107,1984,11,7,4,7.4,16.1,0
"03490",19841108,1984,11,8,4.9,10.9,13,0
"03490",19841109,1984,11,9,7,9.5,13,0
"03490",19841110,1984,11,10,5,8.8,14.2,0
"03490",19841111,1984,11,11,7,10.5,14,0
"03490",19841112,1984,11,12,3,5.8,11.1,0
"03490",19841113,1984,11,13,0.5,3.8,11,0
"03490",19841114,1984,11,14,0,3.3,7.5,0
"03490",19841115,1984,11,15,1,4.5,6,1
"03490",19841116,1984,11,16,3.5,4.6,6,0.1
"03490",19841117,1984,11,17,4.5,6.4,7,0.5
"03490",19841118,1984,11,18,1.5,5.2,11,0
"03490",19841119,1984,11,19,2,5.1,6.5,0
"03490",19841120,1984,11,20,4.5,6.8,8,1.9
"03490",19841121,1984,11,21,7,8.5,11,5.7
"03490",19841122,1984,11,22,8.5,14.6,17,37.1
"03490",19841123,1984,11,23,12.5,15.6,17,8
"03490",19841124,1984,11,24,10.5,12,17,2.4
"03490",19841125,1984,11,25,9,10.6,13.5,0
"03490",19841126,1984,11,26,5,7.6,10,0
"03490",19841127,1984,11,27,1,3.2,8,0
"03490",19841128,1984,11,28,1,7.8,10,0
"03490",19841129,1984,11,29,3.5,6,13,0
"03490",19841130,1984,11,30,3,6,12,0
"03490",19841201,1984,12,1,-1,1.8,7,0
"03490",19841202,1984,12,2,-1,3,4.9,0
"03490",19841203,1984,12,3,0.5,3.6,7,0
"03490",19841204,1984,12,4,1,3.6,8,0
"03490",19841205,1984,12,5,1,6.5,9.4,0
"03490",19841206,1984,12,6,0,6.2,9,0
"03490",19841207,1984,12,7,0,3.6,9,0
"03490",19841208,1984,12,8,2.2,6.9,8.9,0.3
"03490",19841209,1984,12,9,3,5.2,8.1,0
"03490",19841210,1984,12,10,2.1,6.2,11,0
"03490",19841211,1984,12,11,1,3.4,6.8,0
"03490",19841212,1984,12,12,0,4.2,9,0
"03490",19841213,1984,12,13,0.4,3,6,4
"03490",19841214,1984,12,14,0,5.9,10,0
"03490",19841215,1984,12,15,-0.5,3.4,5,0
"03490",19841216,1984,12,16,1,3.4,5.9,1.1
"03490",19841217,1984,12,17,3,6.5,8,3.4
"03490",19841218,1984,12,18,3,4.2,8.5,1.6
"03490",19841219,1984,12,19,0,5,7,0
"03490",19841220,1984,12,20,6,9.3,10,1.7
"03490",19841221,1984,12,21,4.5,6.8,9.8,0
"03490",19841222,1984,12,22,-1,2.5,8,0
"03490",19841223,1984,12,23,-1,3.5,5,0
"03490",19841224,1984,12,24,3,4.8,8,5
"03490",19841225,1984,12,25,2.8,4.8,7,0
"03490",19841226,1984,12,26,1,2,5,0
"03490",19841227,1984,12,27,-0.2,3.1,4,0
"03490",19841228,1984,12,28,0,1,4,0
"03490",19841229,1984,12,29,-0.8,0.6,2.1,0
"03490",19841230,1984,12,30,-3,-0.2,2,0
"03490",19841231,1984,12,31,-5.3,-0.2,2.2,0.5
"03490",19850101,1985,1,1,1,2.2,5,6.5
"03490",19850102,1985,1,2,-4,-2.5,1,3
"03490",19850103,1985,1,3,-5,-1.8,-1,9.3
"03490",19850104,1985,1,4,-11,-9,-2,0.5
"03490",19850105,1985,1,5,-10,-9.6,-8,0
"03490",19850106,1985,1,6,-14,-9.1,-8,1.5
"03490",19850107,1985,1,7,-14,-10.5,-8,1.5
"03490",19850108,1985,1,8,-13,-10.5,-9,1
"03490",19850109,1985,1,9,-13,-6.5,-6,0
"03490",19850110,1985,1,10,-8,-5.8,-4,0
"03490",19850111,1985,1,11,-10,-6.3,-4,1.6
"03490",19850112,1985,1,12,-11.5,-5,-1,4
"03490",19850113,1985,1,13,-17,-13.2,-5,0
"03490",19850114,1985,1,14,-17,-12.2,-8,1
"03490",19850115,1985,1,15,-13,-10,-8,0
"03490",19850116,1985,1,16,-9.5,-5.7,-5,0
"03490",19850117,1985,1,17,-5.2,-3,-2,0
"03490",19850118,1985,1,18,-10,-4,-1.5,0
"03490",19850119,1985,1,19,-6,-4.1,-1,0.4
"03490",19850120,1985,1,20,-6,-0.4,1,0.3
"03490",19850121,1985,1,21,1,6,9,0
"03490",19850122,1985,1,22,8,9,10,2
"03490",19850123,1985,1,23,-0.5,1.6,8.5,0
"03490",19850124,1985,1,24,0,3,4,1.5
"03490",19850125,1985,1,25,2,3.2,5,0
"03490",19850126,1985,1,26,2,5.4,10,5.5
"03490",19850127,1985,1,27,-3,-0.4,2,0
"03490",19850128,1985,1,28,-1.5,1,2,0
"03490",19850129,1985,1,29,-1,4.5,8,0
"03490",19850130,1985,1,30,5,9.2,11,0
"03490",19850131,1985,1,31,3,7.9,11.5,8
"03490",19850201,1985,2,1,6,11.4,12,1.1
"03490",19850202,1985,2,2,8,9.4,12,0
"03490",19850203,1985,2,3,-2,2.2,8,0
"03490",19850204,1985,2,4,-3,0.2,8,0
"03490",19850205,1985,2,5,-5,-0.4,7,0
"03490",19850206,1985,2,6,-2,-0.2,4.5,1.5
"03490",19850207,1985,2,7,-2,0.5,4,0
"03490",19850208,1985,2,8,-3,-0.8,1,5
"03490",19850209,1985,2,9,-5,-3.2,-1,3
"03490",19850210,1985,2,10,-15,-9,-4,0
"03490",19850211,1985,2,11,-17,-12,-5,0
"03490",19850212,1985,2,12,-13,-8.8,-5.5,0
"03490",19850213,1985,2,13,-11,-7,-3,0
"03490",19850214,1985,2,14,-8,-6,-2,0
"03490",19850215,1985,2,15,-12,-9.8,-4,0
"03490",19850216,1985,2,16,-13,-6.8,1,0
"03490",19850217,1985,2,17,-12,-5,2,0
"03490",19850218,1985,2,18,-14,-9,-2,0
"03490",19850219,1985,2,19,-16,-9.2,0,0
"03490",19850220,1985,2,20,-14.5,-4.4,1,0
"03490",19850221,1985,2,21,-2,0.8,2,0
"03490",19850222,1985,2,22,0,1.4,3.5,0
"03490",19850223,1985,2,23,-5.5,1.5,7,0
"03490",19850224,1985,2,24,-0.5,3.9,12,0
"03490",19850225,1985,2,25,-2.5,3.2,11.8,0
"03490",19850226,1985,2,26,-1,3.2,11,0
"03490",19850227,1985,2,27,0,2.1,7,0
"03490",19850228,1985,2,28,-1,1,4,0
"03490",19850301,1985,3,1,1,6.8,13,0
"03490",19850302,1985,3,2,5,7.2,11,0
"03490",19850303,1985,3,3,0,8.4,11.5,0.6
"03490",19850304,1985,3,4,5,7.4,12,1
"03490",19850305,1985,3,5,5,7.5,10,2.7
"03490",19850306,1985,3,6,5,5.2,7,2.1
"03490",19850307,1985,3,7,1,3.6,7,0
"03490",19850308,1985,3,8,0,5.8,9,0
"03490",19850309,1985,3,9,4,5.2,8.5,0
"03490",19850310,1985,3,10,0,5.8,10,4
"03490",19850311,1985,3,11,3,3.4,6.5,2.4
"03490",19850312,1985,3,12,-2,2.1,8,0
"03490",19850313,1985,3,13,-1,1.2,6,0
"03490",19850314,1985,3,14,-2,3,5,2.2
"03490",19850315,1985,3,15,-0.1,1.8,6,0
"03490",19850316,1985,3,16,-2.5,1.2,3,5.5
"03490",19850317,1985,3,17,-1,0.3,2.2,1.1
"03490",19850318,1985,3,18,-1,0.4,2.5,1.2
"03490",19850319,1985,3,19,-1.6,0.6,2,1.8
"03490",19850320,1985,3,20,-1.1,0.9,4.5,0
"03490",19850321,1985,3,21,-2,6.2,12,0
"03490",19850322,1985,3,22,2.9,6,14.1,0
"03490",19850323,1985,3,23,3,6.9,10,0
"03490",19850324,1985,3,24,4.5,8,11.9,0.2
"03490",19850325,1985,3,25,6,9.6,13,1.8
"03490",19850326,1985,3,26,8.2,9.5,12.1,2.7
"03490",19850327,1985,3,27,2.9,4.8,10,4.8
"03490",19850328,1985,3,28,3,3.9,6.9,4.8
"03490",19850329,1985,3,29,3.5,7.2,8.5,0
"03490",19850330,1985,3,30,8,12.8,14.4,0
"03490",19850331,1985,3,31,8.3,11.2,14.5,3.8
"03490",19850401,1985,4,1,9,15.4,19,0
"03490",19850402,1985,4,2,10,13,16,0
"03490",19850403,1985,4,3,9,13.8,22,0
"03490",19850404,1985,4,4,9,19.8,25.5,0
"03490",19850405,1985,4,5,15,17.2,22,0
"03490",19850406,1985,4,6,8,10.1,17,0
"03490",19850407,1985,4,7,8.5,10.4,14.5,18
"03490",19850408,1985,4,8,9,11.8,15,0.8
"03490",19850409,1985,4,9,4.5,8.8,14,0
"03490",19850410,1985,4,10,5,7.5,13,2.5
"03490",19850411,1985,4,11,4,9.5,12,0
"03490",19850412,1985,4,12,5,5.8,8,0.8
"03490",19850413,1985,4,13,5,6.5,13,3.2
"03490",19850414,1985,4,14,5,7.2,10,4
"03490",19850415,1985,4,15,6.5,9.2,11,2.5
"03490",19850416,1985,4,16,7,11,14,7
"03490",19850417,1985,4,17,6.5,9.5,16,0
"03490",19850418,1985,4,18,3,9.8,19,0
"03490",19850419,1985,4,19,3.5,12,20,0
"03490",19850420,1985,4,20,4,9.5,14,0
"03490",19850421,1985,4,21,4,11.5,19,0
"03490",19850422,1985,4,22,8,13.6,19.5,0
"03490",19850423,1985,4,23,5,6.6,14,0
"03490",19850424,1985,4,24,-0.2,5.5,11,0
"03490",19850425,1985,4,25,2,5.5,9,1.5
"03490",19850426,1985,4,26,0.8,4.1,8.5,0
"03490",19850427,1985,4,27,1,5.2,8,9
"03490",19850428,1985,4,28,2,4.5,7,5.5
"03490",19850429,1985,4,29,4,6,9,0
"03490",19850430,1985,4,30,5,9.5,11,1
"03490",19850501,1985,5,1,7,10,12,1
"03490",19850502,1985,5,2,4,6,9.9,13
"03490",19850503,1985,5,3,3,6.5,10,0
"03490",19850504,1985,5,4,5,7.8,10.1,1.4
"03490",19850505,1985,5,5,5,9.5,14,0
"03490",19850506,1985,5,6,9,13.2,22,0
"03490",19850507,1985,5,7,10.5,17.8,23.1,0
"03490",19850508,1985,5,8,10,14.9,21,4.3
"03490",19850509,1985,5,9,10.8,14.8,19.2,0
"03490",19850510,1985,5,10,11.5,12.5,14,0
"03490",19850511,1985,5,11,11,14,17.9,0
"03490",19850512,1985,5,12,10.1,14.3,24,2.5
"03490",19850513,1985,5,13,10,14,16.8,0
"03490",19850514,1985,5,14,11,13.8,19,0
"03490",19850515,1985,5,15,7,15.5,21.7,0
"03490",19850516,1985,5,16,8,14.8,23.1,0
"03490",19850517,1985,5,17,12,17,24,0
"03490",19850518,1985,5,18,9,19,25,0
"03490",19850519,1985,5,19,13,17,23,2.2
"03490",19850520,1985,5,20,13,15.6,21,3.3
"03490",19850521,1985,5,21,12,14.8,19,20
"03490",19850522,1985,5,22,11,12.2,15,9.9
"03490",19850523,1985,5,23,10,11.5,16,1.8
"03490",19850524,1985,5,24,6,13.2,21,0
"03490",19850525,1985,5,25,10,17.8,25,0
"03490",19850526,1985,5,26,11,20.5,29,0
"03490",19850527,1985,5,27,13,22.9,30,0
"03490",19850528,1985,5,28,15,16.8,21,1.3
"03490",19850529,1985,5,29,13,15.5,18,0
"03490",19850530,1985,5,30,11,14.9,22,0
"03490",19850531,1985,5,31,9,17.5,25,0
"03490",19850601,1985,6,1,13,17.5,25,0
"03490",19850602,1985,6,2,13,19.4,27.5,0
"03490",19850603,1985,6,3,12,21,28,0
"03490",19850604,1985,6,4,12,22.5,30,0
"03490",19850605,1985,6,5,17,21.5,28,2.9
"03490",19850606,1985,6,6,15,19.8,27,0
"03490",19850607,1985,6,7,13,16.8,22.5,2
"03490",19850608,1985,6,8,9,10.8,16,0
"03490",19850609,1985,6,9,7,12.5,16,9
"03490",19850610,1985,6,10,9,10,15,3
"03490",19850611,1985,6,11,8,14,16,3
"03490",19850612,1985,6,12,8,11,18,4
"03490",19850613,1985,6,13,8,11.2,15,0
"03490",19850614,1985,6,14,8,12.2,17,3.5
"03490",19850615,1985,6,15,8,11.5,16,0
"03490",19850616,1985,6,16,6,12.5,17,0
"03490",19850617,1985,6,17,9,12.5,17,0
"03490",19850618,1985,6,18,8,13.9,19,0
"03490",19850619,1985,6,19,9,18.8,23,15
"03490",19850620,1985,6,20,12,13.9,19,14.5
"03490",19850621,1985,6,21,13,16.5,22,1
"03490",19850622,1985,6,22,13,16.2,21,0
"03490",19850623,1985,6,23,10,15.8,21,0
"03490",19850624,1985,6,24,13,15,22,12.7
"03490",19850625,1985,6,25,13,15.2,19,9
"03490",19850626,1985,6,26,11,13.2,18,4.7
"03490",19850627,1985,6,27,10,13.9,17,9.5
"03490",19850628,1985,6,28,12,15.2,17,1.5
"03490",19850629,1985,6,29,13,17,21,0
"03490",19850630,1985,6,30,16,19,23,0
"03490",19850701,1985,7,1,14,17.8,22,7.8
"03490",19850702,1985,7,2,13,15.8,20,0
"03490",19850703,1985,7,3,10,18.5,25,0
"03490",19850704,1985,7,4,10.5,20.8,27,0
"03490",19850705,1985,7,5,13.5,23.5,28,0
"03490",19850706,1985,7,6,18.5,20.2,24,0
"03490",19850707,1985,7,7,11,16.2,20,0
"03490",19850708,1985,7,8,13,17.6,20.5,0
"03490",19850709,1985,7,9,12,17.4,21.5,4.6
"03490",19850710,1985,7,10,14,17,20.2,0
"03490",19850711,1985,7,11,11,18.8,22,0
"03490",19850712,1985,7,12,18,20.8,25,0
"03490",19850713,1985,7,13,15,21.2,27,0
"03490",19850714,1985,7,14,14,24.9,31,3.3
"03490",19850715,1985,7,15,15,19.6,24,0
"03490",19850716,1985,7,16,11.5,19.8,25.5,0
"03490",19850717,1985,7,17,11,16.2,24,0
"03490",19850718,1985,7,18,12,21.2,27,3.6
"03490",19850719,1985,7,19,15,17.2,22,0
"03490",19850720,1985,7,20,14,17.4,21,0
"03490",19850721,1985,7,21,12,15.2,21,0
"03490",19850722,1985,7,22,12,19.5,22.5,0
"03490",19850723,1985,7,23,14,17.2,22,0
"03490",19850724,1985,7,24,12,18.2,26,0
"03490",19850725,1985,7,25,13,23,30,12.5
"03490",19850726,1985,7,26,16,20.1,29,18
"03490",19850727,1985,7,27,15,18.2,22,0
"03490",19850728,1985,7,28,13.8,20,27,5
"03490",19850729,1985,7,29,16,18.8,22,2.3
"03490",19850730,1985,7,30,15.5,18.8,23,2.5
"03490",19850731,1985,7,31,15,17,22,0
"03490",19850801,1985,8,1,13.6,17,24.2,5.8
"03490",19850802,1985,8,2,8.9,17.2,21.8,0
"03490",19850803,1985,8,3,13,16.3,22.2,0.8
"03490",19850804,1985,8,4,7.6,15,19.7,2.4
"03490",19850805,1985,8,5,13.9,17.6,24.1,1.5
"03490",19850806,1985,8,6,9.9,12.4,18.8,10.9
"03490",19850807,1985,8,7,7.8,15.2,20.6,0.4
"03490",19850808,1985,8,8,12.9,15.5,20,0
"03490",19850809,1985,8,9,10.5,21.2,28.4,4.7
"03490",19850810,1985,8,10,14.8,17.4,21.9,0
"03490",19850811,1985,8,11,7.8,18,24.2,0.6
"03490",19850812,1985,8,12,12.5,14.3,19.5,4.8
"03490",19850813,1985,8,13,10.1,18.5,23.9,0.1
"03490",19850814,1985,8,14,14.9,22.4,34.4,15.8
"03490",19850815,1985,8,15,15.1,20,25.9,4.5
"03490",19850816,1985,8,16,14.5,19.2,24.2,0
"03490",19850817,1985,8,17,10.5,14.2,19.7,8
"03490",19850818,1985,8,18,9.9,16.4,23.4,0
"03490",19850819,1985,8,19,13.2,15.4,19.2,12
"03490",19850820,1985,8,20,13,16,22,0
"03490",19850821,1985,8,21,12.2,18.1,24.8,0
"03490",19850822,1985,8,22,11.8,17.4,26.9,2
"03490",19850823,1985,8,23,11.5,16.2,22.3,0
"03490",19850824,1985,8,24,9.9,18.3,22.9,0
"03490",19850825,1985,8,25,12,14.2,19.2,0
"03490",19850826,1985,8,26,12,15.3,19.8,0
"03490",19850827,1985,8,27,9.2,14.8,21.4,0
"03490",19850828,1985,8,28,7.9,15.8,24.3,0
"03490",19850829,1985,8,29,9.8,17.4,25.2,0
"03490",19850830,1985,8,30,10.8,18.2,28.3,0
"03490",19850831,1985,8,31,11,18,28.1,6.5
"03490",19850901,1985,9,1,15.3,17.2,21.7,0
"03490",19850902,1985,9,2,12.1,15.9,21.9,0
"03490",19850903,1985,9,3,12.3,16,20,8.7
"03490",19850904,1985,9,4,13,14.4,17.4,9.9
"03490",19850905,1985,9,5,12,16.2,20.8,0
"03490",19850906,1985,9,6,10,11.6,16.4,0
"03490",19850907,1985,9,7,8.8,13.3,16.3,0
"03490",19850908,1985,9,8,10,12.8,16,4.1
"03490",19850909,1985,9,9,7.8,10.6,15.8,0
"03490",19850910,1985,9,10,4,12,20,0
"03490",19850911,1985,9,11,6.4,14.4,22,0
"03490",19850912,1985,9,12,8.2,15.1,25,0
"03490",19850913,1985,9,13,8.2,13.1,23,13.8
"03490",19850914,1985,9,14,11.1,13.4,18,5.2
"03490",19850915,1985,9,15,9,11.4,16,2
"03490",19850916,1985,9,16,6.1,14.7,16.1,0
"03490",19850917,1985,9,17,14.9,19.5,21.7,0
"03490",19850918,1985,9,18,14.2,17.1,24,0
"03490",19850919,1985,9,19,11,18.8,28.3,0
"03490",19850920,1985,9,20,13.8,18.9,24,0
"03490",19850921,1985,9,21,13.8,19.7,27.1,0
"03490",19850922,1985,9,22,13,20.8,27,5.8
"03490",19850923,1985,9,23,15.2,16.9,22.8,0
"03490",19850924,1985,9,24,10.8,16.6,20.8,0
"03490",19850925,1985,9,25,11.8,14.1,18.5,0
"03490",19850926,1985,9,26,9,13,20,0
"03490",19850927,1985,9,27,8,14,22,0
"03490",19850928,1985,9,28,8.8,14.6,20,0
"03490",19850929,1985,9,29,7,11.2,19.8,0
"03490",19850930,1985,9,30,4.8,13.5,23.2,0
"03490",19851001,1985,10,1,9,15.2,26.5,0
"03490",19851002,1985,10,2,11.8,18.1,23.8,0
"03490",19851003,1985,10,3,14,20.1,26,0
"03490",19851004,1985,10,4,14,18,26,0
"03490",19851005,1985,10,5,14.1,15.1,16.8,3.6
"03490",19851006,1985,10,6,9,11.8,18.3,0
"03490",19851007,1985,10,7,6.6,10.7,18,6.5
"03490",19851008,1985,10,8,5,8,13,0
"03490",19851009,1985,10,9,5,10.6,14,0
"03490",19851010,1985,10,10,9.8,12.6,15.8,0
"03490",19851011,1985,10,11,8,14.7,19.5,0
"03490",19851012,1985,10,12,7.2,9.4,15,0
"03490",19851013,1985,10,13,3,6.4,13.2,0
"03490",19851014,1985,10,14,4,11.2,15,0.6
"03490",19851015,1985,10,15,8,11.4,14.2,1
"03490",19851016,1985,10,16,7.3,10.7,11.7,0
"03490",19851017,1985,10,17,10.8,11.5,13,0
"03490",19851018,1985,10,18,10,11.6,13,0
"03490",19851019,1985,10,19,7,9.6,13,0
"03490",19851020,1985,10,20,1.5,5.4,13.8,0
"03490",19851021,1985,10,21,1.8,5.8,14,0
"03490",19851022,1985,10,22,0.8,7.5,13.3,0
"03490",19851023,1985,10,23,2.8,6.6,14.1,0
"03490",19851024,1985,10,24,-1,4,14.8,0
"03490",19851025,1985,10,25,-1,3.2,12.6,0
"03490",19851026,1985,10,26,-1,5,13.2,0
"03490",19851027,1985,10,27,-1.3,4.5,11,0
"03490",19851028,1985,10,28,1,2.6,5.3,0
"03490",19851029,1985,10,29,-0.5,3,10,0
"03490",19851030,1985,10,30,-1,1.9,3,0
"03490",19851031,1985,10,31,0.2,1.9,5.8,0
"03490",19851101,1985,11,1,0.3,6,9.8,0
"03490",19851102,1985,11,2,3.8,5.1,9,2.4
"03490",19851103,1985,11,3,-1.2,2.8,8.8,0
"03490",19851104,1985,11,4,-5,4,8.9,0
"03490",19851105,1985,11,5,6,12.6,17.2,4.3
"03490",19851106,1985,11,6,1,3.8,9.2,0
"03490",19851107,1985,11,7,1,8.6,12.2,1
"03490",19851108,1985,11,8,6,10.4,12.2,0.2
"03490",19851109,1985,11,9,9,16.4,19,3.4
"03490",19851110,1985,11,10,4.9,8,14.8,1.9
"03490",19851111,1985,11,11,2,3,6.1,0
"03490",19851112,1985,11,12,0.6,1.9,4.9,0
"03490",19851113,1985,11,13,-1,1.4,3.2,0.6
"03490",19851114,1985,11,14,-4.2,-1.2,5.3,0
"03490",19851115,1985,11,15,-6.2,0.6,5.2,0
"03490",19851116,1985,11,16,-4.3,-1.2,4,0
"03490",19851117,1985,11,17,-6,-3.6,2,0
"03490",19851118,1985,11,18,-7,-3,0.8,0.8
"03490",19851119,1985,11,19,-3.9,-2.6,-2,0
"03490",19851120,1985,11,20,-2.5,-2.3,-1.1,0.6
"03490",19851121,1985,11,21,-2.8,-1.4,-0.6,1.3
"03490",19851122,1985,11,22,-2.1,-0.8,0.9,1.5
"03490",19851123,1985,11,23,-2.2,-0.4,1.1,1.5
"03490",19851124,1985,11,24,-1.5,-0.6,1,0
"03490",19851125,1985,11,25,-2,0.6,1.9,1.5
"03490",19851126,1985,11,26,-1.3,0.8,3.1,0.8
"03490",19851127,1985,11,27,0,1.4,2,14.1
"03490",19851128,1985,11,28,0,1.1,3.1,1.2
"03490",19851129,1985,11,29,-4.2,1.9,4.6,9.7
"03490",19851130,1985,11,30,1.3,6.4,8.3,7
"03490",19851201,1985,12,1,3.1,5.6,10.2,0
"03490",19851202,1985,12,2,2.8,14.1,15.1,0
"03490",19851203,1985,12,3,12.9,14.6,16,0
"03490",19851204,1985,12,4,9.1,13.7,15,0
"03490",19851205,1985,12,5,13,14.4,16.2,0
"03490",19851206,1985,12,6,8,9.4,14,0
"03490",19851207,1985,12,7,7.9,9.7,12,1.4
"03490",19851208,1985,12,8,4.8,7.4,8.3,2.3
"03490",19851209,1985,12,9,7.9,8.7,11,2.2
"03490",19851210,1985,12,10,2.4,4.2,7.9,0
"03490",19851211,1985,12,11,1.4,3.1,4.3,0
"03490",19851212,1985,12,12,-1,1,6,0
"03490",19851213,1985,12,13,-3.1,2.8,7,1.3
"03490",19851214,1985,12,14,3.8,7.6,8.9,0.8
"03490",19851215,1985,12,15,8.5,12,12.5,0.8
"03490",19851216,1985,12,16,9.1,10.9,13.3,0.7
"03490",19851217,1985,12,17,8.9,9.4,10,3.3
"03490",19851218,1985,12,18,5.6,7.7,9,3.2
"03490",19851219,1985,12,19,5,6.8,8,0.5
"03490",19851220,1985,12,20,1.8,8.2,9.8,0.1
"03490",19851221,1985,12,21,0,3.3,10.2,0
"03490",19851222,1985,12,22,-2.8,0.4,7,0
"03490",19851223,1985,12,23,-2,4.9,10,0
"03490",19851224,1985,12,24,0,8.1,9.8,3
"03490",19851225,1985,12,25,8,10.2,11,0.3
"03490",19851226,1985,12,26,8,8.9,10,2.4
"03490",19851227,1985,12,27,-1,2,8.3,0.9
"03490",19851228,1985,12,28,-2.2,-1.3,0.9,0
"03490",19851229,1985,12,29,-3.2,-1.2,-0.2,0
"03490",19851230,1985,12,30,-7,-4.8,0.9,0
"03490",19851231,1985,12,31,-10,-7.7,-2.8,0
"03490",19860101,1986,1,1,-10,-4.1,-2,0
"03490",19860102,1986,1,2,-2,5.6,7.2,0.7
"03490",19860103,1986,1,3,0,3.7,9,6
"03490",19860104,1986,1,4,-1,0.8,2.4,0.2
"03490",19860105,1986,1,5,0,2.6,4.1,0
"03490",19860106,1986,1,6,1,2.7,4.8,0.6
"03490",19860107,1986,1,7,-2.2,-0.7,1.3,0
"03490",19860108,1986,1,8,-1.8,-1.1,-1,1
"03490",19860109,1986,1,9,-6,-2.7,0.3,0
"03490",19860110,1986,1,10,-7.2,2.9,6.2,9.3
"03490",19860111,1986,1,11,3,6.4,7.8,1.8
"03490",19860112,1986,1,12,5.1,5.8,6.1,1.2
"03490",19860113,1986,1,13,6,8.7,10,5.4
"03490",19860114,1986,1,14,3,7.2,11.3,5.2
"03490",19860115,1986,1,15,3.8,5,7,4.4
"03490",19860116,1986,1,16,3,3.4,4,3.2
"03490",19860117,1986,1,17,-1.3,1.3,3,8
"03490",19860118,1986,1,18,-3,6,8.3,19.3
"03490",19860119,1986,1,19,7,8.8,11,0.8
"03490",19860120,1986,1,20,6,7,8.3,0
"03490",19860121,1986,1,21,6,7.6,8,1
"03490",19860122,1986,1,22,5,6.1,7.8,1.7
"03490",19860123,1986,1,23,5.2,6.9,9.5,6.2
"03490",19860124,1986,1,24,1,3.6,5.3,4.2
"03490",19860125,1986,1,25,0.8,2.6,4.2,8.7
"03490",19860126,1986,1,26,-3,-0.6,2.5,0
"03490",19860127,1986,1,27,-7.8,-2.5,0.8,0
"03490",19860128,1986,1,28,-2.2,1.7,4.8,0
"03490",19860129,1986,1,29,-3.4,1,3.4,0
"03490",19860130,1986,1,30,-2.8,-0.3,5,0
"03490",19860131,1986,1,31,-3.6,0.8,4.3,0
"03490",19860201,1986,2,1,0,3.3,5.2,0
"03490",19860202,1986,2,2,-1.2,0.5,4,0
"03490",19860203,1986,2,3,0.9,1.4,3,0
"03490",19860204,1986,2,4,-1.4,-0.6,1,0
"03490",19860205,1986,2,5,-3,-2.4,-1.2,4.7
"03490",19860206,1986,2,6,-4.3,-3,-2,0
"03490",19860207,1986,2,7,-12,-8.2,-2.2,0
"03490",19860208,1986,2,8,-12,-6.9,-4.3,2
"03490",19860209,1986,2,9,-15.5,-12,-6,3.5
"03490",19860210,1986,2,10,-11.3,-2.8,-1.5,0
"03490",19860211,1986,2,11,-7.5,-4.2,1,0
"03490",19860212,1986,2,12,-11.3,-7.5,0.7,0
"03490",19860213,1986,2,13,-13.5,-4.5,1.3,0
"03490",19860214,1986,2,14,-6.8,-3.1,-0.3,0
"03490",19860215,1986,2,15,-8.1,-5.2,2.2,0
"03490",19860216,1986,2,16,-10.2,-5,1.7,0
"03490",19860217,1986,2,17,-9,-4.5,3,0
"03490",19860218,1986,2,18,-12,-7.5,-1.8,0
"03490",19860219,1986,2,19,-10.2,-4.6,-2,0.7
"03490",19860220,1986,2,20,-8,-6.3,-3.8,0
"03490",19860221,1986,2,21,-11.5,-9.2,-3.2,0
"03490",19860222,1986,2,22,-14.5,-7.9,-3,0
"03490",19860223,1986,2,23,-9,-5.9,-1,0
"03490",19860224,1986,2,24,-13,-8.1,-2.3,0
"03490",19860225,1986,2,25,-12.1,-8.6,-1.2,0
"03490",19860226,1986,2,26,-15,-7.2,-2,0
"03490",19860227,1986,2,27,-8.5,-3.5,2,0
"03490",19860228,1986,2,28,-5.4,-1.5,3,0
"03490",19860301,1986,3,1,-3.3,-1,3,0
"03490",19860302,1986,3,2,-3.6,-1.5,3.1,0
"03490",19860303,1986,3,3,-4.1,-1.4,0.8,0
"03490",19860304,1986,3,4,-3.8,0.6,2,18
"03490",19860305,1986,3,5,1.9,7.6,9.1,7.8
"03490",19860306,1986,3,6,4,5.3,8.2,4.5
"03490",19860307,1986,3,7,-1,3.2,7.1,1.2
"03490",19860308,1986,3,8,0,3.2,8,0
"03490",19860309,1986,3,9,0.7,2.4,8,0
"03490",19860310,1986,3,10,-3,3.2,8,0
"03490",19860311,1986,3,11,2.8,3.9,6,0
"03490",19860312,1986,3,12,2.3,3.9,5.9,0
"03490",19860313,1986,3,13,2.5,3.9,6.1,0
"03490",19860314,1986,3,14,0,2.2,7,0
"03490",19860315,1986,3,15,-1.2,5,10.3,0
"03490",19860316,1986,3,16,1.8,4.2,12,0
"03490",19860317,1986,3,17,2,6.2,14,0
"03490",19860318,1986,3,18,3,6.6,16,0
"03490",19860319,1986,3,19,1.3,8.6,16.8,0
"03490",19860320,1986,3,20,3.2,7.8,12,4.1
"03490",19860321,1986,3,21,3,5,8.4,1
"03490",19860322,1986,3,22,2,6.5,10,2
"03490",19860323,1986,3,23,4,6,11.2,5.8
"03490",19860324,1986,3,24,4,5.7,13.8,14.4
"03490",19860325,1986,3,25,3.3,5.1,9,0.6
"03490",19860326,1986,3,26,3.8,6.2,9.1,3
"03490",19860327,1986,3,27,5.3,12.4,14.2,1.5
"03490",19860328,1986,3,28,9,10.8,14,2
"03490",19860329,1986,3,29,4,6.2,11,4
"03490",19860330,1986,3,30,3.2,6.7,8.8,13
"03490",19860331,1986,3,31,5.8,7.3,12,9.9
"03490",19860401,1986,4,1,5,9.4,11.2,0
"03490",19860402,1986,4,2,-0.1,6.1,11.4,0
"03490",19860403,1986,4,3,3,4.5,8,9.7
"03490",19860404,1986,4,4,2.3,3.6,6.2,2.4
"03490",19860405,1986,4,5,2,3.3,4.3,2.5
"03490",19860406,1986,4,6,1,4.2,7,1
"03490",19860407,1986,4,7,3.8,10,16,0.7
"03490",19860408,1986,4,8,6.5,8.4,11,0
"03490",19860409,1986,4,9,4,5.3,7.9,0.8
"03490",19860410,1986,4,10,1.8,3,5,2.6
"03490",19860411,1986,4,11,-2,-0.7,3,0.1
"03490",19860412,1986,4,12,-4.5,-0.3,5.7,0
"03490",19860413,1986,4,13,-3.1,3.3,8.1,0
"03490",19860414,1986,4,14,3.7,6.2,10.6,3.1
"03490",19860415,1986,4,15,3.2,10.5,15.3,1
"03490",19860416,1986,4,16,7,10.4,15.2,0
"03490",19860417,1986,4,17,3.8,6,11,2
"03490",19860418,1986,4,18,3,5,9,5
"03490",19860419,1986,4,19,3,6,9.2,1.8
"03490",19860420,1986,4,20,0.5,7.1,9,1.5
"03490",19860421,1986,4,21,6,10.2,14.1,9.9
"03490",19860422,1986,4,22,7.6,9.6,13,0
"03490",19860423,1986,4,23,3.5,12,14.6,0
"03490",19860424,1986,4,24,8,10.5,15,2
"03490",19860425,1986,4,25,8.8,10.8,14,1.9
"03490",19860426,1986,4,26,9.1,12.4,14,14
"03490",19860427,1986,4,27,6,10.6,14.3,0
"03490",19860428,1986,4,28,5,11.2,15,0
"03490",19860429,1986,4,29,10,11.4,15,2.3
"03490",19860430,1986,4,30,7,8.6,13,0
"03490",19860501,1986,5,1,7,13.5,22.2,0
"03490",19860502,1986,5,2,8.9,18.4,25,0
"03490",19860503,1986,5,3,9,17.8,25,3.8
"03490",19860504,1986,5,4,11,12.8,19,0
"03490",19860505,1986,5,5,10.5,17.7,22,1
"03490",19860506,1986,5,6,11,16.5,22,0
"03490",19860507,1986,5,7,11.8,12.8,16,0
"03490",19860508,1986,5,8,9,12.4,15.8,3
"03490",19860509,1986,5,9,8,12.7,15.2,2
"03490",19860510,1986,5,10,11.8,16.4,18.1,0.5
"03490",19860511,1986,5,11,12,14,18,0
"03490",19860512,1986,5,12,8.2,15.2,23.2,0
"03490",19860513,1986,5,13,8.8,12.8,15,12
"03490",19860514,1986,5,14,11,12.5,17,0
"03490",19860515,1986,5,15,6.8,8.5,17,0.8
"03490",19860516,1986,5,16,3.8,11.7,18.1,0
"03490",19860517,1986,5,17,6.5,16.2,22,0
"03490",19860518,1986,5,18,15,18.5,24,0
"03490",19860519,1986,5,19,13.5,15.9,20,0
"03490",19860520,1986,5,20,12,19.5,23.1,0.6
"03490",19860521,1986,5,21,16,18.2,23.1,0
"03490",19860522,1986,5,22,13,16,22,0
"03490",19860523,1986,5,23,10,17.8,24.3,26.8
"03490",19860524,1986,5,24,10,12.2,17,5.8
"03490",19860525,1986,5,25,6.8,15.5,23,0
"03490",19860526,1986,5,26,9.6,18.1,28.2,0
"03490",19860527,1986,5,27,11.1,17.2,23.1,0
"03490",19860528,1986,5,28,10,11.8,17,0
"03490",19860529,1986,5,29,9,11,15,3.9
"03490",19860530,1986,5,30,7.6,10.2,14,1
"03490",19860531,1986,5,31,4.5,11,16.5,0
"03490",19860601,1986,6,1,9.2,14,18.2,0
"03490",19860602,1986,6,2,9.8,12.4,18,0
"03490",19860603,1986,6,3,7.8,13.8,20,16.5
"03490",19860604,1986,6,4,7,8.6,14,2
"03490",19860605,1986,6,5,6,10.7,13,3.7
"03490",19860606,1986,6,6,8.5,10.2,12.2,8.9
"03490",19860607,1986,6,7,9,10.6,11,7.5
"03490",19860608,1986,6,8,10.7,13.2,17,0
"03490",19860609,1986,6,9,10,17.8,24.7,0
"03490",19860610,1986,6,10,9.8,18.5,26.2,0
"03490",19860611,1986,6,11,10,12.2,17,7.5
"03490",19860612,1986,6,12,10.2,15.1,18,0
"03490",19860613,1986,6,13,7.8,15.6,21.5,0
"03490",19860614,1986,6,14,11.9,20,26.5,0
"03490",19860615,1986,6,15,12.8,23,29.5,0
"03490",19860616,1986,6,16,18,24.8,31,4.5
"03490",19860617,1986,6,17,16,17.5,27.8,45
"03490",19860618,1986,6,18,13,16.2,21,0
"03490",19860619,1986,6,19,15,21,28,0
"03490",19860620,1986,6,20,17,22.2,28.5,0
"03490",19860621,1986,6,21,17.7,21.5,26,0
"03490",19860622,1986,6,22,15.5,22,27.8,0
"03490",19860623,1986,6,23,18,23.5,28,5
"03490",19860624,1986,6,24,14,17.8,22,0
"03490",19860625,1986,6,25,12,19.5,26,0
"03490",19860626,1986,6,26,14,19.8,28.2,0
"03490",19860627,1986,6,27,13.8,22.2,30,0
"03490",19860628,1986,6,28,16,22.5,30,0
"03490",19860629,1986,6,29,14,22,28,0
"03490",19860630,1986,6,30,12,19.5,29,0
"03490",19860701,1986,7,1,16,23.2,31,0
"03490",19860702,1986,7,2,15.5,23.8,31.3,0
"03490",19860703,1986,7,3,17.5,23.8,32,18.2
"03490",19860704,1986,7,4,15,20.1,27.5,0
"03490",19860705,1986,7,5,14,21.5,27,4.7
"03490",19860706,1986,7,6,15.4,16.2,20,1
"03490",19860707,1986,7,7,14,15.7,21,8.5
"03490",19860708,1986,7,8,12.2,16.6,19,5.3
"03490",19860709,1986,7,9,15.8,16.5,20,1.5
"03490",19860710,1986,7,10,14,17.2,20,3.5
"03490",19860711,1986,7,11,13.8,15.5,20,2.5
"03490",19860712,1986,7,12,9.8,14.8,20,0
"03490",19860713,1986,7,13,12,15.2,19,0
"03490",19860714,1986,7,14,10,18.2,22.2,0
"03490",19860715,1986,7,15,17,18,21,0
"03490",19860716,1986,7,16,17,22.8,29,0
"03490",19860717,1986,7,17,16.5,21.4,28,1.8
"03490",19860718,1986,7,18,14.5,18,21.2,0
"03490",19860719,1986,7,19,12,14.5,20,0
"03490",19860720,1986,7,20,9.2,20.5,25,0
"03490",19860721,1986,7,21,16.5,20.2,24,0
"03490",19860722,1986,7,22,16,19.6,26,0
"03490",19860723,1986,7,23,13,14.1,21,21.5
"03490",19860724,1986,7,24,10,13.5,17,0
"03490",19860725,1986,7,25,9,17,20.3,2.6
"03490",19860726,1986,7,26,14.8,18.2,22.2,0
"03490",19860727,1986,7,27,13,18.2,25,0
"03490",19860728,1986,7,28,11.8,20.9,28,0
"03490",19860729,1986,7,29,14,19.6,28.5,0
"03490",19860730,1986,7,30,12.2,19.9,26,0
"03490",19860731,1986,7,31,11.6,22,29.1,0
"03490",19860801,1986,8,1,13.5,17.6,25,0
"03490",19860802,1986,8,2,11,20.4,31,0
"03490",19860803,1986,8,3,14.5,26.9,34.5,0
"03490",19860804,1986,8,4,16.9,19.6,27.9,0.3
"03490",19860805,1986,8,5,12.5,15.8,21,0
"03490",19860806,1986,8,6,8.9,17.8,27.5,0
"03490",19860807,1986,8,7,12.5,17.6,25.1,0
"03490",19860808,1986,8,8,11.3,16.1,23.5,0
"03490",19860809,1986,8,9,10,17.6,23.7,0
"03490",19860810,1986,8,10,10.8,19.5,26,0
"03490",19860811,1986,8,11,11.7,18.5,27,5.4
"03490",19860812,1986,8,12,15.2,18.8,23.1,0
"03490",19860813,1986,8,13,14.7,16.6,20.5,0.9
"03490",19860814,1986,8,14,11.8,18.3,26,0
"03490",19860815,1986,8,15,12.6,19.1,24.5,2.6
"03490",19860816,1986,8,16,14,17.4,25,0
"03490",19860817,1986,8,17,14.5,18.4,24.2,2.1
"03490",19860818,1986,8,18,13.8,16,20,3.1
"03490",19860819,1986,8,19,11.8,12.9,16,18.3
"03490",19860820,1986,8,20,10,13,18,0
"03490",19860821,1986,8,21,6.5,13.1,19,2.8
"03490",19860822,1986,8,22,12.2,16.6,20,3.6
"03490",19860823,1986,8,23,12,14.2,18,2.3
"03490",19860824,1986,8,24,11,12.6,17,2.2
"03490",19860825,1986,8,25,9,13,19,1.3
"03490",19860826,1986,8,26,12,16,20,2.8
"03490",19860827,1986,8,27,12.2,13.7,18,0
"03490",19860828,1986,8,28,8.8,11.8,18,0
"03490",19860829,1986,8,29,9,12.4,17,3.2
"03490",19860830,1986,8,30,10.2,12.8,15,0
"03490",19860831,1986,8,31,11.8,12.2,15,0.8
"03490",19860901,1986,9,1,3,10.4,14,0.7
"03490",19860902,1986,9,2,9.2,15.2,19,0
"03490",19860903,1986,9,3,10.1,12.1,17.2,6.8
"03490",19860904,1986,9,4,9,10.8,16,0.3
"03490",19860905,1986,9,5,4.5,11.6,21,0
"03490",19860906,1986,9,6,8.8,14,21.2,1
"03490",19860907,1986,9,7,8,11.6,17.5,0
"03490",19860908,1986,9,8,7.3,12.8,19.2,0
"03490",19860909,1986,9,9,6,10.7,17.3,0
"03490",19860910,1986,9,10,5.8,10.8,18.4,0
"03490",19860911,1986,9,11,5,12.4,19.5,0
"03490",19860912,1986,9,12,9.8,11.7,13,7.7
"03490",19860913,1986,9,13,11.2,14.2,15.5,1
"03490",19860914,1986,9,14,12.8,20,23.8,0
"03490",19860915,1986,9,15,11.9,13.5,20.5,42.7
"03490",19860916,1986,9,16,9,9.8,12.2,14.2
"03490",19860917,1986,9,17,8.6,10.5,12,8.2
"03490",19860918,1986,9,18,5.5,8.5,13.8,0
"03490",19860919,1986,9,19,3.8,8,16,0
"03490",19860920,1986,9,20,3,9.8,18.9,0
"03490",19860921,1986,9,21,4,11.4,21.1,0
"03490",19860922,1986,9,22,6.3,12.4,21.5,0
"03490",19860923,1986,9,23,10,16.4,22.1,0
"03490",19860924,1986,9,24,8.8,14,21,0
"03490",19860925,1986,9,25,5.8,10.4,18,0
"03490",19860926,1986,9,26,4.8,10.8,18,0
"03490",19860927,1986,9,27,6,12.2,19,0
"03490",19860928,1986,9,28,8,12.1,18.3,0
"03490",19860929,1986,9,29,6.9,15.6,21.5,0
"03490",19860930,1986,9,30,11,15.1,22,0
"03490",19861001,1986,10,1,8,13.4,23.8,0
"03490",19861002,1986,10,2,8.2,14,23.5,0
"03490",19861003,1986,10,3,11,14.5,20,0
"03490",19861004,1986,10,4,9,12,20.1,0
"03490",19861005,1986,10,5,6.9,13.5,24,0
"03490",19861006,1986,10,6,12,17.8,20,0
"03490",19861007,1986,10,7,13,17.1,19.5,1
"03490",19861008,1986,10,8,11.5,14.8,20.5,0
"03490",19861009,1986,10,9,7.3,13,22.1,0
"03490",19861010,1986,10,10,7,12.1,20.3,0
"03490",19861011,1986,10,11,8,15.5,21.2,0
"03490",19861012,1986,10,12,9.8,12.4,17.9,0
"03490",19861013,1986,10,13,6.9,13.5,20,0
"03490",19861014,1986,10,14,12,16.2,25,0
"03490",19861015,1986,10,15,12.2,16.9,23,0
"03490",19861016,1986,10,16,15,15.6,17,3.4
"03490",19861017,1986,10,17,11.9,12.9,15,1
"03490",19861018,1986,10,18,10,13.8,17,1.5
"03490",19861019,1986,10,19,7,12.5,15,1
"03490",19861020,1986,10,20,10,12.2,17,7.4
"03490",19861021,1986,10,21,9,13,15,10
"03490",19861022,1986,10,22,12,14,18,26.3
"03490",19861023,1986,10,23,7,9.1,13,0.5
"03490",19861024,1986,10,24,3,8.5,12,0
"03490",19861025,1986,10,25,8,11,14.8,1.5
"03490",19861026,1986,10,26,7,8.8,12.2,0
"03490",19861027,1986,10,27,7,10,13,0.3
"03490",19861028,1986,10,28,9,11.6,14,2.3
"03490",19861029,1986,10,29,3,8.5,15,2.2
"03490",19861030,1986,10,30,0.2,8.3,13.5,0
"03490",19861031,1986,10,31,9,11.7,14,3.5
"03490",19861101,1986,11,1,9.8,14,16,5
"03490",19861102,1986,11,2,7,8.8,13,0.5
"03490",19861103,1986,11,3,5,7.2,10,0.6
"03490",19861104,1986,11,4,4.8,8.8,11,0
"03490",19861105,1986,11,5,5,9.8,12.2,2.8
"03490",19861106,1986,11,6,5.5,9.4,13,0
"03490",19861107,1986,11,7,1.7,4,10.2,0
"03490",19861108,1986,11,8,0,4.2,11.9,1
"03490",19861109,1986,11,9,0.1,4.7,10.1,0
"03490",19861110,1986,11,10,3.3,11.6,16.5,0
"03490",19861111,1986,11,11,4.1,13.8,18,0
"03490",19861112,1986,11,12,5.1,9.2,16,0
"03490",19861113,1986,11,13,4.1,11.9,16.9,0.4
"03490",19861114,1986,11,14,9.8,14.2,17.9,0
"03490",19861115,1986,11,15,9.1,13.8,20.1,1.6
"03490",19861116,1986,11,16,10.3,14.8,17.2,0.3
"03490",19861117,1986,11,17,10,12.4,16.9,0.4
"03490",19861118,1986,11,18,7.9,11.6,13.2,0
"03490",19861119,1986,11,19,12,13.4,13.9,0.6
"03490",19861120,1986,11,20,3.9,8.2,13.1,0
"03490",19861121,1986,11,21,0.8,7,9,2.8
"03490",19861122,1986,11,22,4.6,11.4,13.9,1.5
"03490",19861123,1986,11,23,4.9,7,11.2,0.2
"03490",19861124,1986,11,24,7.1,10.4,12,1
"03490",19861125,1986,11,25,11.5,13.6,14.2,0
"03490",19861126,1986,11,26,8.1,10.6,13.2,1
"03490",19861127,1986,11,27,2.2,5.6,12,0
"03490",19861128,1986,11,28,0,2.1,7.2,0
"03490",19861129,1986,11,29,-2.1,0.6,7.3,0
"03490",19861130,1986,11,30,-4,-2.2,5.1,0
"03490",19861201,1986,12,1,-4.8,-0.2,6.5,0
"03490",19861202,1986,12,2,-1,6.4,9,0.3
"03490",19861203,1986,12,3,0.8,4,13.1,0
"03490",19861204,1986,12,4,0.5,8,11.9,0
"03490",19861205,1986,12,5,1,8.8,12,0
"03490",19861206,1986,12,6,6,7.5,12,5
"03490",19861207,1986,12,7,4.5,9,11,0
"03490",19861208,1986,12,8,6,12.9,17,0
"03490",19861209,1986,12,9,5.2,9.2,14.8,0
"03490",19861210,1986,12,10,0,4.6,10.8,0
"03490",19861211,1986,12,11,-0.5,1.7,6,0
"03490",19861212,1986,12,12,0.2,3.8,6.5,0
"03490",19861213,1986,12,13,3,6.3,8,0
"03490",19861214,1986,12,14,2.5,5.6,8.9,1.5
"03490",19861215,1986,12,15,0,4.5,6.3,1.7
"03490",19861216,1986,12,16,4,5.4,7,1.5
"03490",19861217,1986,12,17,4.7,7.8,9,2
"03490",19861218,1986,12,18,7,12.2,13,5.5
"03490",19861219,1986,12,19,3,5.8,14,9
"03490",19861220,1986,12,20,4,5.8,6,2.8
"03490",19861221,1986,12,21,4,4.8,6.2,0
"03490",19861222,1986,12,22,0,1.8,4,5.3
"03490",19861223,1986,12,23,0,1.7,3.5,0.3
"03490",19861224,1986,12,24,-6.5,-3.4,1.8,1
"03490",19861225,1986,12,25,-10,-0.4,2,7.2
"03490",19861226,1986,12,26,0.9,4.5,6,4
"03490",19861227,1986,12,27,4,5.9,6.5,2
"03490",19861228,1986,12,28,5.5,8.8,10.5,0
"03490",19861229,1986,12,29,10,11,12.2,3
"03490",19861230,1986,12,30,9,10.3,11.8,6
"03490",19861231,1986,12,31,9,10,11.5,4.5
"03490",19870101,1987,1,1,9,10.8,12,15
"03490",19870102,1987,1,2,7.2,8.4,12,0.8
"03490",19870103,1987,1,3,-2.6,2,8,1
"03490",19870104,1987,1,4,4,4.5,5.5,2
"03490",19870105,1987,1,5,4,7.2,8,3.2
"03490",19870106,1987,1,6,1.8,4.2,7,1.8
"03490",19870107,1987,1,7,-4.8,-2.5,2,0
"03490",19870108,1987,1,8,-8.2,-2,0,0
"03490",19870109,1987,1,9,-3,-1.8,0,0
"03490",19870110,1987,1,10,-7,-5.1,-2,1.5
"03490",19870111,1987,1,11,-14,-11.6,-6,0
"03490",19870112,1987,1,12,-12,-9.3,-8,0
"03490",19870113,1987,1,13,-13.4,-9.8,-7,0
"03490",19870114,1987,1,14,-12,-9,-3,0
"03490",19870115,1987,1,15,-12,-8.5,-7,5.7
"03490",19870116,1987,1,16,-8,-5.6,-5.2,0
"03490",19870117,1987,1,17,-5.2,-4,-3.5,0
"03490",19870118,1987,1,18,-10,-6.4,-2,0
"03490",19870119,1987,1,19,-10,-3.6,-3,0
"03490",19870120,1987,1,20,-3.5,-1.8,-1,0
"03490",19870121,1987,1,21,-5,-3.2,-2,0.1
"03490",19870122,1987,1,22,-4.5,0.9,2,0.4
"03490",19870123,1987,1,23,1.8,5.2,8,5
"03490",19870124,1987,1,24,4,4.5,7.5,0.2
"03490",19870125,1987,1,25,3,4.6,6,0.2
"03490",19870126,1987,1,26,2.8,3.4,5,1.5
"03490",19870127,1987,1,27,-2,0,2.8,0.5
"03490",19870128,1987,1,28,-1,2.9,4.5,0
"03490",19870129,1987,1,29,-8,-3.1,2,0
"03490",19870130,1987,1,30,-10,-8.5,-4,0
"03490",19870131,1987,1,31,-12,-6.2,0,0
"03490",19870201,1987,2,1,-10,-5.4,1,0
"03490",19870202,1987,2,2,-9.5,-3.8,2,0
"03490",19870203,1987,2,3,-6,0,2,0
"03490",19870204,1987,2,4,1,3,4,0
"03490",19870205,1987,2,5,4,5.9,8,0
"03490",19870206,1987,2,6,4.8,8.7,9.5,6
"03490",19870207,1987,2,7,2,5,9.5,1
"03490",19870208,1987,2,8,1.5,10.2,12.8,0
"03490",19870209,1987,2,9,8,10,15,0.5
"03490",19870210,1987,2,10,7.2,9,11,0
"03490",19870211,1987,2,11,0,4.8,8,1.3
"03490",19870212,1987,2,12,3.5,6.8,12,4.4
"03490",19870213,1987,2,13,2.8,4.4,9,0
"03490",19870214,1987,2,14,2,4.8,7,5.8
"03490",19870215,1987,2,15,2,2.3,4,16.2
"03490",19870216,1987,2,16,1,2.2,3.2,4
"03490",19870217,1987,2,17,0,0.5,1.9,10.5
"03490",19870218,1987,2,18,-1,0,1.5,4.5
"03490",19870219,1987,2,19,-1.2,0.6,1.6,0
"03490",19870220,1987,2,20,1,2.6,3.2,13
"03490",19870221,1987,2,21,0,0.8,3.2,5
"03490",19870222,1987,2,22,-1,2.8,4.5,1
"03490",19870223,1987,2,23,-3,0.6,5,0
"03490",19870224,1987,2,24,-9,-3,4.8,0
"03490",19870225,1987,2,25,-8,-3.1,5,0
"03490",19870226,1987,2,26,-4,4.8,8,12
"03490",19870227,1987,2,27,4,9.2,13,8
"03490",19870228,1987,2,28,7,12.2,14,2.3
"03490",19870301,1987,3,1,8.6,9.8,13.7,9
"03490",19870302,1987,3,2,1.8,7,13.9,4.5
"03490",19870303,1987,3,3,-6.1,-5.1,1.8,0
"03490",19870304,1987,3,4,-10.6,-4.6,0.3,0
"03490",19870305,1987,3,5,-7.4,-3.8,3,0
"03490",19870306,1987,3,6,-7.3,-1.3,4.4,0
"03490",19870307,1987,3,7,-6.6,-2.6,2.2,0
"03490",19870308,1987,3,8,-5.7,-1.4,2.7,0
"03490",19870309,1987,3,9,-3.8,-0.9,3.4,0
"03490",19870310,1987,3,10,-6.3,-1.7,6.1,0
"03490",19870311,1987,3,11,-6.7,-1,7.8,0
"03490",19870312,1987,3,12,-7,-4.2,3.2,0
"03490",19870313,1987,3,13,-8.1,-3.4,3.4,0
"03490",19870314,1987,3,14,-7.4,-1.9,4.2,0
"03490",19870315,1987,3,15,-6,-0.8,5.2,11.6
"03490",19870316,1987,3,16,-1.2,0.4,3.7,6.5
"03490",19870317,1987,3,17,0.1,3.8,4.9,8
"03490",19870318,1987,3,18,1.5,3.8,8,1.5
"03490",19870319,1987,3,19,0,1,4.7,0.5
"03490",19870320,1987,3,20,-1,2.3,5,0.5
"03490",19870321,1987,3,21,0.5,5.2,8.5,6
"03490",19870322,1987,3,22,-0.5,2.3,8.1,0
"03490",19870323,1987,3,23,-0.5,10.2,11.9,1.2
"03490",19870324,1987,3,24,10.2,11.9,14.8,5.2
"03490",19870325,1987,3,25,8.9,13,15.9,0
"03490",19870326,1987,3,26,7,10.5,15,0
"03490",19870327,1987,3,27,7.9,12.8,14.1,0
"03490",19870328,1987,3,28,5.9,8.4,14,4.2
"03490",19870329,1987,3,29,3.2,4.2,5.9,0
"03490",19870330,1987,3,30,0.6,5.1,9.2,1.1
"03490",19870331,1987,3,31,3.9,5.8,10.1,0
"03490",19870401,1987,4,1,0.5,7.4,12.1,0
"03490",19870402,1987,4,2,-0.2,5.6,11.3,0
"03490",19870403,1987,4,3,3.9,8.8,16.5,0
"03490",19870404,1987,4,4,8.9,10.6,12.1,0
"03490",19870405,1987,4,5,6.9,10.3,17.3,0
"03490",19870406,1987,4,6,6.9,11.5,17.3,0.3
"03490",19870407,1987,4,7,3.9,13,20.9,0.9
"03490",19870408,1987,4,8,8.2,12.6,17.9,0
"03490",19870409,1987,4,9,6.9,11.5,14.9,0.3
"03490",19870410,1987,4,10,4.8,8,13.1,2.4
"03490",19870411,1987,4,11,0.9,8.6,12.1,2
"03490",19870412,1987,4,12,3.5,5.7,7.1,20.6
"03490",19870413,1987,4,13,3.9,6.3,10.1,0
"03490",19870414,1987,4,14,0.9,9.2,15.5,0
"03490",19870415,1987,4,15,7.9,9.6,13.5,0
"03490",19870416,1987,4,16,7.9,12.2,15.9,0
"03490",19870417,1987,4,17,9.1,12.9,20.5,0
"03490",19870418,1987,4,18,6.5,16.1,23.1,0
"03490",19870419,1987,4,19,10.2,16.1,20.9,1.6
"03490",19870420,1987,4,20,7.5,12,16.1,0.7
"03490",19870421,1987,4,21,6.2,8.9,13.1,0.4
"03490",19870422,1987,4,22,3.1,9.4,17.5,0
"03490",19870423,1987,4,23,3.9,12,20.5,0
"03490",19870424,1987,4,24,5.8,14.7,24.5,0
"03490",19870425,1987,4,25,6.5,18,26.5,0
"03490",19870426,1987,4,26,9.5,14.6,19.1,0
"03490",19870427,1987,4,27,8.7,13.2,22,0
"03490",19870428,1987,4,28,3.1,14.2,23.1,0
"03490",19870429,1987,4,29,7.8,20,27.1,0
"03490",19870430,1987,4,30,9.8,14.9,24.2,2.8
"03490",19870501,1987,5,1,10.2,14.2,20.4,0
"03490",19870502,1987,5,2,10.2,12.9,19,0
"03490",19870503,1987,5,3,6.2,9.2,12.1,14.2
"03490",19870504,1987,5,4,6,7.1,7.5,1.3
"03490",19870505,1987,5,5,7.2,10.4,15.2,0
"03490",19870506,1987,5,6,7.9,9.2,11.1,0
"03490",19870507,1987,5,7,5.8,9.7,13.9,0
"03490",19870508,1987,5,8,3.8,10.2,15.1,0
"03490",19870509,1987,5,9,3.9,16,25.1,0
"03490",19870510,1987,5,10,5.1,11.1,19.5,0.3
"03490",19870511,1987,5,11,3.7,12.4,16.1,0.5
"03490",19870512,1987,5,12,8,10.6,15.1,1.5
"03490",19870513,1987,5,13,5.2,6.5,10.2,3.5
"03490",19870514,1987,5,14,2.9,8.4,12.1,0
"03490",19870515,1987,5,15,7.8,9.8,14.2,0.3
"03490",19870516,1987,5,16,3.5,6.5,12.8,0
"03490",19870517,1987,5,17,3.5,9.3,13,0
"03490",19870518,1987,5,18,7,10.7,15.2,1
"03490",19870519,1987,5,19,6.8,11.3,17.1,2
"03490",19870520,1987,5,20,6,7.9,11.4,4.5
"03490",19870521,1987,5,21,5,6.8,10.9,14.2
"03490",19870522,1987,5,22,6,9.8,13.8,3.5
"03490",19870523,1987,5,23,8.1,10,12.2,0
"03490",19870524,1987,5,24,7.5,15,19,0
"03490",19870525,1987,5,25,10,16.2,22.5,0
"03490",19870526,1987,5,26,9.8,15.8,23.9,0
"03490",19870527,1987,5,27,11,16.8,19.2,0
"03490",19870528,1987,5,28,9.9,11.3,16.2,2.5
"03490",19870529,1987,5,29,9.8,12.1,14.5,2
"03490",19870530,1987,5,30,8.9,15.2,17,5
"03490",19870531,1987,5,31,11.5,13.1,17.1,12.8
"03490",19870601,1987,6,1,7.5,15.3,22.1,1
"03490",19870602,1987,6,2,12,14.9,18.7,11
"03490",19870603,1987,6,3,13,16,20.1,10
"03490",19870604,1987,6,4,11,14.4,20,9.1
"03490",19870605,1987,6,5,11,14,19.5,0
"03490",19870606,1987,6,6,10.2,16.6,22,0
"03490",19870607,1987,6,7,14.8,18.8,23,0
"03490",19870608,1987,6,8,11.2,13.6,19.2,0
"03490",19870609,1987,6,9,5.8,11.9,18,1
"03490",19870610,1987,6,10,6.8,14.2,20.3,0
"03490",19870611,1987,6,11,10.1,17.9,21.5,5
"03490",19870612,1987,6,12,12.8,15.2,19.1,17.5
"03490",19870613,1987,6,13,11.1,14.6,20.5,6.7
"03490",19870614,1987,6,14,12.5,14,18.1,1.8
"03490",19870615,1987,6,15,11.4,12.6,14.1,14
"03490",19870616,1987,6,16,10.1,12,16,0.4
"03490",19870617,1987,6,17,6.5,11.8,16.1,3
"03490",19870618,1987,6,18,10,12.8,17,0
"03490",19870619,1987,6,19,8,13.7,17.2,5
"03490",19870620,1987,6,20,10.2,14.2,16.8,5.5
"03490",19870621,1987,6,21,11.2,15.1,20,1
"03490",19870622,1987,6,22,12.8,14,18,6
"03490",19870623,1987,6,23,12.8,15.6,18.2,1
"03490",19870624,1987,6,24,13,14.8,18.1,5
"03490",19870625,1987,6,25,10.6,15.1,20.5,10
"03490",19870626,1987,6,26,13.3,14.9,19.2,23
"03490",19870627,1987,6,27,11.9,19.8,24.2,0
"03490",19870628,1987,6,28,18,21.9,27,0
"03490",19870629,1987,6,29,16.8,23.7,31.2,0
"03490",19870630,1987,6,30,19.1,23.2,32,4
"03490",19870701,1987,7,1,18,20.6,25.1,0
"03490",19870702,1987,7,2,14.1,19.9,23,0
"03490",19870703,1987,7,3,14.8,22.4,26.1,0
"03490",19870704,1987,7,4,15,21,27,0
"03490",19870705,1987,7,5,14,23.6,28,0
"03490",19870706,1987,7,6,18,21.5,30,0
"03490",19870707,1987,7,7,15,22.7,30,40.2
"03490",19870708,1987,7,8,17,19.8,23,0
"03490",19870709,1987,7,9,17.3,19,23,0
"03490",19870710,1987,7,10,10.5,17.8,24.8,0
"03490",19870711,1987,7,11,14,23.4,31,0
"03490",19870712,1987,7,12,17.9,21.6,24,0
"03490",19870713,1987,7,13,15.1,19.4,28.5,0
"03490",19870714,1987,7,14,11.8,22.2,28.2,0
"03490",19870715,1987,7,15,17,22.1,28,0
"03490",19870716,1987,7,16,17.3,22.4,30.3,10.8
"03490",19870717,1987,7,17,18,19.8,24.5,6.2
"03490",19870718,1987,7,18,15.3,19.2,23,0
"03490",19870719,1987,7,19,13.2,20.3,25,1.2
"03490",19870720,1987,7,20,16,17.9,22,9
"03490",19870721,1987,7,21,14.8,16.5,19,6.5
"03490",19870722,1987,7,22,14.9,16.9,23,14
"03490",19870723,1987,7,23,15,18.6,22.2,2
"03490",19870724,1987,7,24,14.8,17.8,22.1,1
"03490",19870725,1987,7,25,13.5,16.1,20,0.2
"03490",19870726,1987,7,26,12,13.2,17.1,6
"03490",19870727,1987,7,27,12,15,18.4,5.2
"03490",19870728,1987,7,28,13,14.6,17.8,1.5
"03490",19870729,1987,7,29,13.2,16.6,23,9.8
"03490",19870730,1987,7,30,14,15.6,21.5,22
"03490",19870731,1987,7,31,11,16.9,19,1.3
"03490",19870801,1987,8,1,15.2,17.3,20.1,0.5
"03490",19870802,1987,8,2,15.2,16.2,18.2,3.5
"03490",19870803,1987,8,3,11.1,15,21.8,12
"03490",19870804,1987,8,4,10,13.7,19.1,1.6
"03490",19870805,1987,8,5,11,12.6,16.9,1.8
"03490",19870806,1987,8,6,9.8,12,18.2,0
"03490",19870807,1987,8,7,5.5,16,22,0
"03490",19870808,1987,8,8,8,18.9,23,5
"03490",19870809,1987,8,9,14,15.1,19.5,17.2
"03490",19870810,1987,8,10,13.5,15.5,20,0
"03490",19870811,1987,8,11,11,16,23,0
"03490",19870812,1987,8,12,13.8,19.2,24.2,0
"03490",19870813,1987,8,13,14,19.5,26.1,0
"03490",19870814,1987,8,14,17.2,21.6,26,0
"03490",19870815,1987,8,15,14.9,17.2,22,0
"03490",19870816,1987,8,16,13.5,19.1,27.1,0
"03490",19870817,1987,8,17,18,24.1,31.2,11
"03490",19870818,1987,8,18,19.9,21,24.2,7
"03490",19870819,1987,8,19,18,20.6,25.5,0
"03490",19870820,1987,8,20,16,20,27.8,0
"03490",19870821,1987,8,21,14.8,22.8,33.2,0
"03490",19870822,1987,8,22,16.8,23.8,32,12.5
"03490",19870823,1987,8,23,17.3,20.1,26,0.5
"03490",19870824,1987,8,24,18,20.2,25,2.5
"03490",19870825,1987,8,25,15.3,17.2,20.5,2
"03490",19870826,1987,8,26,15,16.7,19.7,0
"03490",19870827,1987,8,27,13,16.8,22,1.8
"03490",19870828,1987,8,28,15.8,19,21,1
"03490",19870829,1987,8,29,17.9,20.2,23.1,0
"03490",19870830,1987,8,30,15.8,19.8,24.5,0
"03490",19870831,1987,8,31,12.2,16,23.1,0
"03490",19870901,1987,9,1,16,21.8,29.1,1.2
"03490",19870902,1987,9,2,17.9,21,26,0
"03490",19870903,1987,9,3,15,21.4,28.2,0
"03490",19870904,1987,9,4,17.2,20.4,24.2,10
"03490",19870905,1987,9,5,17.1,19.1,24,0
"03490",19870906,1987,9,6,12.2,18.3,22.1,1
"03490",19870907,1987,9,7,14.2,16.6,24,0
"03490",19870908,1987,9,8,13,15.8,21.3,9
"03490",19870909,1987,9,9,11.8,17.4,22.1,0
"03490",19870910,1987,9,10,10.8,17.9,22.2,0.5
"03490",19870911,1987,9,11,15.4,19.6,22.5,0
"03490",19870912,1987,9,12,18.2,23.6,26.5,0
"03490",19870913,1987,9,13,20,22.9,24.2,3.7
"03490",19870914,1987,9,14,16.5,18.2,24,2.6
"03490",19870915,1987,9,15,12,15.4,20.4,0
"03490",19870916,1987,9,16,9,17.4,24,0
"03490",19870917,1987,9,17,12,19.6,25.1,0
"03490",19870918,1987,9,18,16,20,26,0.5
"03490",19870919,1987,9,19,13,16.8,21.2,0
"03490",19870920,1987,9,20,15,19.5,25.5,0
"03490",19870921,1987,9,21,12.3,20.4,30.2,0
"03490",19870922,1987,9,22,17.4,20.7,24.9,10
"03490",19870923,1987,9,23,14.9,17,22,5.8
"03490",19870924,1987,9,24,11,14.4,19.2,3
"03490",19870925,1987,9,25,10,12.1,18.1,0
"03490",19870926,1987,9,26,7.6,11.7,16.8,2
"03490",19870927,1987,9,27,8.2,10.1,16.5,0
"03490",19870928,1987,9,28,4.2,9.2,13,0
"03490",19870929,1987,9,29,5.1,9.5,14,0
"03490",19870930,1987,9,30,3,10.2,14.8,0
"03490",19871001,1987,10,1,3.6,8.9,16.5,0
"03490",19871002,1987,10,2,5.7,12,17.5,0
"03490",19871003,1987,10,3,2.1,10.6,16.5,0
"03490",19871004,1987,10,4,6.1,12.4,19,0
"03490",19871005,1987,10,5,10.1,13.1,19.9,0.9
"03490",19871006,1987,10,6,10.2,16.8,20,4.4
"03490",19871007,1987,10,7,9.8,14.7,16.5,4.2
"03490",19871008,1987,10,8,8.1,11.1,16.6,4.6
"03490",19871009,1987,10,9,7.8,12.1,16.7,0
"03490",19871010,1987,10,10,10.9,18.3,21.5,0
"03490",19871011,1987,10,11,9,11.1,20,15
"03490",19871012,1987,10,12,6.1,9.2,10.9,14.5
"03490",19871013,1987,10,13,5.8,12.6,16,0
"03490",19871014,1987,10,14,8,12,16,5.8
"03490",19871015,1987,10,15,12,17.7,20,1.2
"03490",19871016,1987,10,16,13.8,16.5,21.2,0
"03490",19871017,1987,10,17,6.8,9.6,18,0
"03490",19871018,1987,10,18,4,11.4,18,0
"03490",19871019,1987,10,19,8,12.4,17.8,0
"03490",19871020,1987,10,20,6,11,14,0
"03490",19871021,1987,10,21,6.8,10.8,18.8,2
"03490",19871022,1987,10,22,6.5,9.2,14,1.1
"03490",19871023,1987,10,23,5.2,9,11.5,9.5
"03490",19871024,1987,10,24,7,8.8,10.1,0.3
"03490",19871025,1987,10,25,3,6,12.9,0
"03490",19871026,1987,10,26,3,10.6,12.8,0
"03490",19871027,1987,10,27,10.8,13,15.2,0
"03490",19871028,1987,10,28,12,13.9,17.1,0
"03490",19871029,1987,10,29,10.9,13.1,15.2,0
"03490",19871030,1987,10,30,8.2,10.3,14,0
"03490",19871031,1987,10,31,6.8,11,15,0
"03490",19871101,1987,11,1,10,13.2,16,2.3
"03490",19871102,1987,11,2,8,10.2,13.1,0
"03490",19871103,1987,11,3,7,8.8,10.6,0
"03490",19871104,1987,11,4,1,5.6,11.8,0
"03490",19871105,1987,11,5,0.2,5.2,12.4,0
"03490",19871106,1987,11,6,0,4,6,0
"03490",19871107,1987,11,7,0.9,4,8,0
"03490",19871108,1987,11,8,0,2.2,6,0
"03490",19871109,1987,11,9,-0.1,7.1,9.1,0
"03490",19871110,1987,11,10,6.1,7.5,8,3.9
"03490",19871111,1987,11,11,7,11.1,12.2,1.5
"03490",19871112,1987,11,12,7,10.3,12,3.5
"03490",19871113,1987,11,13,7.8,9.3,12.2,2.6
"03490",19871114,1987,11,14,6.2,7.9,10.2,3.2
"03490",19871115,1987,11,15,2,6,9.2,4.1
"03490",19871116,1987,11,16,9,12.1,16,0.5
"03490",19871117,1987,11,17,10.5,11.1,12.2,0
"03490",19871118,1987,11,18,10,12,14,0
"03490",19871119,1987,11,19,8.8,10.2,12,7.2
"03490",19871120,1987,11,20,8,8.4,9.2,9.3
"03490",19871121,1987,11,21,8.1,9,10.8,3
"03490",19871122,1987,11,22,8,8.5,9.1,6
"03490",19871123,1987,11,23,7,8,9,0
"03490",19871124,1987,11,24,1.2,4.4,7.5,3
"03490",19871125,1987,11,25,2.9,3.2,5,11.5
"03490",19871126,1987,11,26,2,3.7,6.1,0
"03490",19871127,1987,11,27,3.8,4.5,6.1,9
"03490",19871128,1987,11,28,3.2,4.4,5,1
"03490",19871129,1987,11,29,2,3.7,6,0
"03490",19871130,1987,11,30,0.9,2.2,5.2,0
"03490",19871201,1987,12,1,0,2,5.1,0
"03490",19871202,1987,12,2,1,3,4.2,0
"03490",19871203,1987,12,3,1.8,3.8,5.1,0
"03490",19871204,1987,12,4,0,2.3,4.1,0
"03490",19871205,1987,12,5,0,4.4,7.1,0
"03490",19871206,1987,12,6,-0.2,1.4,4,0.2
"03490",19871207,1987,12,7,-5,-1.8,2.3,0
"03490",19871208,1987,12,8,-7.1,-5,1,0
"03490",19871209,1987,12,9,-10.1,-6.1,-0.2,0
"03490",19871210,1987,12,10,-8,-0.5,1,0
"03490",19871211,1987,12,11,0.5,4.9,7,4.3
"03490",19871212,1987,12,12,2,3.2,5,0
"03490",19871213,1987,12,13,0,1.3,3,0
"03490",19871214,1987,12,14,0,1,1.8,0.3
"03490",19871215,1987,12,15,1,2.6,3.5,2.3
"03490",19871216,1987,12,16,1.8,10.4,13.2,4
"03490",19871217,1987,12,17,13,15,16.1,2.5
"03490",19871218,1987,12,18,13.3,15.9,19,13.5
"03490",19871219,1987,12,19,8.3,10.3,13.5,0
"03490",19871220,1987,12,20,10.1,12.4,14,0
"03490",19871221,1987,12,21,9.8,10.6,12,0
"03490",19871222,1987,12,22,5,7.5,11,0.2
"03490",19871223,1987,12,23,-0.3,1.8,6.5,0
"03490",19871224,1987,12,24,-3,1.4,4,0
"03490",19871225,1987,12,25,2.2,6,8.1,0.3
"03490",19871226,1987,12,26,5.5,10.2,12,0
"03490",19871227,1987,12,27,8,10.4,12,0
"03490",19871228,1987,12,28,8,10.8,13.8,0
"03490",19871229,1987,12,29,10.1,11.6,13.2,0
"03490",19871230,1987,12,30,8,11.3,15,1
"03490",19871231,1987,12,31,7.2,10.5,13.2,0
"03490",19880101,1988,1,1,7,10.3,11,0
"03490",19880102,1988,1,2,10,12.4,15,10
"03490",19880103,1988,1,3,8,9.3,11,1.3
"03490",19880104,1988,1,4,7,9.9,11.8,4
"03490",19880105,1988,1,5,8.1,12.7,14.8,0.4
"03490",19880106,1988,1,6,9.1,10.4,14.3,0.7
"03490",19880107,1988,1,7,4.8,6.9,11,4.8
"03490",19880108,1988,1,8,0,3.6,8.2,0.8
"03490",19880109,1988,1,9,-0.2,5.4,9.1,0
"03490",19880110,1988,1,10,6.2,9.6,12.1,2.2
"03490",19880111,1988,1,11,4.9,7,9.2,1
"03490",19880112,1988,1,12,0.1,4.1,6,0
"03490",19880113,1988,1,13,-0.1,4,6.3,0
"03490",19880114,1988,1,14,0.9,4.2,8,0
"03490",19880115,1988,1,15,1,5.2,7.5,0.2
"03490",19880116,1988,1,16,5,7.9,10,2.3
"03490",19880117,1988,1,17,1.5,4.9,9,0
"03490",19880118,1988,1,18,0,3.1,6.5,0
"03490",19880119,1988,1,19,0.6,2.7,7.9,0
"03490",19880120,1988,1,20,-0.5,4,6.2,0.6
"03490",19880121,1988,1,21,2.3,4.9,8.1,0
"03490",19880122,1988,1,22,2.2,3.6,6.1,10
"03490",19880123,1988,1,23,2.5,4,6.1,4.8
"03490",19880124,1988,1,24,3.5,7.1,11.1,2.2
"03490",19880125,1988,1,25,4.2,10.4,12.1,1.3
"03490",19880126,1988,1,26,7,8.1,10.2,2.9
"03490",19880127,1988,1,27,3.9,6.2,11,6.2
"03490",19880128,1988,1,28,4.1,8.1,11.9,3.3
"03490",19880129,1988,1,29,6.9,8.6,10.9,5.5
"03490",19880130,1988,1,30,4.5,6.8,9.1,0
"03490",19880131,1988,1,31,5,5.6,8.1,0.5
"03490",19880201,1988,2,1,5.1,9.1,11.2,4.5
"03490",19880202,1988,2,2,6.8,8,10,4
"03490",19880203,1988,2,3,5.2,9.6,10.9,0
"03490",19880204,1988,2,4,6.5,8.5,10.9,3.5
"03490",19880205,1988,2,5,6,9.2,10,0
"03490",19880206,1988,2,6,3.1,6.3,13,0.8
"03490",19880207,1988,2,7,2.5,5.3,8,5.7
"03490",19880208,1988,2,8,4,7.8,10,1.6
"03490",19880209,1988,2,9,2,5.3,8.9,3.6
"03490",19880210,1988,2,10,3.1,4.8,5.1,5
"03490",19880211,1988,2,11,3,5.4,7.2,9
"03490",19880212,1988,2,12,2,3.8,5.5,8.5
"03490",19880213,1988,2,13,-1,3.1,8.1,0
"03490",19880214,1988,2,14,-0.8,4.7,9,0
"03490",19880215,1988,2,15,-1.5,1.3,9.1,0
"03490",19880216,1988,2,16,-3.1,2.5,11.2,0
"03490",19880217,1988,2,17,1,5.3,7,0.5
"03490",19880218,1988,2,18,5.2,6.8,7.5,0.7
"03490",19880219,1988,2,19,5.9,6.6,8.1,4
"03490",19880220,1988,2,20,3.8,6.4,9,0.3
"03490",19880221,1988,2,21,3.9,7.5,10.1,0
"03490",19880222,1988,2,22,2.9,5.2,10,0.3
"03490",19880223,1988,2,23,3,4.8,7,6
"03490",19880224,1988,2,24,1.5,2.1,3.8,2.5
"03490",19880225,1988,2,25,0.5,1.4,2,2.5
"03490",19880226,1988,2,26,1,1.2,1.9,5
"03490",19880227,1988,2,27,1.2,1.9,3,3.5
"03490",19880228,1988,2,28,0.9,3.4,6.2,6
"03490",19880229,1988,2,29,2.9,3.3,5,7
"03490",19880301,1988,3,1,1,2.2,3.9,6.5
"03490",19880302,1988,3,2,-0.3,2.3,5.1,2.3
"03490",19880303,1988,3,3,1.2,3.5,5.2,4.2
"03490",19880304,1988,3,4,1.8,2.4,4.1,10.5
"03490",19880305,1988,3,5,0.8,1.6,5.1,0.2
"03490",19880306,1988,3,6,0,4.1,7,10
"03490",19880307,1988,3,7,2.1,3.8,5.2,0.8
"03490",19880308,1988,3,8,-0.2,1.5,4.8,0.7
"03490",19880309,1988,3,9,-3,3.7,8,0.3
"03490",19880310,1988,3,10,4.9,6.2,7.8,1.3
"03490",19880311,1988,3,11,4,6.5,8,15
"03490",19880312,1988,3,12,2.8,4.5,7.5,25
"03490",19880313,1988,3,13,1.8,4.7,7.5,9
"03490",19880314,1988,3,14,1.5,3,6.8,5
"03490",19880315,1988,3,15,2.8,9.6,11,3
"03490",19880316,1988,3,16,5.8,7.5,10.3,1.3
"03490",19880317,1988,3,17,1.8,4.1,8.2,0.2
"03490",19880318,1988,3,18,0,2.9,9,0
"03490",19880319,1988,3,19,0,6.6,9,1.3
"03490",19880320,1988,3,20,7.9,11.5,16,0
"03490",19880321,1988,3,21,9.9,11,15,0
"03490",19880322,1988,3,22,8,9.6,12,1
"03490",19880323,1988,3,23,4.9,7.9,12,6.5
"03490",19880324,1988,3,24,5,9.2,11.9,7
"03490",19880325,1988,3,25,5.5,8.2,12.1,4.7
"03490",19880326,1988,3,26,6.5,8,11.8,0
"03490",19880327,1988,3,27,5.5,7.8,10.2,4.2
"03490",19880328,1988,3,28,6,7.9,11.2,1.7
"03490",19880329,1988,3,29,5.8,9,11.1,0.4
"03490",19880330,1988,3,30,3.9,9.5,13,0.9
"03490",19880331,1988,3,31,5,8.8,10.1,0
"03490",19880401,1988,4,1,5,6.5,10.2,0
"03490",19880402,1988,4,2,0.8,5.7,12.9,0
"03490",19880403,1988,4,3,1,7,15.2,0
"03490",19880404,1988,4,4,2.2,8.4,15.1,0
"03490",19880405,1988,4,5,3.8,8.2,11.1,3.3
"03490",19880406,1988,4,6,4.2,12.1,18.9,0
"03490",19880407,1988,4,7,6.5,12.4,19.2,0
"03490",19880408,1988,4,8,8.1,9.4,12.1,1.8
"03490",19880409,1988,4,9,2,3.6,10.1,4
"03490",19880410,1988,4,10,1.2,5.3,12.8,0
"03490",19880411,1988,4,11,2.1,7,14.2,0
"03490",19880412,1988,4,12,1,9.6,15.2,4.6
"03490",19880413,1988,4,13,1,4.1,10.5,0
"03490",19880414,1988,4,14,-1.2,6.4,14.1,0
"03490",19880415,1988,4,15,2.5,11.6,18.1,0
"03490",19880416,1988,4,16,8.1,15,22.1,13
"03490",19880417,1988,4,17,12.1,13.7,18.2,9
"03490",19880418,1988,4,18,11.5,15.8,24.1,3.1
"03490",19880419,1988,4,19,10,16.5,26,5
"03490",19880420,1988,4,20,9.5,12.5,18.1,3.1
"03490",19880421,1988,4,21,6,12.8,18.2,0
"03490",19880422,1988,4,22,9.8,11.7,15.2,0
"03490",19880423,1988,4,23,3.8,5.8,11.1,0
"03490",19880424,1988,4,24,3.5,6.8,13.1,0
"03490",19880425,1988,4,25,3,6.8,14.2,0
"03490",19880426,1988,4,26,0.9,8,15.1,0
"03490",19880427,1988,4,27,2.5,8.9,16.1,0
"03490",19880428,1988,4,28,5,8.6,16.1,4.5
"03490",19880429,1988,4,29,3,10.5,18.1,0
"03490",19880430,1988,4,30,6.2,14.6,21.8,0
"03490",19880501,1988,5,1,10.5,18.4,23.1,0
"03490",19880502,1988,5,2,13.2,14.7,18.2,0
"03490",19880503,1988,5,3,12.2,15.5,19,0
"03490",19880504,1988,5,4,11.5,14.1,19.5,0
"03490",19880505,1988,5,5,5.1,14.8,21,0
"03490",19880506,1988,5,6,7.5,14.8,22.5,0
"03490",19880507,1988,5,7,6.9,20.6,25.2,0
"03490",19880508,1988,5,8,15.8,18,22,0
"03490",19880509,1988,5,9,11.8,18,24.1,0
"03490",19880510,1988,5,10,14,16,19.1,2
"03490",19880511,1988,5,11,10.5,14.4,22.3,0
"03490",19880512,1988,5,12,7,17,25.8,0
"03490",19880513,1988,5,13,8.5,19.1,26.5,0
"03490",19880514,1988,5,14,10.5,18.6,26,0
"03490",19880515,1988,5,15,12.8,19.8,27,0
"03490",19880516,1988,5,16,15,18.9,26,5.5
"03490",19880517,1988,5,17,15,18,24.1,3.8
"03490",19880518,1988,5,18,10.3,13.1,16.1,3.5
"03490",19880519,1988,5,19,10.3,11.7,15.3,5.8
"03490",19880520,1988,5,20,8.3,10.4,14.2,0.9
"03490",19880521,1988,5,21,4.2,11.1,16.1,0
"03490",19880522,1988,5,22,4.5,12.2,20,0
"03490",19880523,1988,5,23,5,13.5,20.1,0
"03490",19880524,1988,5,24,9.1,15,22,0
"03490",19880525,1988,5,25,9.9,19.2,26.1,0
"03490",19880526,1988,5,26,12,19,28.2,15
"03490",19880527,1988,5,27,14.9,15.7,18,8
"03490",19880528,1988,5,28,13,13.6,16,16
"03490",19880529,1988,5,29,8.1,12.8,17.1,1
"03490",19880530,1988,5,30,11.9,14.2,18.2,3.5
"03490",19880531,1988,5,31,10.5,13.7,17.9,1.9
"03490",19880601,1988,6,1,7.8,14.5,17.8,0.9
"03490",19880602,1988,6,2,11.8,15.6,18.2,0
"03490",19880603,1988,6,3,13.2,17.5,21.1,6.3
"03490",19880604,1988,6,4,12.5,14.6,19.5,2
"03490",19880605,1988,6,5,9,14.1,17.2,0
"03490",19880606,1988,6,6,11,11.6,14.5,1
"03490",19880607,1988,6,7,10,11.8,13.1,0.8
"03490",19880608,1988,6,8,12,14.8,17.1,0
"03490",19880609,1988,6,9,12.3,16.8,20.2,0
"03490",19880610,1988,6,10,14.2,17.6,21.2,0
"03490",19880611,1988,6,11,13,16.8,19.2,0
"03490",19880612,1988,6,12,14,16,17.2,0
"03490",19880613,1988,6,13,11.8,19.4,24.9,0
"03490",19880614,1988,6,14,11.9,19.2,25.1,0
"03490",19880615,1988,6,15,13.5,15.8,20.1,0
"03490",19880616,1988,6,16,12,16.4,19.5,0
"03490",19880617,1988,6,17,15,18.5,24,0
"03490",19880618,1988,6,18,11.3,19,26,0
"03490",19880619,1988,6,19,14.5,16.1,19,0
"03490",19880620,1988,6,20,14,16,17.8,0
"03490",19880621,1988,6,21,10.9,18.4,23.1,0.5
"03490",19880622,1988,6,22,12,14.7,21,0.8
"03490",19880623,1988,6,23,10.8,15.8,18.2,0
"03490",19880624,1988,6,24,8.8,14.2,16,0
"03490",19880625,1988,6,25,9.5,17.4,19.3,12
"03490",19880626,1988,6,26,14.5,17.1,19.5,0.6
"03490",19880627,1988,6,27,16.9,19.2,24.2,0
"03490",19880628,1988,6,28,14.8,17.8,23,6
"03490",19880629,1988,6,29,14.9,17.9,23.5,1
"03490",19880630,1988,6,30,16.5,21.2,27.2,6.6
"03490",19880701,1988,7,1,14,18.8,25.2,0
"03490",19880702,1988,7,2,11,16.1,20,7.1
"03490",19880703,1988,7,3,13.9,18.5,22.2,0
"03490",19880704,1988,7,4,16,19.4,25,0.8
"03490",19880705,1988,7,5,14,17,24,0
"03490",19880706,1988,7,6,13,18.3,24,0
"03490",19880707,1988,7,7,14.9,18,22.5,0
"03490",19880708,1988,7,8,14.9,18.7,23,0
"03490",19880709,1988,7,9,14,16.2,21,0
"03490",19880710,1988,7,10,9.2,19.8,27.1,0
"03490",19880711,1988,7,11,12.5,17.8,26.8,11.5
"03490",19880712,1988,7,12,12.1,16.8,22.2,0
"03490",19880713,1988,7,13,11.8,18,22,2.5
"03490",19880714,1988,7,14,14.8,17.3,22,4.6
"03490",19880715,1988,7,15,14.5,16.2,19,10.5
"03490",19880716,1988,7,16,14,15.9,18,0.4
"03490",19880717,1988,7,17,16,17.1,19,4
"03490",19880718,1988,7,18,14,15.3,19.5,0
"03490",19880719,1988,7,19,14,17.8,26.1,0
"03490",19880720,1988,7,20,12,19.3,27.1,0.4
"03490",19880721,1988,7,21,16.9,19,23,0.6
"03490",19880722,1988,7,22,18.1,24.3,29,0
"03490",19880723,1988,7,23,20,24.4,32.8,4
"03490",19880724,1988,7,24,14,16.7,22.8,6.5
"03490",19880725,1988,7,25,10,17.3,26.8,0
"03490",19880726,1988,7,26,13.7,19.6,28.9,6.7
"03490",19880727,1988,7,27,13,15.6,21.1,2.3
"03490",19880728,1988,7,28,11,16.9,24.8,0
"03490",19880729,1988,7,29,13.2,16.4,22.2,0.2
"03490",19880730,1988,7,30,10,16,21.8,0
"03490",19880731,1988,7,31,10.8,16.5,23.1,0
"03490",19880801,1988,8,1,14,21.5,29,0
"03490",19880802,1988,8,2,15.1,18,20.8,1.8
"03490",19880803,1988,8,3,12.9,15.5,21,0
"03490",19880804,1988,8,4,10,18.3,23.5,0
"03490",19880805,1988,8,5,16.9,19.1,25,0
"03490",19880806,1988,8,6,14,20.4,28.5,0
"03490",19880807,1988,8,7,15.8,22.9,31.2,0
"03490",19880808,1988,8,8,16.9,22.2,31.5,5.8
"03490",19880809,1988,8,9,15,21.1,28.2,0
"03490",19880810,1988,8,10,17,22.6,29.1,0
"03490",19880811,1988,8,11,17.8,20.5,26.1,0
"03490",19880812,1988,8,12,15,22.6,28.3,0
"03490",19880813,1988,8,13,16.1,19.7,27,0
"03490",19880814,1988,8,14,13,22,32.1,0
"03490",19880815,1988,8,15,18,20.9,27.1,0
"03490",19880816,1988,8,16,13,17.6,24.1,0
"03490",19880817,1988,8,17,11,18,26,0
"03490",19880818,1988,8,18,12,20.8,29.5,0
"03490",19880819,1988,8,19,14.1,18.8,24.5,3
"03490",19880820,1988,8,20,15,18.3,23.1,0
"03490",19880821,1988,8,21,14.6,16.7,21,1.2
"03490",19880822,1988,8,22,13.1,17.1,20.5,0
"03490",19880823,1988,8,23,11.6,14.4,19.6,0
"03490",19880824,1988,8,24,10,17.4,20,4
"03490",19880825,1988,8,25,14.8,15.4,19,1
"03490",19880826,1988,8,26,14.9,17.5,20.1,0
"03490",19880827,1988,8,27,15.9,18.2,22,1.5
"03490",19880828,1988,8,28,15.3,23.8,30,0
"03490",19880829,1988,8,29,14.5,17.2,24.1,2.2
"03490",19880830,1988,8,30,9,15.7,22.2,0
"03490",19880831,1988,8,31,9.4,17.3,25.2,0
"03490",19880901,1988,9,1,15,19.7,26.1,3.1
"03490",19880902,1988,9,2,13.9,16.3,21.2,0
"03490",19880903,1988,9,3,12.5,15,16.4,10.8
"03490",19880904,1988,9,4,10.2,15.4,19.1,0.2
"03490",19880905,1988,9,5,14,19,24.7,1.2
"03490",19880906,1988,9,6,12.3,16.8,23,0
"03490",19880907,1988,9,7,10,14.5,23.1,0
"03490",19880908,1988,9,8,8,13.9,23.1,0
"03490",19880909,1988,9,9,9,15.5,26,0
"03490",19880910,1988,9,10,10,15.1,23.2,0
"03490",19880911,1988,9,11,9.8,17.8,23,0
"03490",19880912,1988,9,12,8,14.3,20.1,0.5
"03490",19880913,1988,9,13,11.6,13.6,18.1,3.7
"03490",19880914,1988,9,14,11.5,14,17,8.6
"03490",19880915,1988,9,15,11.9,14.9,18,11
"03490",19880916,1988,9,16,12,13.3,14.9,7.4
"03490",19880917,1988,9,17,13,14.9,16.5,1.4
"03490",19880918,1988,9,18,12.9,14.9,16.1,1.1
"03490",19880919,1988,9,19,13,13.9,16,0.2
"03490",19880920,1988,9,20,9.8,12.2,17,0
"03490",19880921,1988,9,21,8.8,12.4,22.5,0
"03490",19880922,1988,9,22,5.9,15.4,23.1,0
"03490",19880923,1988,9,23,12,14.4,16.2,2.7
"03490",19880924,1988,9,24,11,15,16,0.6
"03490",19880925,1988,9,25,15,17.3,18.5,0.9
"03490",19880926,1988,9,26,17,18.6,21.3,0
"03490",19880927,1988,9,27,15,19.3,23.1,0
"03490",19880928,1988,9,28,16.3,17.5,20.1,0.6
"03490",19880929,1988,9,29,10.8,13,18,0
"03490",19880930,1988,9,30,8,11,18.8,0
"03490",19881001,1988,10,1,4,9.8,17,0
"03490",19881002,1988,10,2,4,10,18.1,0
"03490",19881003,1988,10,3,8,11.4,18.1,0
"03490",19881004,1988,10,4,7.8,11.5,18.1,0
"03490",19881005,1988,10,5,6.8,12.7,18,0.3
"03490",19881006,1988,10,6,11,13,16,10
"03490",19881007,1988,10,7,9.8,11,13.5,1.5
"03490",19881008,1988,10,8,9,12.1,14.1,0
"03490",19881009,1988,10,9,12.5,15,20.5,0
"03490",19881010,1988,10,10,6.8,9.4,16,0
"03490",19881011,1988,10,11,5,9.3,11,2.8
"03490",19881012,1988,10,12,9.8,11,14.2,1.6
"03490",19881013,1988,10,13,6.9,11.5,18.1,0
"03490",19881014,1988,10,14,9,12.6,18,0
"03490",19881015,1988,10,15,7.9,12.3,14.1,0
"03490",19881016,1988,10,16,12,13.5,15,0
"03490",19881017,1988,10,17,9.8,12.9,17.1,2.4
"03490",19881018,1988,10,18,9,13.2,16.9,0
"03490",19881019,1988,10,19,11,12.5,15.1,1.8
"03490",19881020,1988,10,20,11.3,12.4,14.1,11.6
"03490",19881021,1988,10,21,7.9,10.1,14.1,0
"03490",19881022,1988,10,22,3,7.1,12.5,0
"03490",19881023,1988,10,23,3.9,7.8,12.3,0
"03490",19881024,1988,10,24,7.3,12.1,14.8,1.1
"03490",19881025,1988,10,25,7.1,10.4,15.2,0.9
"03490",19881026,1988,10,26,8.2,11.8,15.1,0
"03490",19881027,1988,10,27,8.9,16.4,21,0.3
"03490",19881028,1988,10,28,8,12.6,18.3,0
"03490",19881029,1988,10,29,4.9,7.6,12.5,0
"03490",19881030,1988,10,30,0.8,3.2,8.1,0
"03490",19881031,1988,10,31,0,7.3,10,0
"03490",19881101,1988,11,1,NA,NA,NA,NA
"03490",19881102,1988,11,2,NA,NA,NA,NA
"03490",19881103,1988,11,3,NA,NA,NA,NA
"03490",19881104,1988,11,4,NA,NA,NA,NA
"03490",19881105,1988,11,5,NA,NA,NA,NA
"03490",19881106,1988,11,6,NA,NA,NA,NA
"03490",19881107,1988,11,7,NA,NA,NA,NA
"03490",19881108,1988,11,8,NA,NA,NA,NA
"03490",19881109,1988,11,9,NA,NA,NA,NA
"03490",19881110,1988,11,10,NA,NA,NA,NA
"03490",19881111,1988,11,11,NA,NA,NA,NA
"03490",19881112,1988,11,12,NA,NA,NA,NA
"03490",19881113,1988,11,13,NA,NA,NA,NA
"03490",19881114,1988,11,14,NA,NA,NA,NA
"03490",19881115,1988,11,15,NA,NA,NA,NA
"03490",19881116,1988,11,16,NA,NA,NA,NA
"03490",19881117,1988,11,17,NA,NA,NA,NA
"03490",19881118,1988,11,18,NA,NA,NA,NA
"03490",19881119,1988,11,19,NA,NA,NA,NA
"03490",19881120,1988,11,20,NA,NA,NA,NA
"03490",19881121,1988,11,21,NA,NA,NA,NA
"03490",19881122,1988,11,22,NA,NA,NA,NA
"03490",19881123,1988,11,23,NA,NA,NA,NA
"03490",19881124,1988,11,24,NA,NA,NA,NA
"03490",19881125,1988,11,25,NA,NA,NA,NA
"03490",19881126,1988,11,26,NA,NA,NA,NA
"03490",19881127,1988,11,27,NA,NA,NA,NA
"03490",19881128,1988,11,28,NA,NA,NA,NA
"03490",19881129,1988,11,29,NA,NA,NA,NA
"03490",19881130,1988,11,30,NA,NA,NA,NA
"03490",19881201,1988,12,1,6.3,9.2,13.5,0.2
"03490",19881202,1988,12,2,4.5,5.5,9.1,2.9
"03490",19881203,1988,12,3,2.2,6.5,7.8,2.1
"03490",19881204,1988,12,4,6,9.2,11.4,13.3
"03490",19881205,1988,12,5,6.5,7.7,9.1,0
"03490",19881206,1988,12,6,4.1,6.3,7.4,3.7
"03490",19881207,1988,12,7,3.1,5.9,7.5,0.9
"03490",19881208,1988,12,8,5.1,6.2,7.8,2.5
"03490",19881209,1988,12,9,5.5,7.2,9.6,7.7
"03490",19881210,1988,12,10,4.4,10.4,11.5,3.1
"03490",19881211,1988,12,11,7.5,9.2,11.1,2.4
"03490",19881212,1988,12,12,5,7.1,9.8,2.4
"03490",19881213,1988,12,13,5.3,7.6,8.7,0.7
"03490",19881214,1988,12,14,5.5,6.8,8.7,3.4
"03490",19881215,1988,12,15,3.2,4.8,7.5,0.7
"03490",19881216,1988,12,16,-3,0.4,3.2,2.1
"03490",19881217,1988,12,17,-2,3.6,4.5,3.5
"03490",19881218,1988,12,18,4,6.8,8.1,5.1
"03490",19881219,1988,12,19,5.8,7.7,11.1,17.9
"03490",19881220,1988,12,20,3,5,5.8,0.3
"03490",19881221,1988,12,21,2,6.8,8.2,0.9
"03490",19881222,1988,12,22,7.1,9.5,10.3,0
"03490",19881223,1988,12,23,7.8,9.4,11,4.6
"03490",19881224,1988,12,24,6.5,9.4,12.5,8
"03490",19881225,1988,12,25,4.1,8.4,9.2,0.8
"03490",19881226,1988,12,26,7.2,9,11.5,0
"03490",19881227,1988,12,27,8,9.6,11.6,0.7
"03490",19881228,1988,12,28,7.5,10,12,0.4
"03490",19881229,1988,12,29,1.5,5.6,10.5,0
"03490",19881230,1988,12,30,0,2.7,3.5,0
"03490",19881231,1988,12,31,3.5,5.7,7.1,0
"03490",19890101,1989,1,1,5,6.1,7.5,0.6
"03490",19890102,1989,1,2,1.5,4.4,7.4,0
"03490",19890103,1989,1,3,-2.5,1.8,5,0
"03490",19890104,1989,1,4,-3.5,4.4,7,1.6
"03490",19890105,1989,1,5,3.5,5.9,8.5,5.5
"03490",19890106,1989,1,6,5,9,10.1,3.7
"03490",19890107,1989,1,7,4.5,6.9,8.9,0.4
"03490",19890108,1989,1,8,6.5,9.4,11.6,0.3
"03490",19890109,1989,1,9,6.8,8.5,13.5,0
"03490",19890110,1989,1,10,6,7.6,10.8,1.7
"03490",19890111,1989,1,11,0.6,3.1,7.2,0
"03490",19890112,1989,1,12,-0.5,7.4,11.8,3.5
"03490",19890113,1989,1,13,0.5,3.3,10,0
"03490",19890114,1989,1,14,1,3.8,9.5,0.5
"03490",19890115,1989,1,15,-0.5,6.9,9.4,0
"03490",19890116,1989,1,16,2.1,7.6,8.8,0
"03490",19890117,1989,1,17,-1.8,3.2,6.8,1.3
"03490",19890118,1989,1,18,0.5,2.8,7.1,0.1
"03490",19890119,1989,1,19,-2,0,2.1,0
"03490",19890120,1989,1,20,-4.5,0.1,2.5,0
"03490",19890121,1989,1,21,-1,5.3,7.5,0
"03490",19890122,1989,1,22,0.5,4,7.2,0.2
"03490",19890123,1989,1,23,-1.8,0.9,5.2,0
"03490",19890124,1989,1,24,-3.8,-1.1,3.8,0
"03490",19890125,1989,1,25,-3,0.2,5.8,0
"03490",19890126,1989,1,26,-4.4,-1.2,6.1,0
"03490",19890127,1989,1,27,-5.4,-1.6,5,0
"03490",19890128,1989,1,28,-6.9,-2.6,3.1,0
"03490",19890129,1989,1,29,-3.1,2,4,0
"03490",19890130,1989,1,30,-1,1.4,5.5,0
"03490",19890131,1989,1,31,-2.6,-0.2,3.2,0
"03490",19890201,1989,2,1,-2.7,-0.6,5.5,0
"03490",19890202,1989,2,2,-3.4,-1.3,3.8,0
"03490",19890203,1989,2,3,-5.4,-2.3,3.6,0
"03490",19890204,1989,2,4,-6.9,-1.6,3,0.4
"03490",19890205,1989,2,5,-1.7,5.4,6.5,2.2
"03490",19890206,1989,2,6,5.5,8.8,12.6,0.2
"03490",19890207,1989,2,7,2.3,6.6,13.9,0
"03490",19890208,1989,2,8,-0.5,2.3,8.2,0
"03490",19890209,1989,2,9,-1.2,2.5,6.7,0
"03490",19890210,1989,2,10,-4,1.2,10,0
"03490",19890211,1989,2,11,-3,0.8,6.4,0
"03490",19890212,1989,2,12,-2.9,5.2,9.6,3.2
"03490",19890213,1989,2,13,3.5,5.8,7.5,6.6
"03490",19890214,1989,2,14,3.4,4.4,8.3,1.8
"03490",19890215,1989,2,15,3.2,6.4,7.3,5.4
"03490",19890216,1989,2,16,3.1,3.9,7.3,0.2
"03490",19890217,1989,2,17,-2.1,4.7,7.1,0.2
"03490",19890218,1989,2,18,6.9,11.4,12.9,0.7
"03490",19890219,1989,2,19,10.5,13.9,15.4,3.5
"03490",19890220,1989,2,20,3.7,7.5,13.9,1.4
"03490",19890221,1989,2,21,-0.2,2.2,7.1,0
"03490",19890222,1989,2,22,-2.1,4.9,7.6,0.2
"03490",19890223,1989,2,23,4.5,5.6,7.5,1
"03490",19890224,1989,2,24,-1.5,4.7,7.1,0.1
"03490",19890225,1989,2,25,4.5,5.9,8.7,4.1
"03490",19890226,1989,2,26,3.1,4.2,5.5,2.7
"03490",19890227,1989,2,27,2.5,4.2,6.2,3.3
"03490",19890228,1989,2,28,2.1,4.6,7.1,0.8
"03490",19890301,1989,3,1,3.9,5.9,7.5,3.5
"03490",19890302,1989,3,2,4.5,6.4,9,6.8
"03490",19890303,1989,3,3,3.2,7.3,11.5,3.3
"03490",19890304,1989,3,4,3.5,9.3,11.8,2.8
"03490",19890305,1989,3,5,4,11.2,13.4,0.2
"03490",19890306,1989,3,6,3,9.2,19.8,0
"03490",19890307,1989,3,7,3.2,11.4,16.2,0.2
"03490",19890308,1989,3,8,3.1,5.8,13.1,3.5
"03490",19890309,1989,3,9,-0.5,7,12.9,0
"03490",19890310,1989,3,10,5.5,9.6,18.1,0
"03490",19890311,1989,3,11,2.7,10.2,17.6,2.8
"03490",19890312,1989,3,12,6.1,10,13,0.2
"03490",19890313,1989,3,13,5.5,8.3,12.1,0.5
"03490",19890314,1989,3,14,4.9,8.4,12,2.5
"03490",19890315,1989,3,15,4.9,7.2,12.2,1.5
"03490",19890316,1989,3,16,4.3,9.5,14.5,10.4
"03490",19890317,1989,3,17,3,4.8,10.2,3.9
"03490",19890318,1989,3,18,0.9,3,8.1,0
"03490",19890319,1989,3,19,-1.9,6.2,14.5,0
"03490",19890320,1989,3,20,-1.5,7.2,14.6,0.7
"03490",19890321,1989,3,21,5.5,7.6,9.3,0
"03490",19890322,1989,3,22,6.5,11,13.3,2
"03490",19890323,1989,3,23,3.8,6.4,11.1,0
"03490",19890324,1989,3,24,6.1,9.2,11.5,1.4
"03490",19890325,1989,3,25,5.5,7.9,12.4,0.3
"03490",19890326,1989,3,26,0.9,8.1,16.6,0
"03490",19890327,1989,3,27,2.7,12.7,22.1,0
"03490",19890328,1989,3,28,7.6,17.3,23.7,0
"03490",19890329,1989,3,29,9.7,10.9,18.9,0
"03490",19890330,1989,3,30,6.1,11.2,18.1,0
"03490",19890331,1989,3,31,6.6,12.5,19.5,1.5
"03490",19890401,1989,4,1,6,9.5,16.1,0
"03490",19890402,1989,4,2,4.4,5.5,8.3,1.1
"03490",19890403,1989,4,3,1.9,2.7,4.9,3
"03490",19890404,1989,4,4,1.7,4.4,6.9,1.1
"03490",19890405,1989,4,5,3,3.8,5,10.3
"03490",19890406,1989,4,6,3,7.8,9.6,0.7
"03490",19890407,1989,4,7,3.7,7.5,13.9,0
"03490",19890408,1989,4,8,2.5,8.7,13.3,0
"03490",19890409,1989,4,9,0.6,10.6,15.6,0
"03490",19890410,1989,4,10,11.4,14.2,17.4,0
"03490",19890411,1989,4,11,8.2,14.4,18.9,1.3
"03490",19890412,1989,4,12,9.5,11.1,14.1,7.1
"03490",19890413,1989,4,13,8,9.4,10.7,23.7
"03490",19890414,1989,4,14,7.5,7.7,9.7,6.1
"03490",19890415,1989,4,15,6.1,7.9,12.6,0.3
"03490",19890416,1989,4,16,5,8.6,11.9,0.6
"03490",19890417,1989,4,17,5,6.9,9.5,2
"03490",19890418,1989,4,18,1.7,6.8,11.1,0.9
"03490",19890419,1989,4,19,4.5,7.2,10.9,3
"03490",19890420,1989,4,20,2.1,5.9,9.4,4
"03490",19890421,1989,4,21,2.3,6.7,9.6,22.4
"03490",19890422,1989,4,22,7,8.8,11.5,14.2
"03490",19890423,1989,4,23,5,7.8,11.7,0
"03490",19890424,1989,4,24,2.7,12.4,16.6,0
"03490",19890425,1989,4,25,7.4,10.5,15.2,7.8
"03490",19890426,1989,4,26,2.6,3.8,8.2,22.2
"03490",19890427,1989,4,27,0.9,5,9.9,0
"03490",19890428,1989,4,28,0,5.7,10.2,0
"03490",19890429,1989,4,29,0.1,7,12.9,0
"03490",19890430,1989,4,30,1,7.5,14.1,0
"03490",19890501,1989,5,1,1,10.9,17.8,0
"03490",19890502,1989,5,2,6.1,14.4,20.5,0
"03490",19890503,1989,5,3,10.5,14.9,20.4,0
"03490",19890504,1989,5,4,6.9,14.6,23.4,0
"03490",19890505,1989,5,5,9.4,17.2,24.5,0
"03490",19890506,1989,5,6,10,11.2,16.4,0
"03490",19890507,1989,5,7,2.4,7.6,13.3,0
"03490",19890508,1989,5,8,2.9,11.1,18.6,0
"03490",19890509,1989,5,9,4.9,16.3,25.5,0.9
"03490",19890510,1989,5,10,9.7,11.6,15.4,10.1
"03490",19890511,1989,5,11,7.8,12.6,17.2,2.6
"03490",19890512,1989,5,12,8,10,15.9,0.2
"03490",19890513,1989,5,13,4.1,12,15.4,2.2
"03490",19890514,1989,5,14,7.9,11,16.5,0
"03490",19890515,1989,5,15,5.4,12.4,20.6,0
"03490",19890516,1989,5,16,6.8,15.5,22.9,0
"03490",19890517,1989,5,17,7.1,17,23.5,0
"03490",19890518,1989,5,18,9.4,17.6,25.2,0
"03490",19890519,1989,5,19,11.1,19.3,26.7,0
"03490",19890520,1989,5,20,12.6,18.6,27.6,0
"03490",19890521,1989,5,21,10.4,19.5,26.2,0
"03490",19890522,1989,5,22,10.6,19.2,26.4,0
"03490",19890523,1989,5,23,10.4,16.6,24.6,0
"03490",19890524,1989,5,24,7.1,17.7,27,0
"03490",19890525,1989,5,25,9.4,17.7,26.9,0
"03490",19890526,1989,5,26,11.5,20.3,24.3,0
"03490",19890527,1989,5,27,10,15.9,22.5,0
"03490",19890528,1989,5,28,9.5,18.4,24.6,0
"03490",19890529,1989,5,29,11.5,15.7,22.3,0
"03490",19890530,1989,5,30,9.5,13.9,22.4,0
"03490",19890531,1989,5,31,5.4,10.5,17.1,0
"03490",19890601,1989,6,1,5.4,12.8,18.9,0
"03490",19890602,1989,6,2,8.1,10,17.1,0.7
"03490",19890603,1989,6,3,6.1,9.5,12,6.4
"03490",19890604,1989,6,4,6.9,8.4,11.9,0.4
"03490",19890605,1989,6,5,4.5,8.6,11.9,3
"03490",19890606,1989,6,6,4.4,10.4,15.8,3.4
"03490",19890607,1989,6,7,7.5,10.4,14.4,0.8
"03490",19890608,1989,6,8,7.3,11.1,18.1,2.4
"03490",19890609,1989,6,9,9.5,13,19.2,0
"03490",19890610,1989,6,10,7.5,15.8,24,14.3
"03490",19890611,1989,6,11,14,16.4,23.6,0
"03490",19890612,1989,6,12,10,15.9,23.6,0
"03490",19890613,1989,6,13,9.5,18.2,26.2,0
"03490",19890614,1989,6,14,9,18.5,26,0
"03490",19890615,1989,6,15,10.2,18.8,26.5,0
"03490",19890616,1989,6,16,10.4,18,25.6,0
"03490",19890617,1989,6,17,9.5,18.6,26.5,0
"03490",19890618,1989,6,18,10.5,19.6,26.2,0
"03490",19890619,1989,6,19,12.9,20.9,28.6,0
"03490",19890620,1989,6,20,13.5,23.5,29.2,0
"03490",19890621,1989,6,21,15.6,21.1,28.8,4.4
"03490",19890622,1989,6,22,12.6,15.4,19.8,7.1
"03490",19890623,1989,6,23,12.5,16.9,18.6,0.2
"03490",19890624,1989,6,24,12.6,17.8,23.5,0
"03490",19890625,1989,6,25,12.1,19.5,26.6,0
"03490",19890626,1989,6,26,16.7,22.1,28.9,0
"03490",19890627,1989,6,27,14.1,18.6,25.5,1.1
"03490",19890628,1989,6,28,12,14.5,20.9,0.3
"03490",19890629,1989,6,29,11,16.3,20.3,4.3
"03490",19890630,1989,6,30,11.2,15.3,21.1,0
"03490",19890701,1989,7,1,10.9,18.9,22.9,11.6
"03490",19890702,1989,7,2,11,15.8,18,1
"03490",19890703,1989,7,3,14.3,15.2,16.5,0.6
"03490",19890704,1989,7,4,9.9,18,23.4,0.3
"03490",19890705,1989,7,5,16.1,23.6,30.6,0
"03490",19890706,1989,7,6,15.5,24.1,31.1,0
"03490",19890707,1989,7,7,18.1,24.3,30.5,0
"03490",19890708,1989,7,8,16.6,19.3,23.7,43.1
"03490",19890709,1989,7,9,17,19.4,23.5,8.2
"03490",19890710,1989,7,10,15.9,16.4,19.1,0.4
"03490",19890711,1989,7,11,12.2,17.7,23,0
"03490",19890712,1989,7,12,12.5,19.5,25.5,0
"03490",19890713,1989,7,13,15.6,18.6,24.5,0
"03490",19890714,1989,7,14,12.1,13.9,17.5,0
"03490",19890715,1989,7,15,10.9,18.5,22.5,0
"03490",19890716,1989,7,16,13.5,16.2,20,0
"03490",19890717,1989,7,17,9.9,15.6,19.5,7.6
"03490",19890718,1989,7,18,9.6,14.6,19,0.9
"03490",19890719,1989,7,19,11,14.2,20.3,0
"03490",19890720,1989,7,20,9.4,17.5,25.7,0
"03490",19890721,1989,7,21,11.1,19,28.4,0
"03490",19890722,1989,7,22,11.5,26.3,33.4,0
"03490",19890723,1989,7,23,19,23.8,30,2.6
"03490",19890724,1989,7,24,17.5,22.7,29,0
"03490",19890725,1989,7,25,17.9,19.8,25.3,0
"03490",19890726,1989,7,26,16.5,22.6,28.1,0
"03490",19890727,1989,7,27,14.7,18,27.9,0
"03490",19890728,1989,7,28,11.6,17.5,24.6,0
"03490",19890729,1989,7,29,10.5,18.6,27.6,0
"03490",19890730,1989,7,30,13.2,18,24.6,3.5
"03490",19890731,1989,7,31,12.1,14.1,19,6.9
"03490",19890801,1989,8,1,10.9,12.6,16.3,7.1
"03490",19890802,1989,8,2,10.9,14.5,17.6,0.3
"03490",19890803,1989,8,3,10,17.6,20.4,0
"03490",19890804,1989,8,4,13.6,16.2,20.6,1.7
"03490",19890805,1989,8,5,9.4,17,24.8,0
"03490",19890806,1989,8,6,11,19.3,26,0
"03490",19890807,1989,8,7,14,19.9,24.5,4.1
"03490",19890808,1989,8,8,16,18.6,23.5,1.3
"03490",19890809,1989,8,9,14.6,19.4,25.5,0
"03490",19890810,1989,8,10,11.5,20.3,28.6,0
"03490",19890811,1989,8,11,15.5,19.5,24.9,0.6
"03490",19890812,1989,8,12,16.5,18.4,22.4,0
"03490",19890813,1989,8,13,13.5,19.5,25.6,0
"03490",19890814,1989,8,14,15.9,20.3,27.5,0
"03490",19890815,1989,8,15,14.5,23.6,30.7,0
"03490",19890816,1989,8,16,17.5,20,29.5,18.6
"03490",19890817,1989,8,17,17.1,18.8,25.2,0
"03490",19890818,1989,8,18,13.3,17.2,24.1,0
"03490",19890819,1989,8,19,10.3,18.5,28.3,0
"03490",19890820,1989,8,20,10.5,23.6,32.8,0
"03490",19890821,1989,8,21,15.8,23,30.7,0
"03490",19890822,1989,8,22,16,21.5,28.1,0
"03490",19890823,1989,8,23,12.5,18.2,23.6,0
"03490",19890824,1989,8,24,10.4,17.6,26.6,0
"03490",19890825,1989,8,25,13.3,16.8,18.6,1.1
"03490",19890826,1989,8,26,14,15.4,18.5,4.4
"03490",19890827,1989,8,27,12.1,13.7,17.6,7.3
"03490",19890828,1989,8,28,11.7,14.2,18.1,0.5
"03490",19890829,1989,8,29,11,13.4,17.5,0.2
"03490",19890830,1989,8,30,11,15,17.3,0
"03490",19890831,1989,8,31,10.9,17.8,24.3,0.6
"03490",19890901,1989,9,1,10.9,15.2,18,3.2
"03490",19890902,1989,9,2,10.9,14.2,17.6,1.5
"03490",19890903,1989,9,3,9.8,11.3,17.4,0.4
"03490",19890904,1989,9,4,7.5,11.2,16.6,0
"03490",19890905,1989,9,5,7.2,12.2,19.2,0
"03490",19890906,1989,9,6,7.5,14.1,21.5,0
"03490",19890907,1989,9,7,10.2,14.9,24,0
"03490",19890908,1989,9,8,7.5,15.2,24.3,0
"03490",19890909,1989,9,9,8.9,16.6,24.6,0
"03490",19890910,1989,9,10,9,17.4,23,0
"03490",19890911,1989,9,11,10.5,15.8,25.1,0
"03490",19890912,1989,9,12,10.6,17.6,24.5,5.1
"03490",19890913,1989,9,13,13.6,16.4,20.7,1.7
"03490",19890914,1989,9,14,14.7,16,19.6,0.9
"03490",19890915,1989,9,15,13.3,17.8,21.5,7.5
"03490",19890916,1989,9,16,14,17,22.5,0.1
"03490",19890917,1989,9,17,11.9,16.6,23.7,0
"03490",19890918,1989,9,18,12.5,18.6,29.5,0
"03490",19890919,1989,9,19,13,18,23.5,0.2
"03490",19890920,1989,9,20,11.6,15.8,24.5,0
"03490",19890921,1989,9,21,11.5,17.6,26.1,0
"03490",19890922,1989,9,22,13,21,30.3,1.7
"03490",19890923,1989,9,23,12.3,13.3,20,8
"03490",19890924,1989,9,24,12,13.2,16.5,0.3
"03490",19890925,1989,9,25,10,12.7,18,0
"03490",19890926,1989,9,26,7.5,14.1,19.1,0.4
"03490",19890927,1989,9,27,7.6,10.8,17,0
"03490",19890928,1989,9,28,5.1,10.8,14.9,0.6
"03490",19890929,1989,9,29,10,12,14.6,1.1
"03490",19890930,1989,9,30,9.8,13.5,14.8,2.3
"03490",19891001,1989,10,1,12.4,13.2,15.2,0.4
"03490",19891002,1989,10,2,11.1,12.8,14.6,1.3
"03490",19891003,1989,10,3,5.8,9.6,15.7,0.3
"03490",19891004,1989,10,4,1.5,6.2,16.2,0
"03490",19891005,1989,10,5,0,9.8,22,2.4
"03490",19891006,1989,10,6,5,11.6,15,12.1
"03490",19891007,1989,10,7,5,10.6,12.5,14.6
"03490",19891008,1989,10,8,8.4,9.7,10.7,0.8
"03490",19891009,1989,10,9,9.8,10.1,11.1,7.4
"03490",19891010,1989,10,10,7,9.3,11.2,0.5
"03490",19891011,1989,10,11,8.6,10.2,11.5,1.9
"03490",19891012,1989,10,12,8.5,12.7,15.6,0
"03490",19891013,1989,10,13,9,14,16,1.6
"03490",19891014,1989,10,14,6.8,9.3,14,1.4
"03490",19891015,1989,10,15,6,9,13.6,0
"03490",19891016,1989,10,16,2.6,10,16.5,0
"03490",19891017,1989,10,17,2.5,8.4,18.4,0
"03490",19891018,1989,10,18,1.7,8.6,18.4,0
"03490",19891019,1989,10,19,5.5,11.5,19.8,0.2
"03490",19891020,1989,10,20,10,14.3,16,1.3
"03490",19891021,1989,10,21,14.5,19.7,22.6,0
"03490",19891022,1989,10,22,13.5,16.8,22.8,0
"03490",19891023,1989,10,23,7.5,13.4,22.8,0
"03490",19891024,1989,10,24,9.5,13.5,20.5,0
"03490",19891025,1989,10,25,5.9,11.8,20.2,0
"03490",19891026,1989,10,26,8.4,15.2,21.6,0
"03490",19891027,1989,10,27,8.5,13.6,21.7,0
"03490",19891028,1989,10,28,9.8,14.6,21,2.5
"03490",19891029,1989,10,29,11,12.2,14.5,2
"03490",19891030,1989,10,30,11.5,15,18.2,1.3
"03490",19891031,1989,10,31,9.3,13.8,17.8,3.3
"03490",19891101,1989,11,1,10,11.8,14.9,22.2
"03490",19891102,1989,11,2,8.2,12.4,17,4.6
"03490",19891103,1989,11,3,8.1,9.5,14,0.3
"03490",19891104,1989,11,4,5,8.6,11.1,0.5
"03490",19891105,1989,11,5,4,6.8,10,3.7
"03490",19891106,1989,11,6,4.2,6.5,9.6,0
"03490",19891107,1989,11,7,2,4.9,10.5,0
"03490",19891108,1989,11,8,1.8,9,10.8,0.2
"03490",19891109,1989,11,9,6.2,7.4,11.3,0
"03490",19891110,1989,11,10,0.2,9.8,11.5,0.5
"03490",19891111,1989,11,11,0.6,6.9,14.2,0
"03490",19891112,1989,11,12,-0.5,5.2,11.5,0
"03490",19891113,1989,11,13,-2.1,3,12.3,0
"03490",19891114,1989,11,14,-2,2.7,10.5,0
"03490",19891115,1989,11,15,0.5,3,9.8,0
"03490",19891116,1989,11,16,-4.5,2.2,10,0
"03490",19891117,1989,11,17,-0.2,3,6.7,0
"03490",19891118,1989,11,18,-3,2.4,4.8,0
"03490",19891119,1989,11,19,-4.5,0.6,7.5,0
"03490",19891120,1989,11,20,-2.6,1.6,8,0
"03490",19891121,1989,11,21,0,5.4,9.5,0.5
"03490",19891122,1989,11,22,2.1,3.8,8,2.6
"03490",19891123,1989,11,23,-1.6,3.6,7.5,0
"03490",19891124,1989,11,24,3.9,5,8.2,0.9
"03490",19891125,1989,11,25,-5.5,-3.2,3.9,0
"03490",19891126,1989,11,26,-6.7,4,5.6,0.5
"03490",19891127,1989,11,27,4.9,6.6,7.1,1
"03490",19891128,1989,11,28,-3,2.5,8.2,0
"03490",19891129,1989,11,29,-5.5,-2.8,4,0
"03490",19891130,1989,11,30,-8.1,-3.4,2.5,0
"03490",19891201,1989,12,1,-6,-3,4,0
"03490",19891202,1989,12,2,-6.2,-1.5,6,0
"03490",19891203,1989,12,3,-5.9,-2.7,2.7,0
"03490",19891204,1989,12,4,-6,-2.4,2.1,0
"03490",19891205,1989,12,5,-3.2,1.2,3.4,0
"03490",19891206,1989,12,6,1,3.2,5,0.6
"03490",19891207,1989,12,7,1.9,4.6,7.6,0
"03490",19891208,1989,12,8,-0.5,1.8,4.3,0.3
"03490",19891209,1989,12,9,0.6,3.3,5.1,0.2
"03490",19891210,1989,12,10,-3,-1,4.5,0
"03490",19891211,1989,12,11,-6,-1.7,1.1,0
"03490",19891212,1989,12,12,-4.5,2.8,5.9,1.7
"03490",19891213,1989,12,13,3,7.8,10.5,8.5
"03490",19891214,1989,12,14,8,12.5,14,6.5
"03490",19891215,1989,12,15,7.2,9.1,12.7,12.2
"03490",19891216,1989,12,16,7,15.6,17.6,10.2
"03490",19891217,1989,12,17,10.5,11.8,16,6.7
"03490",19891218,1989,12,18,9.5,12.8,14.4,1.1
"03490",19891219,1989,12,19,6,8.8,14.1,6
"03490",19891220,1989,12,20,6,11.3,13,1.8
"03490",19891221,1989,12,21,12.4,14.1,15.1,2.5
"03490",19891222,1989,12,22,7.5,9.8,14.5,11
"03490",19891223,1989,12,23,4.5,6.6,7.6,4
"03490",19891224,1989,12,24,6.5,8.4,11.3,0.3
"03490",19891225,1989,12,25,0,2.5,8.1,0
"03490",19891226,1989,12,26,-2.6,-0.2,4,0
"03490",19891227,1989,12,27,-4.1,-2,2.1,0
"03490",19891228,1989,12,28,-4,0,1.4,0
"03490",19891229,1989,12,29,0,0.6,1,0
"03490",19891230,1989,12,30,0,0.6,1.1,0
"03490",19891231,1989,12,31,-0.6,0.2,1,0
"03490",19900101,1990,1,1,-0.9,0.5,1.3,0
"03490",19900102,1990,1,2,-3.1,0.6,2.4,0
"03490",19900103,1990,1,3,-0.5,0.2,1.7,0
"03490",19900104,1990,1,4,-4.6,-1.4,2.9,0
"03490",19900105,1990,1,5,-2.5,1.2,3.1,0
"03490",19900106,1990,1,6,-1.9,0.4,3.5,0
"03490",19900107,1990,1,7,-4.5,-1.2,4.6,0
"03490",19900108,1990,1,8,-2.1,3.7,7.5,0.9
"03490",19900109,1990,1,9,2.5,5.8,8.1,0
"03490",19900110,1990,1,10,3.9,4.8,7,0
"03490",19900111,1990,1,11,4.5,5.6,7.5,0
"03490",19900112,1990,1,12,-3.5,-0.8,5,0
"03490",19900113,1990,1,13,-4.1,2.1,5,0
"03490",19900114,1990,1,14,-0.5,3.3,5.4,0.9
"03490",19900115,1990,1,15,2.2,6.4,8.5,1.5
"03490",19900116,1990,1,16,7,10.4,11.3,0.4
"03490",19900117,1990,1,17,5,7.1,10.5,1
"03490",19900118,1990,1,18,0,3.9,8.1,0
"03490",19900119,1990,1,19,1.5,4.5,6,0.5
"03490",19900120,1990,1,20,3.6,7.2,8.5,0.5
"03490",19900121,1990,1,21,7.9,9.4,11.6,0
"03490",19900122,1990,1,22,6.2,7,9.5,0.2
"03490",19900123,1990,1,23,6,9.4,10.5,9.8
"03490",19900124,1990,1,24,4,5,10.1,3.4
"03490",19900125,1990,1,25,4.5,9.7,13.5,6.9
"03490",19900126,1990,1,26,3.5,5.2,10,5.5
"03490",19900127,1990,1,27,4.1,7,8.9,0
"03490",19900128,1990,1,28,5.6,8.2,11.5,0.5
"03490",19900129,1990,1,29,2.1,5.6,8.9,0
"03490",19900130,1990,1,30,2.7,9.6,10.9,0
"03490",19900131,1990,1,31,7.4,11.4,12.1,0
"03490",19900201,1990,2,1,3.5,9,12.5,0.2
"03490",19900202,1990,2,2,6.1,8.8,10.6,1.3
"03490",19900203,1990,2,3,7.1,9,14.2,3.6
"03490",19900204,1990,2,4,2.8,4.8,9.6,0
"03490",19900205,1990,2,5,-2.1,3.7,13.3,0
"03490",19900206,1990,2,6,-1.4,6.6,15.7,0
"03490",19900207,1990,2,7,5.6,13,14.5,0
"03490",19900208,1990,2,8,7.5,10.6,16.4,0.7
"03490",19900209,1990,2,9,4.5,7.1,9.8,0
"03490",19900210,1990,2,10,-2.5,5.8,9.5,2.8
"03490",19900211,1990,2,11,4,5.7,9.1,1.6
"03490",19900212,1990,2,12,3.5,4.6,6.9,4.6
"03490",19900213,1990,2,13,0.5,5.2,7.9,18.1
"03490",19900214,1990,2,14,4.1,6,11.3,12.2
"03490",19900215,1990,2,15,0.8,4.2,6,10
"03490",19900216,1990,2,16,0.5,2.5,6.9,0
"03490",19900217,1990,2,17,-3.5,5.2,10.2,0.4
"03490",19900218,1990,2,18,8,11.9,13,0
"03490",19900219,1990,2,19,4.4,11.7,15,0
"03490",19900220,1990,2,20,7,11.1,19.2,0
"03490",19900221,1990,2,21,3.4,7.4,17.2,0
"03490",19900222,1990,2,22,0.9,5.6,14.9,0
"03490",19900223,1990,2,23,0.7,8.3,16.5,0
"03490",19900224,1990,2,24,2.4,14.6,20.5,0
"03490",19900225,1990,2,25,8.3,12.2,17.9,2.2
"03490",19900226,1990,2,26,2.1,6.4,12.1,31.5
"03490",19900227,1990,2,27,1.9,4.7,7.9,10.9
"03490",19900228,1990,2,28,4.1,7.9,11.8,10.5
"03490",19900301,1990,3,1,2.2,4.1,10.3,1.4
"03490",19900302,1990,3,2,0.9,1.7,5,7.4
"03490",19900303,1990,3,3,1.1,5.4,7.5,0
"03490",19900304,1990,3,4,2.7,6,8,0
"03490",19900305,1990,3,5,6,7.7,9.5,0
"03490",19900306,1990,3,6,7,9.5,11,0
"03490",19900307,1990,3,7,8.5,10.2,11.9,0
"03490",19900308,1990,3,8,6.5,12.8,17.3,0
"03490",19900309,1990,3,9,7,8.7,13.8,0
"03490",19900310,1990,3,10,6,12.1,15.5,1.2
"03490",19900311,1990,3,11,10,15,21.3,0
"03490",19900312,1990,3,12,5.2,8.2,14.9,0
"03490",19900313,1990,3,13,0.8,7.5,14.4,0.5
"03490",19900314,1990,3,14,5.8,8.7,13.6,0
"03490",19900315,1990,3,15,0.8,6.8,17,0
"03490",19900316,1990,3,16,1.5,8.7,19.1,0
"03490",19900317,1990,3,17,1.6,9.7,20.5,0
"03490",19900318,1990,3,18,2,11.4,22.1,0
"03490",19900319,1990,3,19,5.4,14.9,20.5,0
"03490",19900320,1990,3,20,8.6,10.7,17,1.4
"03490",19900321,1990,3,21,6.7,11.3,16.8,0
"03490",19900322,1990,3,22,7.5,9.3,14.9,4.3
"03490",19900323,1990,3,23,4.1,6.8,13.1,0
"03490",19900324,1990,3,24,2.4,7.9,10.6,2.3
"03490",19900325,1990,3,25,3,5.1,9.1,0.8
"03490",19900326,1990,3,26,3,4.9,7.5,8.4
"03490",19900327,1990,3,27,3,4.9,9.8,1.9
"03490",19900328,1990,3,28,1.7,4.8,8.2,6.2
"03490",19900329,1990,3,29,5,8.4,10.5,0.2
"03490",19900330,1990,3,30,2.6,7.6,13.5,0
"03490",19900331,1990,3,31,2.3,9.2,18.6,0
"03490",19900401,1990,4,1,2.9,11,20.6,0
"03490",19900402,1990,4,2,3.1,13.9,20.3,0
"03490",19900403,1990,4,3,4.9,7.1,14.5,8.4
"03490",19900404,1990,4,4,0.5,2.8,7,0
"03490",19900405,1990,4,5,-1.4,2.5,8.5,0
"03490",19900406,1990,4,6,-1.6,6.7,12.2,0
"03490",19900407,1990,4,7,0.6,6.7,13,0
"03490",19900408,1990,4,8,1.5,4.5,9.8,0
"03490",19900409,1990,4,9,-2.9,5,11.9,0
"03490",19900410,1990,4,10,-0.8,8.4,13.1,3.6
"03490",19900411,1990,4,11,7.6,9.1,12.7,0
"03490",19900412,1990,4,12,5.3,8.4,9.7,1.2
"03490",19900413,1990,4,13,7.4,10.2,13.6,0.3
"03490",19900414,1990,4,14,6.9,8.9,11.6,4.1
"03490",19900415,1990,4,15,5.4,6.8,10.9,1.4
"03490",19900416,1990,4,16,5.2,7,10.3,2.8
"03490",19900417,1990,4,17,3.9,5.6,11.1,0.6
"03490",19900418,1990,4,18,-1.5,6.4,12.9,0
"03490",19900419,1990,4,19,1,5.8,12.6,3.4
"03490",19900420,1990,4,20,1.9,6.2,10.6,7.7
"03490",19900421,1990,4,21,3.5,9.9,17.7,1.7
"03490",19900422,1990,4,22,5.4,11.2,17.5,1.2
"03490",19900423,1990,4,23,8.3,11.3,16.1,0.4
"03490",19900424,1990,4,24,7.6,10.7,14.5,0.7
"03490",19900425,1990,4,25,7.5,10.4,14.6,0.4
"03490",19900426,1990,4,26,7.4,12.5,17.9,0
"03490",19900427,1990,4,27,8.1,9.6,12.9,1.9
"03490",19900428,1990,4,28,2.1,7.4,11.5,0
"03490",19900429,1990,4,29,3.1,11.2,17.6,0
"03490",19900430,1990,4,30,6.5,13.8,22.5,0
"03490",19900501,1990,5,1,8.4,15.1,25.6,0
"03490",19900502,1990,5,2,9,18.3,26.6,0
"03490",19900503,1990,5,3,7.7,17.2,24.7,0
"03490",19900504,1990,5,4,7.1,16.5,25.7,0
"03490",19900505,1990,5,5,10,18.1,27.1,0
"03490",19900506,1990,5,6,10.9,19,27,0
"03490",19900507,1990,5,7,9.5,14.4,23.5,9.6
"03490",19900508,1990,5,8,10.9,14.9,22.9,0
"03490",19900509,1990,5,9,8.4,13.1,20.6,6.3
"03490",19900510,1990,5,10,8.4,12.7,16,8.4
"03490",19900511,1990,5,11,7.5,10.6,17.1,1.4
"03490",19900512,1990,5,12,4.4,8.8,14,3.7
"03490",19900513,1990,5,13,6.4,11.8,16.6,0
"03490",19900514,1990,5,14,8.6,11.9,16.4,0
"03490",19900515,1990,5,15,5.4,15.3,22,0
"03490",19900516,1990,5,16,11.6,17.8,23.1,0
"03490",19900517,1990,5,17,11.4,16.8,23,0
"03490",19900518,1990,5,18,10.3,12.2,17,0
"03490",19900519,1990,5,19,4.4,13.3,21.3,0
"03490",19900520,1990,5,20,6.9,15,23.5,0
"03490",19900521,1990,5,21,8.2,16.7,22.6,0
"03490",19900522,1990,5,22,10.3,16.9,22.5,0
"03490",19900523,1990,5,23,10.4,17.6,24.1,0
"03490",19900524,1990,5,24,9.1,15,21,0
"03490",19900525,1990,5,25,5.2,10.7,19.1,0
"03490",19900526,1990,5,26,4.5,12.4,17.9,0
"03490",19900527,1990,5,27,3.6,12.2,18.7,0
"03490",19900528,1990,5,28,7.2,10.3,16.9,0
"03490",19900529,1990,5,29,3.7,11.8,19.6,0
"03490",19900530,1990,5,30,3.6,15.5,22.3,0
"03490",19900531,1990,5,31,8.4,16,24.3,0
"03490",19900601,1990,6,1,9.9,19.4,27.6,3.9
"03490",19900602,1990,6,2,12.9,14.9,20,0.2
"03490",19900603,1990,6,3,10.5,14.2,18.9,4.6
"03490",19900604,1990,6,4,9.5,11.1,18.5,0.6
"03490",19900605,1990,6,5,5.5,14.8,19.6,0
"03490",19900606,1990,6,6,11.6,15.4,18.9,0.2
"03490",19900607,1990,6,7,12.1,14,17.1,8.3
"03490",19900608,1990,6,8,9.6,11.6,16.5,1.3
"03490",19900609,1990,6,9,9.4,10.9,16,0.9
"03490",19900610,1990,6,10,9.9,13.1,14.9,1.5
"03490",19900611,1990,6,11,11.1,12.6,14.9,0
"03490",19900612,1990,6,12,11.2,13.8,16,0
"03490",19900613,1990,6,13,11.7,14.2,16.5,0
"03490",19900614,1990,6,14,11.9,14.1,16.6,0
"03490",19900615,1990,6,15,10.3,14.6,17.6,0
"03490",19900616,1990,6,16,11.5,16.2,21.7,0
"03490",19900617,1990,6,17,10.3,18.2,25.5,0
"03490",19900618,1990,6,18,11.6,18.5,24.5,0
"03490",19900619,1990,6,19,11.6,17.8,25.3,2.7
"03490",19900620,1990,6,20,12,16.8,20,6.8
"03490",19900621,1990,6,21,12.1,17.2,20.5,2.5
"03490",19900622,1990,6,22,13.1,15,20.3,0.3
"03490",19900623,1990,6,23,12.5,14.6,19.6,1.9
"03490",19900624,1990,6,24,8.9,17.6,23.3,0
"03490",19900625,1990,6,25,15.2,20.6,26.3,0
"03490",19900626,1990,6,26,16,22,30.7,0.2
"03490",19900627,1990,6,27,16.1,20.6,27.1,22.8
"03490",19900628,1990,6,28,16.4,20.4,24.9,0
"03490",19900629,1990,6,29,13.5,19.5,26.9,7.3
"03490",19900630,1990,6,30,13.9,18.9,25.6,2.4
"03490",19900701,1990,7,1,13.5,16.2,20.3,0
"03490",19900702,1990,7,2,10.6,14.3,19,0.6
"03490",19900703,1990,7,3,9.5,14.2,18.6,0
"03490",19900704,1990,7,4,9.5,16.8,20.2,0
"03490",19900705,1990,7,5,14.9,16.2,20.1,10.8
"03490",19900706,1990,7,6,12,13.8,16.9,0
"03490",19900707,1990,7,7,11.1,14.7,16.5,3.8
"03490",19900708,1990,7,8,14.4,21,23.6,5.4
"03490",19900709,1990,7,9,14.3,17.1,23.4,1
"03490",19900710,1990,7,10,11.9,13.3,18.3,4.5
"03490",19900711,1990,7,11,9.3,15.6,22.1,0
"03490",19900712,1990,7,12,10.9,19.3,26.7,0
"03490",19900713,1990,7,13,14.3,20,26.6,0
"03490",19900714,1990,7,14,8.5,16.6,26.4,0
"03490",19900715,1990,7,15,8.6,18.2,27.8,0
"03490",19900716,1990,7,16,14.5,23.8,31.3,0
"03490",19900717,1990,7,17,14.6,16.8,22.9,0
"03490",19900718,1990,7,18,13,14.8,20,0
"03490",19900719,1990,7,19,10.6,16.3,23.1,0
"03490",19900720,1990,7,20,11,19.4,27.5,0
"03490",19900721,1990,7,21,14.2,20.7,29.1,0
"03490",19900722,1990,7,22,13.7,18,25.1,0
"03490",19900723,1990,7,23,9.8,15.8,20.6,0
"03490",19900724,1990,7,24,8.3,14.1,19.8,0
"03490",19900725,1990,7,25,11.5,13.8,18,0
"03490",19900726,1990,7,26,8,17.4,26.9,0
"03490",19900727,1990,7,27,11.4,21.6,30.3,0
"03490",19900728,1990,7,28,14.6,22.8,33.8,9.6
"03490",19900729,1990,7,29,17.5,18.9,23.9,0.7
"03490",19900730,1990,7,30,13.6,20.2,28.2,0
"03490",19900731,1990,7,31,15.1,23,30.5,0
"03490",19900801,1990,8,1,16.6,23.4,31.4,0
"03490",19900802,1990,8,2,16.2,23.2,33.5,0
"03490",19900803,1990,8,3,14,22.7,34.2,0
"03490",19900804,1990,8,4,13.6,26.7,36.1,0
"03490",19900805,1990,8,5,19.1,22.5,32.2,0
"03490",19900806,1990,8,6,13.6,15.6,22.6,0.3
"03490",19900807,1990,8,7,11.2,15.4,20.1,0
"03490",19900808,1990,8,8,8.9,16,22.5,0
"03490",19900809,1990,8,9,11.3,19.1,26.3,0
"03490",19900810,1990,8,10,13.2,18.3,25.5,0
"03490",19900811,1990,8,11,12,21.4,30.3,0
"03490",19900812,1990,8,12,13.3,23.6,34.2,0.3
"03490",19900813,1990,8,13,20.6,25.2,31.2,0
"03490",19900814,1990,8,14,16.9,19.8,26.1,9.9
"03490",19900815,1990,8,15,13.9,20.7,26,4.8
"03490",19900816,1990,8,16,13.1,16.2,21,3.4
"03490",19900817,1990,8,17,11.5,14.8,20.7,0
"03490",19900818,1990,8,18,10.9,15,17.6,3.6
"03490",19900819,1990,8,19,10.3,17,21.5,0.9
"03490",19900820,1990,8,20,15,17.4,21.6,3.2
"03490",19900821,1990,8,21,13,15.2,18.9,0.5
"03490",19900822,1990,8,22,13,17.3,21.4,0
"03490",19900823,1990,8,23,15.2,17.5,22.5,0
"03490",19900824,1990,8,24,12.8,19,28.5,0
"03490",19900825,1990,8,25,13.9,21.4,27.3,0
"03490",19900826,1990,8,26,16.6,20.4,26.1,0
"03490",19900827,1990,8,27,16,20.4,27.3,0
"03490",19900828,1990,8,28,15.6,21,28.7,0
"03490",19900829,1990,8,29,16.5,21.5,30.6,0.8
"03490",19900830,1990,8,30,14,18.3,23.3,19.2
"03490",19900831,1990,8,31,11.9,12.4,16.2,47.9
"03490",19900901,1990,9,1,11.4,12.9,15.6,4.9
"03490",19900902,1990,9,2,11.5,15.8,17.3,7.3
"03490",19900903,1990,9,3,15,15.8,18.6,3.7
"03490",19900904,1990,9,4,10.9,12.8,16.8,5.3
"03490",19900905,1990,9,5,9.6,12.6,18,0
"03490",19900906,1990,9,6,9,14.3,19,0.4
"03490",19900907,1990,9,7,10.4,13,17.3,4
"03490",19900908,1990,9,8,11,14.5,17.5,0.3
"03490",19900909,1990,9,9,11.4,13.3,17.6,0
"03490",19900910,1990,9,10,11,13,16.1,8.1
"03490",19900911,1990,9,11,11.1,12.9,17.8,0
"03490",19900912,1990,9,12,9.4,12.4,16.6,0
"03490",19900913,1990,9,13,10.4,13.1,19,0
"03490",19900914,1990,9,14,7.9,14.2,20.8,0
"03490",19900915,1990,9,15,9.6,12.4,16.5,0
"03490",19900916,1990,9,16,7.8,10.2,15.5,0
"03490",19900917,1990,9,17,3.9,11.6,16.6,0.3
"03490",19900918,1990,9,18,9.6,14.3,17,0
"03490",19900919,1990,9,19,13,15.3,20.1,0
"03490",19900920,1990,9,20,10.8,11.8,13.5,0.2
"03490",19900921,1990,9,21,8.6,11.5,14.5,3.5
"03490",19900922,1990,9,22,8.9,13.1,19.5,4.2
"03490",19900923,1990,9,23,9,13.2,19.6,5.5
"03490",19900924,1990,9,24,10,12.1,15.5,1.3
"03490",19900925,1990,9,25,9.8,11.5,13.9,4.5
"03490",19900926,1990,9,26,8.6,10.6,14.2,0
"03490",19900927,1990,9,27,6.3,9.9,14.5,0
"03490",19900928,1990,9,28,5.5,11.5,18.6,0
"03490",19900929,1990,9,29,3.1,14.1,21.3,0.8
"03490",19900930,1990,9,30,12,15.9,17.5,20.9
"03490",19901001,1990,10,1,11.2,13.2,17,0.8
"03490",19901002,1990,10,2,8.9,10.8,15.6,0
"03490",19901003,1990,10,3,8,17.5,22.4,8
"03490",19901004,1990,10,4,9.1,12.6,21.8,0
"03490",19901005,1990,10,5,6.9,13.6,15.6,0.7
"03490",19901006,1990,10,6,13.5,17.2,20.6,0
"03490",19901007,1990,10,7,9.7,12,16.9,0.6
"03490",19901008,1990,10,8,7,8.7,11.4,0
"03490",19901009,1990,10,9,4.5,8.1,15.3,0
"03490",19901010,1990,10,10,4,13,17.1,0
"03490",19901011,1990,10,11,4.1,9.3,19.9,0
"03490",19901012,1990,10,12,2.5,11,22,0
"03490",19901013,1990,10,13,4.5,18.2,24.5,0
"03490",19901014,1990,10,14,6,14.5,22.1,0
"03490",19901015,1990,10,15,10,16.8,24.1,0
"03490",19901016,1990,10,16,10.6,15.9,19,0.3
"03490",19901017,1990,10,17,10.9,13.3,18.3,0.2
"03490",19901018,1990,10,18,10.5,13,17.3,0
"03490",19901019,1990,10,19,9,12,18.5,0
"03490",19901020,1990,10,20,7.7,11.2,18.6,0
"03490",19901021,1990,10,21,6.5,9,13.9,0
"03490",19901022,1990,10,22,3.8,8.2,12.1,0
"03490",19901023,1990,10,23,1.7,5.3,13,0
"03490",19901024,1990,10,24,-0.5,6.9,17.1,0
"03490",19901025,1990,10,25,2.7,8.6,15.5,0
"03490",19901026,1990,10,26,3.5,10,14,1.1
"03490",19901027,1990,10,27,6.4,10.4,11.9,0.2
"03490",19901028,1990,10,28,8.5,11.2,12.1,8.7
"03490",19901029,1990,10,29,6.8,8.1,11.7,7.9
"03490",19901030,1990,10,30,6.9,9.3,12.4,0.3
"03490",19901031,1990,10,31,7.2,10.9,13.9,1
"03490",19901101,1990,11,1,8.9,10,12.6,0.2
"03490",19901102,1990,11,2,3.9,7.5,12,0.7
"03490",19901103,1990,11,3,5.1,6.6,10.5,2.9
"03490",19901104,1990,11,4,4.9,6.5,9,2.2
"03490",19901105,1990,11,5,2.3,4.2,7.1,0
"03490",19901106,1990,11,6,1,2.7,8.5,0
"03490",19901107,1990,11,7,0.5,3.8,5.5,0
"03490",19901108,1990,11,8,3.2,4,6.5,0
"03490",19901109,1990,11,9,0,4.4,9,0
"03490",19901110,1990,11,10,-1,5.8,7,6.1
"03490",19901111,1990,11,11,7,8.5,11.5,0.5
"03490",19901112,1990,11,12,4,5.9,11.5,0.2
"03490",19901113,1990,11,13,3.9,9.1,12,4.5
"03490",19901114,1990,11,14,8,11,13.2,3.5
"03490",19901115,1990,11,15,6.2,9.5,12,1.8
"03490",19901116,1990,11,16,5,11.2,12.7,1
"03490",19901117,1990,11,17,12.5,13.8,15,16.5
"03490",19901118,1990,11,18,7.2,8.5,14.2,4.5
"03490",19901119,1990,11,19,6,9.4,15,3.9
"03490",19901120,1990,11,20,4,6.6,13.8,4.6
"03490",19901121,1990,11,21,0.5,3.2,7.8,0
"03490",19901122,1990,11,22,-1,1.1,7,0
"03490",19901123,1990,11,23,0.5,2.1,4.2,10.5
"03490",19901124,1990,11,24,0.5,2.8,7,1
"03490",19901125,1990,11,25,2,4.7,6,0
"03490",19901126,1990,11,26,3.5,6.2,9,0.2
"03490",19901127,1990,11,27,0.4,4.1,7.6,0
"03490",19901128,1990,11,28,1.4,4,5,0
"03490",19901129,1990,11,29,2.4,3.5,5.9,4
"03490",19901130,1990,11,30,-1.9,0.8,6,0.4
"03490",19901201,1990,12,1,-4,-0.8,1,3
"03490",19901202,1990,12,2,0.2,5.5,6.1,3.1
"03490",19901203,1990,12,3,4,5.4,5.8,0.3
"03490",19901204,1990,12,4,5,6.7,7.1,1.5
"03490",19901205,1990,12,5,-1.1,0.8,6.9,0
"03490",19901206,1990,12,6,-4.2,-1.9,5,0
"03490",19901207,1990,12,7,-7.1,-2,2,0
"03490",19901208,1990,12,8,-5,0.3,3.6,0
"03490",19901209,1990,12,9,-1.2,0.9,3.4,0
"03490",19901210,1990,12,10,0.6,0.9,1.3,4
"03490",19901211,1990,12,11,-0.9,0.8,2,11.1
"03490",19901212,1990,12,12,0.8,3.2,3.7,19.9
"03490",19901213,1990,12,13,2.7,3.7,5,0.9
"03490",19901214,1990,12,14,0,1.5,4,0
"03490",19901215,1990,12,15,-0.5,0.5,1.4,1.5
"03490",19901216,1990,12,16,-1.4,-0.3,1,0
"03490",19901217,1990,12,17,-2,-0.6,1.9,0
"03490",19901218,1990,12,18,-2.5,-1.3,0.7,0
"03490",19901219,1990,12,19,-1.3,-0.4,1,0
"03490",19901220,1990,12,20,-0.6,3.3,4.1,1.4
"03490",19901221,1990,12,21,3.7,4.6,6.2,0.3
"03490",19901222,1990,12,22,4.1,7,9,0.5
"03490",19901223,1990,12,23,5.2,7.1,8.2,0
"03490",19901224,1990,12,24,1,3.3,7,0
"03490",19901225,1990,12,25,0,4.8,6.4,2.8
"03490",19901226,1990,12,26,3.8,6,7.1,8
"03490",19901227,1990,12,27,4,5.3,8.8,3.4
"03490",19901228,1990,12,28,3.4,5.6,6.5,0
"03490",19901229,1990,12,29,5.8,8.9,12.6,13
"03490",19901230,1990,12,30,2.9,5.5,10.4,0
"03490",19901231,1990,12,31,-1.1,4.2,8,1.9
"03490",19910101,1991,1,1,1.5,5.4,8.1,1
"03490",19910102,1991,1,2,6,11.2,13,12
"03490",19910103,1991,1,3,8,9.7,13.3,7
"03490",19910104,1991,1,4,5.6,7,10.8,2.1
"03490",19910105,1991,1,5,4.5,6.6,7.2,2
"03490",19910106,1991,1,6,4.5,6.1,7.6,0
"03490",19910107,1991,1,7,3,6.3,10.4,0.9
"03490",19910108,1991,1,8,4.8,9.2,10.3,2.2
"03490",19910109,1991,1,9,7.4,10.4,11.6,0
"03490",19910110,1991,1,10,7.8,10,15.6,7.9
"03490",19910111,1991,1,11,6.5,7.7,9.6,2
"03490",19910112,1991,1,12,0.3,4,7.7,0.6
"03490",19910113,1991,1,13,-1.7,0.9,5.1,0
"03490",19910114,1991,1,14,-4.7,-0.6,3.9,0
"03490",19910115,1991,1,15,-2.6,0.8,4.5,0
"03490",19910116,1991,1,16,-4,-2.4,2.4,0
"03490",19910117,1991,1,17,-6.2,-2.4,3.9,0
"03490",19910118,1991,1,18,-5.9,-1.4,3.6,0
"03490",19910119,1991,1,19,-6.9,-0.2,3,2.6
"03490",19910120,1991,1,20,-1.5,0.8,4.4,0.3
"03490",19910121,1991,1,21,-1.8,3.8,6.1,0.6
"03490",19910122,1991,1,22,1.3,2.5,5.3,0
"03490",19910123,1991,1,23,-0.5,1,3.1,0
"03490",19910124,1991,1,24,-1,0.1,2.5,0
"03490",19910125,1991,1,25,-4.5,-1.8,3.6,0
"03490",19910126,1991,1,26,-4.5,-0.4,-0.2,0
"03490",19910127,1991,1,27,-0.5,1.2,3.8,0
"03490",19910128,1991,1,28,-4.1,-1.2,2.9,0
"03490",19910129,1991,1,29,-7.5,-3.3,3.3,0
"03490",19910130,1991,1,30,-8,-4.2,1.8,0
"03490",19910131,1991,1,31,-9.4,-5,1.3,0
"03490",19910201,1991,2,1,-10.7,-7,-1,0
"03490",19910202,1991,2,2,-11.3,-6.5,-0.6,0
"03490",19910203,1991,2,3,-8.4,-4.5,0.5,0
"03490",19910204,1991,2,4,-8.3,-5,1.3,0
"03490",19910205,1991,2,5,-8,-2.6,1.1,3.5
"03490",19910206,1991,2,6,-17.6,-13.9,-2.9,0
"03490",19910207,1991,2,7,-19.3,-8.8,-5.4,0
"03490",19910208,1991,2,8,-11.8,-8.2,-2,0
"03490",19910209,1991,2,9,-11.8,-8.5,-1,0
"03490",19910210,1991,2,10,-11,-2.8,0.5,0
"03490",19910211,1991,2,11,-4.8,-1.2,1.3,0
"03490",19910212,1991,2,12,-3.5,-2.8,-1.1,2.5
"03490",19910213,1991,2,13,-4.4,-2,0.6,0
"03490",19910214,1991,2,14,-4.1,-2.2,-0.4,1.2
"03490",19910215,1991,2,15,-2,0.6,0.9,2.5
"03490",19910216,1991,2,16,0.1,0.8,2.9,2.9
"03490",19910217,1991,2,17,-4.2,-1.8,3.1,0
"03490",19910218,1991,2,18,-8,-2.6,4.4,0
"03490",19910219,1991,2,19,-4,0.2,6.1,0
"03490",19910220,1991,2,20,-4.3,1.9,11.5,0
"03490",19910221,1991,2,21,-3.3,3.2,13,0
"03490",19910222,1991,2,22,0.3,7.3,9.5,0
"03490",19910223,1991,2,23,7.3,7.9,9,0
"03490",19910224,1991,2,24,-0.2,5.2,16.5,0
"03490",19910225,1991,2,25,0.9,6.8,11.6,0
"03490",19910226,1991,2,26,1.8,5.1,13.1,0
"03490",19910227,1991,2,27,0.1,3.8,7.6,0
"03490",19910228,1991,2,28,1.7,3,4.2,1
"03490",19910301,1991,3,1,0.3,2.8,8.9,1
"03490",19910302,1991,3,2,0.8,4.8,7.2,0.4
"03490",19910303,1991,3,3,0.9,4.6,13.4,0
"03490",19910304,1991,3,4,-2.4,4.6,7.7,1.7
"03490",19910305,1991,3,5,5,6.8,11.9,0.4
"03490",19910306,1991,3,6,5.1,12,15.9,0
"03490",19910307,1991,3,7,9.2,11.2,13.3,0
"03490",19910308,1991,3,8,8.2,10.9,15.5,0
"03490",19910309,1991,3,9,6.2,10.2,14.8,0
"03490",19910310,1991,3,10,6,9.3,16.6,0.6
"03490",19910311,1991,3,11,4.8,8.3,14,0.4
"03490",19910312,1991,3,12,2.6,7.3,15.6,0
"03490",19910313,1991,3,13,1.1,7.9,17.9,0
"03490",19910314,1991,3,14,0.3,11.1,20.1,0
"03490",19910315,1991,3,15,8,12.2,18.8,0
"03490",19910316,1991,3,16,6.5,11.1,19.6,0
"03490",19910317,1991,3,17,4.4,8.5,13.6,0
"03490",19910318,1991,3,18,3.5,10.2,13.4,0.9
"03490",19910319,1991,3,19,6.5,12,13.8,1.5
"03490",19910320,1991,3,20,12,14.3,16.3,0
"03490",19910321,1991,3,21,7.3,10,14.9,24.4
"03490",19910322,1991,3,22,3,5.2,9.8,3.4
"03490",19910323,1991,3,23,2.9,6.6,11.3,0
"03490",19910324,1991,3,24,3.2,7.1,9.9,0
"03490",19910325,1991,3,25,5.5,7.4,8.5,0
"03490",19910326,1991,3,26,5.2,6.1,8.6,0
"03490",19910327,1991,3,27,-1.3,4.3,11.9,0
"03490",19910328,1991,3,28,-1,2.2,9,0
"03490",19910329,1991,3,29,-2,3.8,9.1,0
"03490",19910330,1991,3,30,-2.9,3.3,8.9,0
"03490",19910331,1991,3,31,3.5,6.5,11.4,0
"03490",19910401,1991,4,1,3.9,12.6,18.3,0
"03490",19910402,1991,4,2,10.1,13.1,18.6,0
"03490",19910403,1991,4,3,6,10,14.6,0
"03490",19910404,1991,4,4,2.3,8.8,15.4,0
"03490",19910405,1991,4,5,7.1,9.4,13.6,0
"03490",19910406,1991,4,6,1.5,8.4,14,0
"03490",19910407,1991,4,7,7.5,9.9,12.7,0.9
"03490",19910408,1991,4,8,5,10.8,13,0
"03490",19910409,1991,4,9,7.3,9.9,15,0
"03490",19910410,1991,4,10,3.4,9.5,18.5,0
"03490",19910411,1991,4,11,3,10.3,19.9,0
"03490",19910412,1991,4,12,2.5,12.4,21,0
"03490",19910413,1991,4,13,4.5,12.6,20.6,0
"03490",19910414,1991,4,14,8.6,12.6,20.6,0
"03490",19910415,1991,4,15,5,12.4,21.2,0
"03490",19910416,1991,4,16,3.1,5.4,11.1,0
"03490",19910417,1991,4,17,2.5,4.8,10.2,6.6
"03490",19910418,1991,4,18,-0.4,3,6.6,6.6
"03490",19910419,1991,4,19,0.1,1,6.5,2.7
"03490",19910420,1991,4,20,-2.4,1.2,7,0
"03490",19910421,1991,4,21,-2.6,3.3,8.3,0
"03490",19910422,1991,4,22,0,4.3,8.4,7
"03490",19910423,1991,4,23,2.5,5,7.1,6.3
"03490",19910424,1991,4,24,3.2,5,9.5,1.4
"03490",19910425,1991,4,25,-0.5,5,12.3,0.4
"03490",19910426,1991,4,26,-1.2,7.9,14.5,0
"03490",19910427,1991,4,27,-1,8,15.4,0
"03490",19910428,1991,4,28,2.5,6.6,12.7,0
"03490",19910429,1991,4,29,1.6,7.6,12.9,3
"03490",19910430,1991,4,30,6,7.8,9,22.4
"03490",19910501,1991,5,1,6,8,10.2,2.4
"03490",19910502,1991,5,2,6,6.9,8.1,2.7
"03490",19910503,1991,5,3,4.5,6.3,10,4.8
"03490",19910504,1991,5,4,4,5.6,8.5,3.1
"03490",19910505,1991,5,5,4.4,7.4,10,0
"03490",19910506,1991,5,6,2.3,7,12.4,0
"03490",19910507,1991,5,7,2.5,8.6,13.3,0
"03490",19910508,1991,5,8,4,8.8,14,0
"03490",19910509,1991,5,9,2.3,10.2,15.2,0
"03490",19910510,1991,5,10,3.4,13.6,17.9,0
"03490",19910511,1991,5,11,9.9,13,17.6,0
"03490",19910512,1991,5,12,9,11.8,17.5,0
"03490",19910513,1991,5,13,4.7,13.8,19.8,2.9
"03490",19910514,1991,5,14,8.9,10.8,14.7,0.7
"03490",19910515,1991,5,15,4.3,7,12.3,13.1
"03490",19910516,1991,5,16,3.8,7.5,10.9,3.8
"03490",19910517,1991,5,17,6,8.1,10.5,0
"03490",19910518,1991,5,18,2,9,13,0.6
"03490",19910519,1991,5,19,4.4,10.8,16,0
"03490",19910520,1991,5,20,9,15.4,20.6,0
"03490",19910521,1991,5,21,13.2,16.2,19.8,0
"03490",19910522,1991,5,22,12,14.7,20.5,0
"03490",19910523,1991,5,23,6.1,9.5,14,0
"03490",19910524,1991,5,24,4.5,11,14.4,0
"03490",19910525,1991,5,25,5.5,11.2,14.8,1.7
"03490",19910526,1991,5,26,9.5,11.4,13.3,0
"03490",19910527,1991,5,27,7.5,10.5,15.4,0
"03490",19910528,1991,5,28,5.4,14.2,19.1,0
"03490",19910529,1991,5,29,6.9,14.4,21.5,0
"03490",19910530,1991,5,30,8.4,16.3,23.5,0
"03490",19910531,1991,5,31,10,16.3,21,0
"03490",19910601,1991,6,1,9.5,11.6,16.2,0
"03490",19910602,1991,6,2,3.9,12.6,20,0
"03490",19910603,1991,6,3,7.2,9.4,13.3,0
"03490",19910604,1991,6,4,5.7,8.8,14,2.4
"03490",19910605,1991,6,5,3,10.2,16.6,1.4
"03490",19910606,1991,6,6,7.3,10.7,14.8,1
"03490",19910607,1991,6,7,8.9,13.8,17.2,1.7
"03490",19910608,1991,6,8,12.2,13.7,18,0.4
"03490",19910609,1991,6,9,10.3,16.1,18.6,5.4
"03490",19910610,1991,6,10,11.9,14.6,18.8,3.9
"03490",19910611,1991,6,11,13,14.9,18.5,0
"03490",19910612,1991,6,12,12.5,19.3,22.9,1.3
"03490",19910613,1991,6,13,10.4,13.8,19.1,0
"03490",19910614,1991,6,14,10,14.8,19.5,0.7
"03490",19910615,1991,6,15,11.5,16.9,21,0
"03490",19910616,1991,6,16,11.2,12.5,17.4,0.7
"03490",19910617,1991,6,17,9,13.2,17.4,0
"03490",19910618,1991,6,18,9.4,10.9,15.9,6
"03490",19910619,1991,6,19,8,10.9,15,1.6
"03490",19910620,1991,6,20,8.9,11.6,13.6,5.1
"03490",19910621,1991,6,21,7.5,15.4,21.9,0
"03490",19910622,1991,6,22,14,16.4,20.6,8.2
"03490",19910623,1991,6,23,13.3,17.5,21.4,3.6
"03490",19910624,1991,6,24,15.4,17.2,21.3,3.3
"03490",19910625,1991,6,25,15,19.8,24.5,2.4
"03490",19910626,1991,6,26,13.9,15.9,20.5,0.7
"03490",19910627,1991,6,27,9.1,12.2,17,10.1
"03490",19910628,1991,6,28,11.5,12.3,14.9,2.1
"03490",19910629,1991,6,29,10.1,12.1,17,0
"03490",19910630,1991,6,30,6.7,17,22.5,0
"03490",19910701,1991,7,1,14,19.4,25.8,0
"03490",19910702,1991,7,2,16,21.9,29.7,0
"03490",19910703,1991,7,3,15.6,22.4,29.2,0
"03490",19910704,1991,7,4,14,24.2,28.8,0
"03490",19910705,1991,7,5,15.7,25.2,30.7,0
"03490",19910706,1991,7,6,19,24.6,31.4,0
"03490",19910707,1991,7,7,16.2,23.8,31.7,0
"03490",19910708,1991,7,8,19.2,24.4,29.5,0
"03490",19910709,1991,7,9,17,19.9,26,0
"03490",19910710,1991,7,10,15,23.2,28.5,0
"03490",19910711,1991,7,11,21,24.9,34.5,0
"03490",19910712,1991,7,12,17,21.3,29.5,0
"03490",19910713,1991,7,13,16,18.4,23.5,21.9
"03490",19910714,1991,7,14,15.2,18.6,23.3,1.1
"03490",19910715,1991,7,15,15,18.8,23.9,0
"03490",19910716,1991,7,16,13.5,16.9,23,0
"03490",19910717,1991,7,17,12.5,16.7,21.2,0
"03490",19910718,1991,7,18,12.5,17.5,20,4.9
"03490",19910719,1991,7,19,12.5,16.4,18.4,0
"03490",19910720,1991,7,20,12.2,16.7,20.2,0
"03490",19910721,1991,7,21,13.9,16.4,20.6,0
"03490",19910722,1991,7,22,11.4,16.6,24.3,0
"03490",19910723,1991,7,23,11.8,20,30,0.3
"03490",19910724,1991,7,24,16.9,19.1,23,0.8
"03490",19910725,1991,7,25,12.5,15.2,20.5,7.5
"03490",19910726,1991,7,26,12.5,16.8,20,4.4
"03490",19910727,1991,7,27,14.1,16.9,22.6,0
"03490",19910728,1991,7,28,11.5,17.8,26.3,0
"03490",19910729,1991,7,29,12,19.9,28.2,0
"03490",19910730,1991,7,30,13.5,20.5,29.1,3.6
"03490",19910731,1991,7,31,15.6,17.3,22,6.5
"03490",19910801,1991,8,1,13.5,18,23.6,0
"03490",19910802,1991,8,2,14,19.5,25.6,0
"03490",19910803,1991,8,3,14.5,20.2,25.5,0
"03490",19910804,1991,8,4,15.5,19.9,26.2,0
"03490",19910805,1991,8,5,15.4,21,28.5,0
"03490",19910806,1991,8,6,14.4,23,32.6,0
"03490",19910807,1991,8,7,16.9,23,33.2,18.8
"03490",19910808,1991,8,8,16.6,17.6,20.2,1.3
"03490",19910809,1991,8,9,13,17,22.9,0
"03490",19910810,1991,8,10,13,21,26.7,0.2
"03490",19910811,1991,8,11,16.5,21.2,27.1,3.1
"03490",19910812,1991,8,12,15.1,17.3,23.5,0.7
"03490",19910813,1991,8,13,11,17.9,23,0
"03490",19910814,1991,8,14,13.6,17.9,23.5,0
"03490",19910815,1991,8,15,13.5,18.6,26.7,0
"03490",19910816,1991,8,16,13.5,18.8,24.9,0
"03490",19910817,1991,8,17,14.6,19,24,1.6
"03490",19910818,1991,8,18,12.3,16.2,21.3,0
"03490",19910819,1991,8,19,11,15.6,20.3,0
"03490",19910820,1991,8,20,13.8,17.6,24,0
"03490",19910821,1991,8,21,11.8,18.7,28.6,0
"03490",19910822,1991,8,22,13,23,31.8,0
"03490",19910823,1991,8,23,16.5,19.5,26.5,0
"03490",19910824,1991,8,24,14.9,17.9,24,0
"03490",19910825,1991,8,25,11.7,15.9,23.9,0
"03490",19910826,1991,8,26,10.8,16.2,24.6,0
"03490",19910827,1991,8,27,10.6,16.4,23.9,0
"03490",19910828,1991,8,28,11.9,16.6,22.6,0
"03490",19910829,1991,8,29,11.4,14.6,23,0
"03490",19910830,1991,8,30,7.8,15.2,24.7,0
"03490",19910831,1991,8,31,8,16.8,27.4,0
"03490",19910901,1991,9,1,9.5,18,29.4,0
"03490",19910902,1991,9,2,10.8,20.4,29.5,0
"03490",19910903,1991,9,3,12,19.6,29.8,0
"03490",19910904,1991,9,4,13.4,20.5,29.2,0
"03490",19910905,1991,9,5,12.7,19.5,24.5,0.6
"03490",19910906,1991,9,6,13,14.6,20.1,0
"03490",19910907,1991,9,7,9.9,15.1,18,0
"03490",19910908,1991,9,8,11.9,13.7,18.4,0
"03490",19910909,1991,9,9,7.8,14.7,23.6,0
"03490",19910910,1991,9,10,7.1,17.6,28,0
"03490",19910911,1991,9,11,12,16.6,22.9,0
"03490",19910912,1991,9,12,8.4,12.6,20.2,0
"03490",19910913,1991,9,13,4.8,12.6,22.7,0
"03490",19910914,1991,9,14,5.4,15.9,25.5,0
"03490",19910915,1991,9,15,8,16.8,24,0
"03490",19910916,1991,9,16,12.3,18.2,25.1,2.8
"03490",19910917,1991,9,17,12.1,15.5,21.5,0
"03490",19910918,1991,9,18,7.8,16.1,25.1,0
"03490",19910919,1991,9,19,13,15,18.6,0.2
"03490",19910920,1991,9,20,9.9,12.7,19.3,0
"03490",19910921,1991,9,21,6,15.6,27,0
"03490",19910922,1991,9,22,10.5,15.1,26.6,0
"03490",19910923,1991,9,23,11.5,16,18.6,0
"03490",19910924,1991,9,24,16.4,19.3,21.9,0
"03490",19910925,1991,9,25,16.7,18.2,25.5,10
"03490",19910926,1991,9,26,13.1,14.5,18,13
"03490",19910927,1991,9,27,8.8,11.1,17.9,3.7
"03490",19910928,1991,9,28,6,12,14.3,0.2
"03490",19910929,1991,9,29,11.2,13.4,16.6,0
"03490",19910930,1991,9,30,10.1,12.4,18,1.3
"03490",19911001,1991,10,1,2.8,11,16.4,0
"03490",19911002,1991,10,2,9.2,10.6,13.4,0.2
"03490",19911003,1991,10,3,3,10.7,20.6,0
"03490",19911004,1991,10,4,6.3,11.8,17.3,0
"03490",19911005,1991,10,5,5.9,11.6,17.4,17.7
"03490",19911006,1991,10,6,11.7,12.2,13.4,6.1
"03490",19911007,1991,10,7,11,12.4,14.4,0
"03490",19911008,1991,10,8,9.5,11.4,16.6,0
"03490",19911009,1991,10,9,8.3,11.2,18.6,0
"03490",19911010,1991,10,10,8.4,12.4,18.6,0
"03490",19911011,1991,10,11,7.5,12.6,19.4,0
"03490",19911012,1991,10,12,9.4,11.7,14,8.9
"03490",19911013,1991,10,13,8.7,11,15.5,0
"03490",19911014,1991,10,14,6.8,10.9,18.4,0.5
"03490",19911015,1991,10,15,7.8,12.6,19.6,9.6
"03490",19911016,1991,10,16,7.9,13.9,18,0.5
"03490",19911017,1991,10,17,8.1,9.3,15.2,0
"03490",19911018,1991,10,18,5.2,7.3,11,2.1
"03490",19911019,1991,10,19,4.4,7.7,12,0.3
"03490",19911020,1991,10,20,4.7,7.4,11,0.4
"03490",19911021,1991,10,21,3.1,4.4,8.1,0
"03490",19911022,1991,10,22,3.1,5.6,11.2,0
"03490",19911023,1991,10,23,4.1,9,10.1,0.8
"03490",19911024,1991,10,24,8.3,9.1,10.4,0
"03490",19911025,1991,10,25,8.1,9,11.2,0
"03490",19911026,1991,10,26,1.2,4.5,11,0
"03490",19911027,1991,10,27,1.2,5.4,9.4,0
"03490",19911028,1991,10,28,3.1,6.4,9,0
"03490",19911029,1991,10,29,-1.8,1.2,9.7,0
"03490",19911030,1991,10,30,-4.6,3.2,7.2,0
"03490",19911031,1991,10,31,4.2,5.9,8.3,0
"03490",19911101,1991,11,1,0,6.6,10.4,2.4
"03490",19911102,1991,11,2,6.9,11.3,16.1,0.2
"03490",19911103,1991,11,3,9.1,12.1,14.7,5.5
"03490",19911104,1991,11,4,5,6.2,12,6.5
"03490",19911105,1991,11,5,4.8,6.3,9.2,2.6
"03490",19911106,1991,11,6,4.2,5.9,10,2.7
"03490",19911107,1991,11,7,6,8.2,12.1,2.6
"03490",19911108,1991,11,8,7.2,10,11.5,9.4
"03490",19911109,1991,11,9,4.5,6,12.5,2.9
"03490",19911110,1991,11,10,5,5.8,9,0
"03490",19911111,1991,11,11,5.5,7.4,9.5,7.3
"03490",19911112,1991,11,12,2.5,8.7,12.5,2.3
"03490",19911113,1991,11,13,6.5,7.2,12.2,1.5
"03490",19911114,1991,11,14,5,6.2,8.3,1.5
"03490",19911115,1991,11,15,1.5,5.2,10,0
"03490",19911116,1991,11,16,0,4,6.1,0
"03490",19911117,1991,11,17,1,3.9,7.5,0.2
"03490",19911118,1991,11,18,3.2,5.5,8.9,2.4
"03490",19911119,1991,11,19,2.1,4.8,10,1.4
"03490",19911120,1991,11,20,1.2,4,4.6,10.1
"03490",19911121,1991,11,21,0.5,2.2,4.6,0
"03490",19911122,1991,11,22,-1.5,-0.6,1.4,0
"03490",19911123,1991,11,23,-1.2,1.9,6.2,0
"03490",19911124,1991,11,24,-1.6,1.7,6.9,0
"03490",19911125,1991,11,25,-1.8,0.8,4.9,0
"03490",19911126,1991,11,26,-3.9,0.5,5.6,0
"03490",19911127,1991,11,27,-1.3,1,6.1,0
"03490",19911128,1991,11,28,-1.5,1,5,0
"03490",19911129,1991,11,29,0,2.6,5.2,0
"03490",19911130,1991,11,30,-1.5,1.4,7.3,0
"03490",19911201,1991,12,1,-2.8,0.2,3,0
"03490",19911202,1991,12,2,-0.5,0.4,1.6,0
"03490",19911203,1991,12,3,-0.8,-0.1,1.1,0
"03490",19911204,1991,12,4,-1.9,1,2.3,0.9
"03490",19911205,1991,12,5,-0.7,1.4,5.9,0.6
"03490",19911206,1991,12,6,-2.1,-1,1.5,0
"03490",19911207,1991,12,7,-2.2,1.7,3.1,0.7
"03490",19911208,1991,12,8,1.5,2.8,4.1,0
"03490",19911209,1991,12,9,-2.2,-0.1,4.4,0
"03490",19911210,1991,12,10,-7,-2.9,-0.9,0
"03490",19911211,1991,12,11,-7.1,-3.8,1.7,0
"03490",19911212,1991,12,12,-8.6,-5,1.9,0
"03490",19911213,1991,12,13,-9,-5.4,1,0
"03490",19911214,1991,12,14,-9.7,-5.9,1.6,0
"03490",19911215,1991,12,15,-10.6,-4.9,0.6,0
"03490",19911216,1991,12,16,-4.5,0.6,2.3,1.7
"03490",19911217,1991,12,17,0,5.5,8.4,11.4
"03490",19911218,1991,12,18,4.1,5.5,8.9,3.1
"03490",19911219,1991,12,19,4.5,9.8,11.9,11
"03490",19911220,1991,12,20,2.1,3.1,10.1,5.7
"03490",19911221,1991,12,21,1.7,8.7,12.5,23.8
"03490",19911222,1991,12,22,11.5,13,14.7,1.7
"03490",19911223,1991,12,23,10.1,10.8,13,3
"03490",19911224,1991,12,24,4.1,5.4,10.1,2.4
"03490",19911225,1991,12,25,1.9,3.5,5.9,0.2
"03490",19911226,1991,12,26,0,6.7,9,0.8
"03490",19911227,1991,12,27,5.1,6.2,8.3,0.3
"03490",19911228,1991,12,28,1.5,3.9,7,0
"03490",19911229,1991,12,29,1.1,4.1,5.8,0.9
"03490",19911230,1991,12,30,4.5,4.8,6,0.3
"03490",19911231,1991,12,31,0.7,2.1,4.6,0.2
"03490",19920101,1992,1,1,0.9,3.3,4.4,0
"03490",19920102,1992,1,2,1.9,4.4,6.1,0
"03490",19920103,1992,1,3,-3.1,2.7,4.9,0
"03490",19920104,1992,1,4,4,6.3,8,10
"03490",19920105,1992,1,5,4.5,9.4,11.1,1.3
"03490",19920106,1992,1,6,2.3,6.7,11.3,0
"03490",19920107,1992,1,7,-1.5,0.5,5.4,0
"03490",19920108,1992,1,8,-1.5,10.6,11.9,0.5
"03490",19920109,1992,1,9,7.9,9.5,13.1,2.4
"03490",19920110,1992,1,10,2.9,4.5,7.9,0.4
"03490",19920111,1992,1,11,-2,2.4,4.1,0
"03490",19920112,1992,1,12,2.5,4.3,5.9,0
"03490",19920113,1992,1,13,2.5,2.7,3.9,0.3
"03490",19920114,1992,1,14,2.5,4.4,5.2,0.3
"03490",19920115,1992,1,15,4.5,5.7,6.3,0
"03490",19920116,1992,1,16,4.2,5,6,0.5
"03490",19920117,1992,1,17,4.5,5.3,6.1,0
"03490",19920118,1992,1,18,3.5,4.7,5.5,0
"03490",19920119,1992,1,19,4,5.2,6.5,3.2
"03490",19920120,1992,1,20,-1.5,1.5,6.5,0
"03490",19920121,1992,1,21,-7,-4.8,0,0
"03490",19920122,1992,1,22,-8,-5.2,-0.2,0
"03490",19920123,1992,1,23,-8.3,-4.6,0.4,0
"03490",19920124,1992,1,24,-7.1,-3.3,2.3,0
"03490",19920125,1992,1,25,-7.9,-3.9,1.5,0
"03490",19920126,1992,1,26,-6,-0.2,1.1,0
"03490",19920127,1992,1,27,-2.3,-0.3,3.2,0
"03490",19920128,1992,1,28,-3.6,-1.3,1.6,0
"03490",19920129,1992,1,29,-5.5,0.1,6.5,0
"03490",19920130,1992,1,30,-3,-1.1,2.8,0
"03490",19920131,1992,1,31,-3.5,-1.2,4.2,0
"03490",19920201,1992,2,1,-4.9,-2,1,0
"03490",19920202,1992,2,2,-4.6,-0.6,4.6,0
"03490",19920203,1992,2,3,-3,5.6,6.9,2.4
"03490",19920204,1992,2,4,1.8,2.4,5.1,13
"03490",19920205,1992,2,5,1.7,6,8.1,5.4
"03490",19920206,1992,2,6,5.8,6.5,8.9,0
"03490",19920207,1992,2,7,2.5,4.6,9.6,0
"03490",19920208,1992,2,8,-1.9,0.9,9,0
"03490",19920209,1992,2,9,-3.4,6.9,11,2
"03490",19920210,1992,2,10,5.5,6.7,9.9,0.2
"03490",19920211,1992,2,11,6,8.4,9.5,4.1
"03490",19920212,1992,2,12,9.5,12.2,14.1,0.9
"03490",19920213,1992,2,13,7.2,8.6,12.3,0.6
"03490",19920214,1992,2,14,2.9,7.9,9.4,0
"03490",19920215,1992,2,15,6.9,8.9,13.3,0
"03490",19920216,1992,2,16,1.5,3.2,7.2,5.5
"03490",19920217,1992,2,17,-2.6,-1.3,1.5,1.5
"03490",19920218,1992,2,18,-5.1,-3,-0.7,0.1
"03490",19920219,1992,2,19,-4.5,0.2,2.4,0
"03490",19920220,1992,2,20,0.6,2.2,3.5,4
"03490",19920221,1992,2,21,0.8,3.4,5.4,0.3
"03490",19920222,1992,2,22,-1,3.8,7.9,0
"03490",19920223,1992,2,23,3.9,6.2,8.2,1.1
"03490",19920224,1992,2,24,1.5,5.2,10.4,0
"03490",19920225,1992,2,25,3.1,5.5,10.6,0
"03490",19920226,1992,2,26,2.5,6.6,12,0
"03490",19920227,1992,2,27,-1,5.2,14.9,0
"03490",19920228,1992,2,28,-1,8,17.1,0
"03490",19920229,1992,2,29,-0.9,6.9,17.6,0
"03490",19920301,1992,3,1,-1.5,5.7,17,0.2
"03490",19920302,1992,3,2,4,6.6,9.6,0.2
"03490",19920303,1992,3,3,3.5,9.5,12.5,0
"03490",19920304,1992,3,4,4.9,7,14.7,0
"03490",19920305,1992,3,5,-0.3,8.3,16,1.3
"03490",19920306,1992,3,6,3.1,7.1,13.1,0
"03490",19920307,1992,3,7,-2,6.5,14.4,0
"03490",19920308,1992,3,8,-0.6,6.8,14.3,0
"03490",19920309,1992,3,9,5,8.2,13.1,0
"03490",19920310,1992,3,10,2.4,9.2,13.7,2.3
"03490",19920311,1992,3,11,2.5,4.7,10.2,0.5
"03490",19920312,1992,3,12,4.3,8.8,9.9,4.6
"03490",19920313,1992,3,13,3.9,6.4,10.9,10
"03490",19920314,1992,3,14,1.2,5,6.9,3.8
"03490",19920315,1992,3,15,2.9,3.4,4.8,3.2
"03490",19920316,1992,3,16,1.7,3.4,7,0
"03490",19920317,1992,3,17,2,5.9,10.8,0
"03490",19920318,1992,3,18,1.8,7.5,16.1,0.4
"03490",19920319,1992,3,19,3.5,7.6,10.6,0.2
"03490",19920320,1992,3,20,6,11.8,17,1.5
"03490",19920321,1992,3,21,8.1,9.4,14,3.2
"03490",19920322,1992,3,22,5,7.2,12,8.9
"03490",19920323,1992,3,23,3.2,4.5,8.5,8.6
"03490",19920324,1992,3,24,2.4,5.1,7.5,3.3
"03490",19920325,1992,3,25,3.1,3.4,5.5,7.1
"03490",19920326,1992,3,26,3.1,4.4,6.5,1
"03490",19920327,1992,3,27,1.8,5.4,9,7.6
"03490",19920328,1992,3,28,1.8,2.9,6.9,3.6
"03490",19920329,1992,3,29,1.5,5.3,7.3,0.2
"03490",19920330,1992,3,30,5,9.8,13.5,0
"03490",19920331,1992,3,31,5.9,8.2,14.6,15.4
"03490",19920401,1992,4,1,2,7.1,11,0
"03490",19920402,1992,4,2,1.2,7.4,10.2,0.3
"03490",19920403,1992,4,3,5.8,7.2,10.9,0
"03490",19920404,1992,4,4,2.2,4.2,8,1.3
"03490",19920405,1992,4,5,0.8,5.2,8.3,0
"03490",19920406,1992,4,6,0.9,6.5,12.1,0
"03490",19920407,1992,4,7,0.9,6.6,13.6,0
"03490",19920408,1992,4,8,0.4,8.1,15.3,0
"03490",19920409,1992,4,9,0,7,16.2,0
"03490",19920410,1992,4,10,1.5,8.6,16.5,0
"03490",19920411,1992,4,11,4.9,10.5,17.4,0
"03490",19920412,1992,4,12,6.9,13.2,19.6,0.2
"03490",19920413,1992,4,13,6,7.2,13,4.9
"03490",19920414,1992,4,14,7.1,12.3,15.6,0.2
"03490",19920415,1992,4,15,4.9,6.4,13.5,0.7
"03490",19920416,1992,4,16,2.1,3,5.2,4
"03490",19920417,1992,4,17,0.9,4.9,7,3.2
"03490",19920418,1992,4,18,5.2,11.1,12.8,2.5
"03490",19920419,1992,4,19,8.2,9.8,13.2,1.6
"03490",19920420,1992,4,20,1.2,5.8,11.5,0
"03490",19920421,1992,4,21,-1.5,8.1,17.9,0
"03490",19920422,1992,4,22,5.5,10.2,15.9,0.2
"03490",19920423,1992,4,23,7.4,10.6,13.3,0.2
"03490",19920424,1992,4,24,5,12.9,18.6,0
"03490",19920425,1992,4,25,6.4,15.3,19.5,0
"03490",19920426,1992,4,26,9.6,18.8,21.9,0.8
"03490",19920427,1992,4,27,10,11.6,19.9,0.3
"03490",19920428,1992,4,28,8.5,11.9,16.3,4
"03490",19920429,1992,4,29,7.5,9.2,12.3,0
"03490",19920430,1992,4,30,4.6,9.3,16.5,0
"03490",19920501,1992,5,1,5.2,9,14.9,1.5
"03490",19920502,1992,5,2,3.9,8.6,13.2,0
"03490",19920503,1992,5,3,4.1,7.7,11.9,0
"03490",19920504,1992,5,4,1.5,9.6,17,0
"03490",19920505,1992,5,5,3.4,12.1,18.7,0
"03490",19920506,1992,5,6,5.9,10.4,14.9,0
"03490",19920507,1992,5,7,6.5,16,20.3,0
"03490",19920508,1992,5,8,9.2,11.8,17.8,0
"03490",19920509,1992,5,9,7.3,11.2,12.5,2
"03490",19920510,1992,5,10,8.5,11.1,15.3,14
"03490",19920511,1992,5,11,7.9,9.3,13.9,1.8
"03490",19920512,1992,5,12,3.4,11,17.4,0
"03490",19920513,1992,5,13,6,16,23.9,0
"03490",19920514,1992,5,14,9.5,20.4,29.4,0
"03490",19920515,1992,5,15,10.6,21.8,29.6,0
"03490",19920516,1992,5,16,15,17.7,23.5,0
"03490",19920517,1992,5,17,7.2,12.5,18,0
"03490",19920518,1992,5,18,7.5,15.4,23.6,0
"03490",19920519,1992,5,19,6.7,15.1,23.5,0
"03490",19920520,1992,5,20,7.8,15.2,25.2,0
"03490",19920521,1992,5,21,9.5,17,24.1,0.2
"03490",19920522,1992,5,22,10.9,16.8,24.1,0
"03490",19920523,1992,5,23,11.3,18.8,27.2,0
"03490",19920524,1992,5,24,11,19.8,26.7,4.5
"03490",19920525,1992,5,25,12.6,18.9,26.5,0
"03490",19920526,1992,5,26,12.6,18,26.1,0
"03490",19920527,1992,5,27,10.3,16.7,26,0
"03490",19920528,1992,5,28,10.5,19.7,26.5,0
"03490",19920529,1992,5,29,10.8,18.6,22.5,0
"03490",19920530,1992,5,30,11.4,18.6,26,0
"03490",19920531,1992,5,31,13.5,19.2,25.5,0
"03490",19920601,1992,6,1,15.6,19.7,27.1,1.8
"03490",19920602,1992,6,2,14.9,19.3,22.2,1
"03490",19920603,1992,6,3,13.5,17.3,21.1,21.9
"03490",19920604,1992,6,4,12.5,13.4,15.8,4.7
"03490",19920605,1992,6,5,11.9,14.6,15.9,13.7
"03490",19920606,1992,6,6,12.5,15.5,18.5,0.6
"03490",19920607,1992,6,7,13,16.3,20.5,0
"03490",19920608,1992,6,8,12.5,16.1,20,5.2
"03490",19920609,1992,6,9,11.9,16.5,22,0
"03490",19920610,1992,6,10,12.5,15.1,22.3,5.6
"03490",19920611,1992,6,11,10,14.8,19.1,0
"03490",19920612,1992,6,12,11.9,15.8,20.1,0
"03490",19920613,1992,6,13,10.3,18,23.6,0
"03490",19920614,1992,6,14,13.7,19.1,24.8,0
"03490",19920615,1992,6,15,14.5,20.7,27,0
"03490",19920616,1992,6,16,14.3,19.2,26.7,0
"03490",19920617,1992,6,17,12.6,15.8,22.6,0
"03490",19920618,1992,6,18,10.8,13,17.1,0
"03490",19920619,1992,6,19,8.5,13.2,17,8.4
"03490",19920620,1992,6,20,11,17.2,21,34.3
"03490",19920621,1992,6,21,12.9,14.5,18,0.3
"03490",19920622,1992,6,22,11,16.3,22.1,0
"03490",19920623,1992,6,23,11.6,19.3,23.5,0
"03490",19920624,1992,6,24,15,17.5,20.2,1.9
"03490",19920625,1992,6,25,14.2,18.3,21,0
"03490",19920626,1992,6,26,14.1,20,24.1,0
"03490",19920627,1992,6,27,13.9,19.4,26.4,0
"03490",19920628,1992,6,28,12.8,20,28.5,0
"03490",19920629,1992,6,29,12,19.6,28,0
"03490",19920630,1992,6,30,10,21.9,29.8,0
"03490",19920701,1992,7,1,17.3,20.4,25.1,0
"03490",19920702,1992,7,2,16.5,19.6,23.3,4.8
"03490",19920703,1992,7,3,15.4,19.8,25.3,1.5
"03490",19920704,1992,7,4,15.4,18.4,22.9,0
"03490",19920705,1992,7,5,13.6,16.7,21.8,27.9
"03490",19920706,1992,7,6,13.4,14.5,16.1,15.5
"03490",19920707,1992,7,7,13.5,16.2,21.6,0
"03490",19920708,1992,7,8,11,18.8,25.5,0
"03490",19920709,1992,7,9,14.9,17.7,25.3,16.9
"03490",19920710,1992,7,10,14.9,17.8,21.8,4.3
"03490",19920711,1992,7,11,13.4,16.5,20.9,0.8
"03490",19920712,1992,7,12,13.9,17.4,20.6,0.2
"03490",19920713,1992,7,13,13.5,19.7,21.9,0
"03490",19920714,1992,7,14,16.1,18.2,21.1,4.3
"03490",19920715,1992,7,15,14,17.7,22.3,0
"03490",19920716,1992,7,16,16.2,20,27.2,0
"03490",19920717,1992,7,17,15.5,20.8,25.5,3.6
"03490",19920718,1992,7,18,13.5,17.8,23.1,0
"03490",19920719,1992,7,19,11.4,22.1,29.7,0
"03490",19920720,1992,7,20,17.9,23.6,30.6,0
"03490",19920721,1992,7,21,16.9,23,31.1,0.2
"03490",19920722,1992,7,22,15.9,18.1,23.6,0
"03490",19920723,1992,7,23,12.5,19.6,26.6,0
"03490",19920724,1992,7,24,14.4,19.5,30,8.6
"03490",19920725,1992,7,25,13.5,18.4,23.5,0
"03490",19920726,1992,7,26,13.6,20.4,27.2,0
"03490",19920727,1992,7,27,13,18.5,26.6,0.2
"03490",19920728,1992,7,28,10.6,16.7,22.2,0
"03490",19920729,1992,7,29,9.9,17.7,26.6,0
"03490",19920730,1992,7,30,11.7,22.6,32.1,0.2
"03490",19920731,1992,7,31,16.5,21.6,28.6,0.6
"03490",19920801,1992,8,1,18.8,24.7,31.1,4.4
"03490",19920802,1992,8,2,17.3,21.1,25.9,0
"03490",19920803,1992,8,3,15.4,21.6,29,0
"03490",19920804,1992,8,4,12.4,16.7,23.2,0
"03490",19920805,1992,8,5,11.8,20.1,28.2,0
"03490",19920806,1992,8,6,14,22.4,28.5,0
"03490",19920807,1992,8,7,15,23.2,31.6,0
"03490",19920808,1992,8,8,19,25.9,35.5,0
"03490",19920809,1992,8,9,18,27.1,35.4,0
"03490",19920810,1992,8,10,15.9,18,23.5,0
"03490",19920811,1992,8,11,10.2,18,25.6,0
"03490",19920812,1992,8,12,16,19.6,23.6,8.5
"03490",19920813,1992,8,13,13.9,15.7,18.9,3.1
"03490",19920814,1992,8,14,14.1,15.8,20,1.3
"03490",19920815,1992,8,15,10.4,12.9,18.9,0
"03490",19920816,1992,8,16,6.5,15.8,22.5,0
"03490",19920817,1992,8,17,14,16.8,20,7.5
"03490",19920818,1992,8,18,15.5,19.2,24.5,0
"03490",19920819,1992,8,19,16.2,23,29.5,0
"03490",19920820,1992,8,20,17.3,22.2,29,1.8
"03490",19920821,1992,8,21,16.5,18,22,0
"03490",19920822,1992,8,22,15,19.6,26.5,6.2
"03490",19920823,1992,8,23,14,17.6,22,0
"03490",19920824,1992,8,24,16.2,19.4,23.3,2
"03490",19920825,1992,8,25,14.9,20.9,26,0
"03490",19920826,1992,8,26,15,22.6,28.3,0
"03490",19920827,1992,8,27,18.6,20.9,26.5,0
"03490",19920828,1992,8,28,15.5,22.8,30.3,9.8
"03490",19920829,1992,8,29,13.9,15.5,21.1,1.9
"03490",19920830,1992,8,30,9.6,16.3,21.3,4.5
"03490",19920831,1992,8,31,12.1,13,15.1,10
"03490",19920901,1992,9,1,6.1,8.4,16.1,5.3
"03490",19920902,1992,9,2,6.1,14.2,15.8,7.7
"03490",19920903,1992,9,3,13,15,18.9,0
"03490",19920904,1992,9,4,9.5,11.3,14,1.6
"03490",19920905,1992,9,5,9.5,12.2,15.5,1.2
"03490",19920906,1992,9,6,5.5,11.3,18.3,0
"03490",19920907,1992,9,7,7,15,22,0.8
"03490",19920908,1992,9,8,9.9,11.9,18.2,0
"03490",19920909,1992,9,9,6,11.7,18.3,0
"03490",19920910,1992,9,10,6.8,15.6,21.5,0
"03490",19920911,1992,9,11,7.9,15.4,24.9,3.8
"03490",19920912,1992,9,12,6.9,12.3,19,0
"03490",19920913,1992,9,13,6.7,15,22,1
"03490",19920914,1992,9,14,10.5,12.6,16,3.8
"03490",19920915,1992,9,15,10.5,16.5,21,0
"03490",19920916,1992,9,16,10.5,14.4,20.3,0
"03490",19920917,1992,9,17,8.5,13.4,21.9,0
"03490",19920918,1992,9,18,8.5,16.2,23.6,2.9
"03490",19920919,1992,9,19,13,14.5,21,0
"03490",19920920,1992,9,20,10.4,14.3,20.5,0
"03490",19920921,1992,9,21,10.6,15.2,22.1,0
"03490",19920922,1992,9,22,12.5,18.9,25,0
"03490",19920923,1992,9,23,10.5,13.7,18,0
"03490",19920924,1992,9,24,7.7,12.9,19,0
"03490",19920925,1992,9,25,7.3,13.3,22.5,0
"03490",19920926,1992,9,26,8.4,14.6,25.5,0
"03490",19920927,1992,9,27,8.5,16.1,25.7,0
"03490",19920928,1992,9,28,10.2,16.4,23.3,0
"03490",19920929,1992,9,29,13.3,16,18.6,0
"03490",19920930,1992,9,30,12.9,14.2,18.1,0
"03490",19921001,1992,10,1,9.2,11.3,16.5,10
"03490",19921002,1992,10,2,6.5,10.4,16,0
"03490",19921003,1992,10,3,8.9,12.2,15.9,0.1
"03490",19921004,1992,10,4,7.3,13.6,18.7,0.4
"03490",19921005,1992,10,5,8.3,9.7,14.1,5.3
"03490",19921006,1992,10,6,7.9,9.6,11,10.9
"03490",19921007,1992,10,7,8.5,11.6,12.3,0.7
"03490",19921008,1992,10,8,8.3,11.7,13.1,0
"03490",19921009,1992,10,9,9,10.2,13.3,0.7
"03490",19921010,1992,10,10,3.4,6.6,13.6,0
"03490",19921011,1992,10,11,1.2,8.6,13.5,0
"03490",19921012,1992,10,12,0.9,5.7,12.9,0
"03490",19921013,1992,10,13,-3.7,2.5,12.8,0
"03490",19921014,1992,10,14,-3.2,7,13.5,0.7
"03490",19921015,1992,10,15,5,7,10.9,2
"03490",19921016,1992,10,16,1.2,5,10.5,0
"03490",19921017,1992,10,17,-2.4,2.6,9,0
"03490",19921018,1992,10,18,-2.1,5.7,8.9,0
"03490",19921019,1992,10,19,0.9,3.9,12.4,0
"03490",19921020,1992,10,20,-1.9,7.1,14.6,3.9
"03490",19921021,1992,10,21,5,6.9,9.5,0.7
"03490",19921022,1992,10,22,4.4,7.1,9.8,0
"03490",19921023,1992,10,23,5,7,9.6,7.5
"03490",19921024,1992,10,24,4.2,6.4,8.8,0.3
"03490",19921025,1992,10,25,2.9,7.6,12.4,20.5
"03490",19921026,1992,10,26,5,7.7,9.8,0
"03490",19921027,1992,10,27,3,7.9,10.1,7.9
"03490",19921028,1992,10,28,3.9,5.9,10.6,4.2
"03490",19921029,1992,10,29,2.2,7,9.3,3.3
"03490",19921030,1992,10,30,-0.5,4.4,9.6,0
"03490",19921031,1992,10,31,1.9,3,5.6,0
"03490",19921101,1992,11,1,-1.5,0.2,5,0
"03490",19921102,1992,11,2,-4,5.7,10.1,0.2
"03490",19921103,1992,11,3,6.3,8,11.5,0.7
"03490",19921104,1992,11,4,3.5,7.3,11.9,0
"03490",19921105,1992,11,5,6.6,12,14.6,0
"03490",19921106,1992,11,6,7,9.1,14.4,0
"03490",19921107,1992,11,7,1.3,9.5,13.6,1.2
"03490",19921108,1992,11,8,5.2,8,12.2,0.9
"03490",19921109,1992,11,9,4.4,8.5,9.8,3.4
"03490",19921110,1992,11,10,8.8,9.6,12.3,0.8
"03490",19921111,1992,11,11,7.2,9.4,15.5,1.9
"03490",19921112,1992,11,12,4.5,6,8.2,0
"03490",19921113,1992,11,13,-0.4,5.2,6.9,0.7
"03490",19921114,1992,11,14,2,4.5,7.7,0
"03490",19921115,1992,11,15,2,3.4,5.2,5
"03490",19921116,1992,11,16,2.3,8,10.3,2
"03490",19921117,1992,11,17,4.2,5.2,8.9,5.2
"03490",19921118,1992,11,18,3.9,5.6,7.2,3
"03490",19921119,1992,11,19,4,6.7,9.5,1.6
"03490",19921120,1992,11,20,3.1,4.9,6.8,0
"03490",19921121,1992,11,21,3.4,7.4,10,2
"03490",19921122,1992,11,22,6.5,14.3,15,4.4
"03490",19921123,1992,11,23,6.1,9.4,13.9,0
"03490",19921124,1992,11,24,2,8,10,3.1
"03490",19921125,1992,11,25,8.5,11.8,12.6,2
"03490",19921126,1992,11,26,9.1,9.8,12,0
"03490",19921127,1992,11,27,2.4,7.6,10,0.3
"03490",19921128,1992,11,28,3.9,7,12.5,2.9
"03490",19921129,1992,11,29,3,5.2,7,2.6
"03490",19921130,1992,11,30,3.9,10.7,14.6,0
"03490",19921201,1992,12,1,6,9.6,12.5,0
"03490",19921202,1992,12,2,4.6,12.6,13.8,1.2
"03490",19921203,1992,12,3,6.1,7.1,13.8,1
"03490",19921204,1992,12,4,2,5.3,6.9,16.1
"03490",19921205,1992,12,5,0.5,3.7,7.2,0
"03490",19921206,1992,12,6,-1,3.1,7,0
"03490",19921207,1992,12,7,2,4.5,6.6,2.1
"03490",19921208,1992,12,8,2.5,5.8,6.7,0
"03490",19921209,1992,12,9,2.4,3.4,6.1,0
"03490",19921210,1992,12,10,2.7,3.1,3.7,0
"03490",19921211,1992,12,11,2.6,3.6,4.5,10.5
"03490",19921212,1992,12,12,4,6,7.5,1.2
"03490",19921213,1992,12,13,4.4,6.3,7,0
"03490",19921214,1992,12,14,6.5,8.3,10.7,0
"03490",19921215,1992,12,15,-0.5,1.7,7.7,0
"03490",19921216,1992,12,16,-1.2,4,10,0.5
"03490",19921217,1992,12,17,-1.5,0.7,4.9,0
"03490",19921218,1992,12,18,-2.1,1.8,3.5,0
"03490",19921219,1992,12,19,3.1,6.4,7.1,3.2
"03490",19921220,1992,12,20,4.6,5.3,6.6,4.9
"03490",19921221,1992,12,21,2.9,3.7,5.2,0.2
"03490",19921222,1992,12,22,2.6,3.7,5.4,6.2
"03490",19921223,1992,12,23,2.4,3.6,4.3,0
"03490",19921224,1992,12,24,1.9,2.3,4.1,0
"03490",19921225,1992,12,25,-1,-0.5,1.9,0
"03490",19921226,1992,12,26,-3.3,-1.3,1,0
"03490",19921227,1992,12,27,-4.8,-3.2,0,0
"03490",19921228,1992,12,28,-5.9,-3.6,1.7,0
"03490",19921229,1992,12,29,-8.7,-5.9,0.2,0
"03490",19921230,1992,12,30,-9.2,-6,1.1,0
"03490",19921231,1992,12,31,-9.7,-6.2,0,0
"03490",19930101,1993,1,1,-9.2,-6.6,0.5,0
"03490",19930102,1993,1,2,-11.1,-8.2,-2.2,0
"03490",19930103,1993,1,3,-13.2,-10.3,-2.6,0
"03490",19930104,1993,1,4,-13,-7.9,-2.2,0
"03490",19930105,1993,1,5,-9.1,0.5,6.9,2.9
"03490",19930106,1993,1,6,3.4,8.6,9.5,4.4
"03490",19930107,1993,1,7,5.6,6.2,9.5,0.9
"03490",19930108,1993,1,8,-1.2,3.6,10,1.1
"03490",19930109,1993,1,9,-2.3,7.5,11.5,0.3
"03490",19930110,1993,1,10,10.9,11.4,12.3,2
"03490",19930111,1993,1,11,9.5,10.5,12.9,17
"03490",19930112,1993,1,12,5.1,6.1,9.6,5.9
"03490",19930113,1993,1,13,2,9.5,14.9,3.5
"03490",19930114,1993,1,14,2,5.7,13.9,0
"03490",19930115,1993,1,15,-1,10.5,13.5,0
"03490",19930116,1993,1,16,8.9,10.9,14.6,0
"03490",19930117,1993,1,17,3.8,10.5,13,1
"03490",19930118,1993,1,18,-0.1,4,10,0
"03490",19930119,1993,1,19,-1.7,7.3,8.4,0.3
"03490",19930120,1993,1,20,8.4,10.6,11.7,0
"03490",19930121,1993,1,21,8.9,12.2,13.3,0
"03490",19930122,1993,1,22,8.5,11.4,13.2,5.7
"03490",19930123,1993,1,23,6.8,9.8,12,0
"03490",19930124,1993,1,24,7.1,9.4,12.3,0.5
"03490",19930125,1993,1,25,1.1,2.7,7.1,4.3
"03490",19930126,1993,1,26,0.4,2.3,4.3,5
"03490",19930127,1993,1,27,2.7,4.1,5.5,0.5
"03490",19930128,1993,1,28,2.4,6.4,9.2,3.8
"03490",19930129,1993,1,29,4,6.5,9.8,4.8
"03490",19930130,1993,1,30,-1.7,-0.6,4,0
"03490",19930131,1993,1,31,-6,-2.5,0.1,0
"03490",19930201,1993,2,1,-6.2,-2.1,2.5,0
"03490",19930202,1993,2,2,-6,-2.2,2.9,0
"03490",19930203,1993,2,3,-3,-1.6,3,0
"03490",19930204,1993,2,4,-5.3,-1.8,5.5,0
"03490",19930205,1993,2,5,-3.1,-1.4,-0.1,0
"03490",19930206,1993,2,6,-1.6,1.9,4.5,1
"03490",19930207,1993,2,7,2.1,4.4,7,0
"03490",19930208,1993,2,8,0.2,2,5.1,0
"03490",19930209,1993,2,9,-1.3,1,5.5,0
"03490",19930210,1993,2,10,-2.4,0.6,2.5,0
"03490",19930211,1993,2,11,-2.5,-0.2,3.6,0
"03490",19930212,1993,2,12,-5.3,-1.8,3.9,0
"03490",19930213,1993,2,13,-4.9,-1.6,3.5,0
"03490",19930214,1993,2,14,-5.6,-2.6,3.3,0
"03490",19930215,1993,2,15,-5.4,-1.6,1.4,0.1
"03490",19930216,1993,2,16,-0.9,0.5,2.7,2.9
"03490",19930217,1993,2,17,0.2,6,7.1,2.4
"03490",19930218,1993,2,18,4.3,5.7,8.5,0
"03490",19930219,1993,2,19,3.6,5.3,6.5,5.1
"03490",19930220,1993,2,20,3.2,5.2,6.5,5.7
"03490",19930221,1993,2,21,1,1.7,6.1,6.3
"03490",19930222,1993,2,22,-2.4,-0.5,1.6,3.8
"03490",19930223,1993,2,23,-5,-3.4,-0.5,0
"03490",19930224,1993,2,24,-5.7,-3.5,0,0
"03490",19930225,1993,2,25,-9.7,-2.7,4.2,0.5
"03490",19930226,1993,2,26,-3.3,1.4,5,1.9
"03490",19930227,1993,2,27,-1.1,-0.1,2.4,0
"03490",19930228,1993,2,28,-4.4,-1.4,4.4,0
"03490",19930301,1993,3,1,-5.5,2,5.6,0
"03490",19930302,1993,3,2,-4.5,2.3,8.5,0
"03490",19930303,1993,3,3,-5.5,-2.2,5,0
"03490",19930304,1993,3,4,-6.5,-1,2.2,0
"03490",19930305,1993,3,5,-2,2.6,6,1
"03490",19930306,1993,3,6,2.8,5.7,7,10.7
"03490",19930307,1993,3,7,2,4.4,7,0
"03490",19930308,1993,3,8,-1.5,1.2,7,0
"03490",19930309,1993,3,9,-1.5,3.1,7.5,0
"03490",19930310,1993,3,10,2,7.4,13.5,0
"03490",19930311,1993,3,11,4.5,6.9,13,0
"03490",19930312,1993,3,12,4,8.8,17.1,0
"03490",19930313,1993,3,13,1.5,8,18,0
"03490",19930314,1993,3,14,1,7.2,18.1,0
"03490",19930315,1993,3,15,2.9,10.2,19.3,0
"03490",19930316,1993,3,16,6.5,11.9,17.6,0.2
"03490",19930317,1993,3,17,8.8,11.6,15.2,0
"03490",19930318,1993,3,18,5,11.3,14.8,0.2
"03490",19930319,1993,3,19,3.5,6.1,14.4,0
"03490",19930320,1993,3,20,-0.6,6.4,15,0
"03490",19930321,1993,3,21,1.5,11.2,17.6,0.5
"03490",19930322,1993,3,22,8.5,12,14.6,1
"03490",19930323,1993,3,23,4.9,7.4,12.6,0
"03490",19930324,1993,3,24,2.9,4.7,9.5,0.2
"03490",19930325,1993,3,25,2.4,4.7,8,1.8
"03490",19930326,1993,3,26,0,2.2,7.5,0.2
"03490",19930327,1993,3,27,-3.1,-0.5,5.4,0
"03490",19930328,1993,3,28,-5.1,-0.2,7,0
"03490",19930329,1993,3,29,-4.9,1,8.3,0
"03490",19930330,1993,3,30,-5,5.6,12.7,0
"03490",19930331,1993,3,31,4,11.5,19.3,0
"03490",19930401,1993,4,1,8,11.5,17.5,0.9
"03490",19930402,1993,4,2,5.9,6.8,9.9,0
"03490",19930403,1993,4,3,5.9,7.3,9.8,0
"03490",19930404,1993,4,4,2.3,4,10.2,6.2
"03490",19930405,1993,4,5,-1.5,6.6,11.9,2.2
"03490",19930406,1993,4,6,5.9,9.3,12.4,0.8
"03490",19930407,1993,4,7,6.5,7.6,9.7,0
"03490",19930408,1993,4,8,2.6,5.3,10.3,0.6
"03490",19930409,1993,4,9,-1.7,9.2,14.4,0
"03490",19930410,1993,4,10,3.5,9.5,16.1,0.2
"03490",19930411,1993,4,11,4.4,7.3,10.8,5.8
"03490",19930412,1993,4,12,6.4,8.4,12.1,0.4
"03490",19930413,1993,4,13,4.5,8.5,13.6,1.8
"03490",19930414,1993,4,14,5,7.8,13.9,4.2
"03490",19930415,1993,4,15,4.1,7.9,13.8,0.7
"03490",19930416,1993,4,16,4.5,7.7,12.2,0
"03490",19930417,1993,4,17,3.9,8.9,14,6.2
"03490",19930418,1993,4,18,9.3,13,14.9,1
"03490",19930419,1993,4,19,9,11.1,14,0
"03490",19930420,1993,4,20,3.9,12.5,22.6,0
"03490",19930421,1993,4,21,7,15.8,24.3,0
"03490",19930422,1993,4,22,7.4,15,22.9,1.6
"03490",19930423,1993,4,23,7.9,14.3,21.4,3.9
"03490",19930424,1993,4,24,7.9,15.6,24.3,0
"03490",19930425,1993,4,25,9,15,20.8,0
"03490",19930426,1993,4,26,9,15.4,23.1,0
"03490",19930427,1993,4,27,8.3,18.2,27.4,0
"03490",19930428,1993,4,28,9.2,17.1,26.7,0
"03490",19930429,1993,4,29,7.5,19,26.3,0
"03490",19930430,1993,4,30,10,17.2,25.9,0
"03490",19930501,1993,5,1,9.9,14.6,22,4.3
"03490",19930502,1993,5,2,8.7,14.1,19.3,1.8
"03490",19930503,1993,5,3,9.5,10.3,12.5,0
"03490",19930504,1993,5,4,7.6,10.7,15.3,0
"03490",19930505,1993,5,5,2.9,8.5,16.1,0
"03490",19930506,1993,5,6,3.8,8.2,13,7.5
"03490",19930507,1993,5,7,7.5,12.8,19.2,8.8
"03490",19930508,1993,5,8,10.2,14.8,22.8,4.5
"03490",19930509,1993,5,9,9.8,16,23.3,4.7
"03490",19930510,1993,5,10,11.9,17.1,25.1,0
"03490",19930511,1993,5,11,11.2,18.8,26.8,0.2
"03490",19930512,1993,5,12,13,15.8,19.9,25.6
"03490",19930513,1993,5,13,12.5,14.9,19,31.5
"03490",19930514,1993,5,14,9.9,11.6,14.5,6.1
"03490",19930515,1993,5,15,7.4,10.4,16.8,4.2
"03490",19930516,1993,5,16,3.5,11.2,18.2,0
"03490",19930517,1993,5,17,5.5,15.8,23.5,0
"03490",19930518,1993,5,18,10.9,18.4,25.2,0
"03490",19930519,1993,5,19,11,17.6,24,3.1
"03490",19930520,1993,5,20,13.5,16.5,24.8,1.9
"03490",19930521,1993,5,21,11.4,12.7,15.1,0.1
"03490",19930522,1993,5,22,6.9,12.7,19.4,0
"03490",19930523,1993,5,23,6.1,14.8,23.2,0
"03490",19930524,1993,5,24,8.9,17.1,26.2,0
"03490",19930525,1993,5,25,10.9,20.6,27.7,0
"03490",19930526,1993,5,26,14.2,21.8,30.3,4.1
"03490",19930527,1993,5,27,15.3,17.9,22.7,3.5
"03490",19930528,1993,5,28,10.4,11.6,16.5,5.6
"03490",19930529,1993,5,29,9.5,16.1,22.2,0
"03490",19930530,1993,5,30,9.5,15.2,19.7,10.8
"03490",19930531,1993,5,31,12.5,15.9,18.4,0
"03490",19930601,1993,6,1,13.8,17,22.5,0
"03490",19930602,1993,6,2,9.5,15,20.6,1.2
"03490",19930603,1993,6,3,11,15.7,20.1,0
"03490",19930604,1993,6,4,14.2,18,21.3,0
"03490",19930605,1993,6,5,13.6,20.4,26.2,0
"03490",19930606,1993,6,6,14,21.8,29.2,3.3
"03490",19930607,1993,6,7,16.8,19.6,25.6,0
"03490",19930608,1993,6,8,13.3,19.5,27.2,0
"03490",19930609,1993,6,9,12.8,21.8,30.1,0
"03490",19930610,1993,6,10,15.2,21.7,29.5,0
"03490",19930611,1993,6,11,15.5,19.2,22.8,0
"03490",19930612,1993,6,12,12.5,13.8,17.4,1.1
"03490",19930613,1993,6,13,11.3,14.3,16,1.6
"03490",19930614,1993,6,14,11.8,13.8,17.3,5.7
"03490",19930615,1993,6,15,11,13.9,18.6,1.3
"03490",19930616,1993,6,16,7.4,14.6,17.7,8.8
"03490",19930617,1993,6,17,11.3,14.8,19.4,1.2
"03490",19930618,1993,6,18,10,18.6,24.2,0
"03490",19930619,1993,6,19,10,20.9,27.2,0
"03490",19930620,1993,6,20,11.7,16.6,22.2,0
"03490",19930621,1993,6,21,11.9,17,22,0
"03490",19930622,1993,6,22,9.6,17.6,23.2,0
"03490",19930623,1993,6,23,12.1,16.2,19.9,0
"03490",19930624,1993,6,24,10.4,13.3,18.4,0
"03490",19930625,1993,6,25,7,13.6,19,0
"03490",19930626,1993,6,26,11.5,15.8,18.5,0.2
"03490",19930627,1993,6,27,14.3,17.5,23.1,0
"03490",19930628,1993,6,28,10.7,13,19.1,0
"03490",19930629,1993,6,29,7.5,17.6,25.9,0
"03490",19930630,1993,6,30,10.9,18.9,28.2,0
"03490",19930701,1993,7,1,12.6,20.2,29.8,0
"03490",19930702,1993,7,2,14.3,24.1,30.3,0
"03490",19930703,1993,7,3,17.4,22.2,28.5,0
"03490",19930704,1993,7,4,15.6,22.5,28.7,0
"03490",19930705,1993,7,5,12.2,17.4,26.3,14.8
"03490",19930706,1993,7,6,10.6,14.2,17.2,0
"03490",19930707,1993,7,7,13,15.5,20.3,0
"03490",19930708,1993,7,8,10.9,17.1,24,0
"03490",19930709,1993,7,9,10.3,21.8,28.2,0
"03490",19930710,1993,7,10,10.9,14.2,22.6,0
"03490",19930711,1993,7,11,8,15.1,20.1,0.5
"03490",19930712,1993,7,12,8.1,12.7,16.8,1.5
"03490",19930713,1993,7,13,7.3,14.1,18.5,3.3
"03490",19930714,1993,7,14,11,16.2,19,4.5
"03490",19930715,1993,7,15,16.6,17.6,19.9,4.1
"03490",19930716,1993,7,16,16.8,19.8,26.1,1.9
"03490",19930717,1993,7,17,15.5,18.7,24.4,0
"03490",19930718,1993,7,18,10.9,18.3,25.4,0.5
"03490",19930719,1993,7,19,12.4,15.2,18,7.6
"03490",19930720,1993,7,20,11.4,15.2,20.2,4
"03490",19930721,1993,7,21,12.2,14,21.1,0.8
"03490",19930722,1993,7,22,12.1,14,18.3,0.7
"03490",19930723,1993,7,23,10.4,19,21.2,0
"03490",19930724,1993,7,24,17.4,21.7,27.6,1.2
"03490",19930725,1993,7,25,14.5,16.6,21.6,0.4
"03490",19930726,1993,7,26,12.4,15,18,0.6
"03490",19930727,1993,7,27,13.5,16.8,19.8,4.1
"03490",19930728,1993,7,28,14,16.6,20.3,3.1
"03490",19930729,1993,7,29,13.9,19.6,27.9,0
"03490",19930730,1993,7,30,14.2,20,27.5,21.8
"03490",19930731,1993,7,31,14.3,15.6,21.6,2.2
"03490",19930801,1993,8,1,9.8,16.8,23,0
"03490",19930802,1993,8,2,13.1,19.3,27.1,0
"03490",19930803,1993,8,3,10.9,19,25,0
"03490",19930804,1993,8,4,14,18.1,24.2,0
"03490",19930805,1993,8,5,14.3,19.1,28.1,4.1
"03490",19930806,1993,8,6,12.6,15.3,21.8,0
"03490",19930807,1993,8,7,9.6,16.4,23.7,0
"03490",19930808,1993,8,8,13,18.1,24.7,0
"03490",19930809,1993,8,9,13.9,19,23.2,1
"03490",19930810,1993,8,10,14.2,16.2,20.5,2.1
"03490",19930811,1993,8,11,6.9,17.4,21.6,0
"03490",19930812,1993,8,12,13,18.7,24.8,0
"03490",19930813,1993,8,13,10.4,14.2,21.9,0
"03490",19930814,1993,8,14,8.5,22.4,29.4,3
"03490",19930815,1993,8,15,16,18.8,25.3,0
"03490",19930816,1993,8,16,12.4,19.3,27.1,0
"03490",19930817,1993,8,17,12.1,15.1,22.5,0
"03490",19930818,1993,8,18,8.5,16.1,25.2,0
"03490",19930819,1993,8,19,11.5,17.7,25.4,0
"03490",19930820,1993,8,20,12,20.6,26.7,0
"03490",19930821,1993,8,21,14.9,20.8,27.8,1
"03490",19930822,1993,8,22,11,17.4,29,0.7
"03490",19930823,1993,8,23,9,12.8,17.2,0
"03490",19930824,1993,8,24,9.5,14.2,19,0
"03490",19930825,1993,8,25,8,11.5,17.5,0
"03490",19930826,1993,8,26,8.5,14,18,0
"03490",19930827,1993,8,27,8,14.1,18.5,0
"03490",19930828,1993,8,28,9,12.7,20.1,0
"03490",19930829,1993,8,29,4.5,12,20,0
"03490",19930830,1993,8,30,5.5,14.1,19,4.7
"03490",19930831,1993,8,31,11.7,14.6,17.5,0
"03490",19930901,1993,9,1,11.2,13.7,19,0
"03490",19930902,1993,9,2,10.8,14.4,18.2,3.1
"03490",19930903,1993,9,3,11,12.2,17,8.6
"03490",19930904,1993,9,4,11,12.8,17,1.6
"03490",19930905,1993,9,5,8.8,11.4,17.5,0
"03490",19930906,1993,9,6,4.4,11.5,19.5,0
"03490",19930907,1993,9,7,4.5,13.2,23,3.4
"03490",19930908,1993,9,8,12.1,19.4,24.5,1.9
"03490",19930909,1993,9,9,12.1,15,24.1,0.4
"03490",19930910,1993,9,10,11.8,15.7,20.3,0.5
"03490",19930911,1993,9,11,12.4,14.1,19.4,8.2
"03490",19930912,1993,9,12,12.3,15.1,19.6,0.9
"03490",19930913,1993,9,13,8.1,10.8,14.5,17.2
"03490",19930914,1993,9,14,8,14,16.3,0.8
"03490",19930915,1993,9,15,8.3,14.4,18.7,2.5
"03490",19930916,1993,9,16,9.5,13.2,18,0
"03490",19930917,1993,9,17,9.2,11.7,17.9,0.1
"03490",19930918,1993,9,18,6.5,9.4,18.1,0
"03490",19930919,1993,9,19,3.5,11.5,21.6,0
"03490",19930920,1993,9,20,6.5,16.8,25.6,0
"03490",19930921,1993,9,21,12.9,18.4,22.7,5.1
"03490",19930922,1993,9,22,14,17,24.3,2.9
"03490",19930923,1993,9,23,12.9,13.8,16.4,3.8
"03490",19930924,1993,9,24,12.1,12.6,14.6,27.5
"03490",19930925,1993,9,25,10.9,11.6,13,21.2
"03490",19930926,1993,9,26,10.3,11.4,14.8,0
"03490",19930927,1993,9,27,5.1,8.5,14,0
"03490",19930928,1993,9,28,3.4,8.8,15.1,0
"03490",19930929,1993,9,29,3.7,9.6,17.4,0
"03490",19930930,1993,9,30,3.9,12.2,15.8,1.5
"03490",19931001,1993,10,1,10.9,14,18.2,0.4
"03490",19931002,1993,10,2,9.4,10.5,13.9,9.9
"03490",19931003,1993,10,3,9.9,11.7,12.5,19.4
"03490",19931004,1993,10,4,10,13.2,17.6,5.9
"03490",19931005,1993,10,5,9.4,15.6,19.2,13.1
"03490",19931006,1993,10,6,10.5,14.8,18.4,2.6
"03490",19931007,1993,10,7,9.6,12.4,18.7,2.6
"03490",19931008,1993,10,8,10.4,13.1,17.2,0.6
"03490",19931009,1993,10,9,10,11.6,15.5,6.2
"03490",19931010,1993,10,10,4.4,10.2,18,0
"03490",19931011,1993,10,11,8.9,14.6,19.7,0
"03490",19931012,1993,10,12,12.5,14.7,18.5,0
"03490",19931013,1993,10,13,12.8,14.8,18.7,2.1
"03490",19931014,1993,10,14,12.2,13.4,17.4,7.7
"03490",19931015,1993,10,15,4.6,5.9,12.2,3.1
"03490",19931016,1993,10,16,5,6.3,9,0.2
"03490",19931017,1993,10,17,0.1,3.3,10.6,0
"03490",19931018,1993,10,18,-3.2,2,10.3,0
"03490",19931019,1993,10,19,0.5,6.7,11.2,0
"03490",19931020,1993,10,20,4.3,6.3,8.3,4.1
"03490",19931021,1993,10,21,3.1,5.1,10.1,1.7
"03490",19931022,1993,10,22,3,6.7,8.8,0.5
"03490",19931023,1993,10,23,5.4,6.4,7.8,8.6
"03490",19931024,1993,10,24,5.3,5.7,6.4,1.9
"03490",19931025,1993,10,25,1.9,6.9,8.5,0
"03490",19931026,1993,10,26,6.5,8.2,9.7,0
"03490",19931027,1993,10,27,3.5,5.8,9.4,0
"03490",19931028,1993,10,28,0.4,3.8,12.5,0
"03490",19931029,1993,10,29,0,2.6,10,0
"03490",19931030,1993,10,30,-0.9,1.8,6.4,0
"03490",19931031,1993,10,31,-1,4.6,6.6,0
"03490",19931101,1993,11,1,-1.2,1.3,5.4,0
"03490",19931102,1993,11,2,-1.5,3.2,8.4,0
"03490",19931103,1993,11,3,1.9,6.4,12,0
"03490",19931104,1993,11,4,1.1,6,12.1,0
"03490",19931105,1993,11,5,-0.3,3,6.4,0
"03490",19931106,1993,11,6,3.1,5.6,6.8,3.4
"03490",19931107,1993,11,7,5.1,5.8,6.9,0.5
"03490",19931108,1993,11,8,5.4,6.1,7,2
"03490",19931109,1993,11,9,4.5,6.9,8.3,0
"03490",19931110,1993,11,10,5.5,8.2,10.8,0.8
"03490",19931111,1993,11,11,3.9,6.1,9.4,0.4
"03490",19931112,1993,11,12,0,6.6,10.4,0
"03490",19931113,1993,11,13,5.5,7,9.3,2.3
"03490",19931114,1993,11,14,5,8.1,13,21
"03490",19931115,1993,11,15,3.8,4.2,6.7,0.5
"03490",19931116,1993,11,16,1.1,1.9,5.3,0
"03490",19931117,1993,11,17,-1.8,1.7,4.1,0
"03490",19931118,1993,11,18,-3.9,-1.5,2.1,0
"03490",19931119,1993,11,19,-6.8,-3.3,2.1,0
"03490",19931120,1993,11,20,-5.7,-3,0.7,0.3
"03490",19931121,1993,11,21,-6.2,-3.9,-2.3,0.1
"03490",19931122,1993,11,22,-6.5,-5,-1.9,0
"03490",19931123,1993,11,23,-8.1,-4.8,1.6,0.4
"03490",19931124,1993,11,24,-8.7,-2.4,0.2,0
"03490",19931125,1993,11,25,-3.3,0,5.7,0
"03490",19931126,1993,11,26,-3.5,-1,4,0
"03490",19931127,1993,11,27,-4.2,-3.1,-1,0
"03490",19931128,1993,11,28,-5.5,-4.4,-1.1,0
"03490",19931129,1993,11,29,-6.2,-3.8,-0.4,0
"03490",19931130,1993,11,30,-5.7,-3.6,-1,0
"03490",19931201,1993,12,1,-5.9,-2,0,0
"03490",19931202,1993,12,2,-1.6,7.4,8.8,0
"03490",19931203,1993,12,3,8.2,9.3,10.1,0
"03490",19931204,1993,12,4,5.5,8.9,11.4,2.2
"03490",19931205,1993,12,5,0.4,5.6,9.9,0
"03490",19931206,1993,12,6,3.6,4.7,7.5,0
"03490",19931207,1993,12,7,3.1,3.9,7.2,4.9
"03490",19931208,1993,12,8,-2.5,5.8,11,4.1
"03490",19931209,1993,12,9,7.5,8.7,11.6,3.1
"03490",19931210,1993,12,10,5,7.2,10.4,6.9
"03490",19931211,1993,12,11,1,3,6.9,4.7
"03490",19931212,1993,12,12,1,4.4,5.4,3.1
"03490",19931213,1993,12,13,4.2,9.1,11.2,4.4
"03490",19931214,1993,12,14,1.7,3.2,7.9,1.2
"03490",19931215,1993,12,15,1.4,3.6,5.4,1.5
"03490",19931216,1993,12,16,3.8,4.8,6.1,6.9
"03490",19931217,1993,12,17,4.1,5.1,6.1,2.6
"03490",19931218,1993,12,18,4.9,10.5,11.6,0
"03490",19931219,1993,12,19,9.3,13.6,15.6,4.6
"03490",19931220,1993,12,20,3.2,3.4,15.1,32.7
"03490",19931221,1993,12,21,1.8,3.7,7.1,9.4
"03490",19931222,1993,12,22,1.8,5.1,5.9,6.2
"03490",19931223,1993,12,23,3.9,4.7,6.4,2.1
"03490",19931224,1993,12,24,2.4,2.7,4.9,13.3
"03490",19931225,1993,12,25,-0.2,0.3,2.4,0
"03490",19931226,1993,12,26,-0.2,1.6,2.2,7.2
"03490",19931227,1993,12,27,0.6,2,2.9,2.8
"03490",19931228,1993,12,28,0.6,2.7,4.3,0
"03490",19931229,1993,12,29,2.9,6.1,7.6,3.5
"03490",19931230,1993,12,30,4.3,8.9,10.4,5.6
"03490",19931231,1993,12,31,5.8,7.9,11,0
"03490",19940101,1994,1,1,1.5,3.7,6.5,2.9
"03490",19940102,1994,1,2,-1.5,6.9,9.4,4.1
"03490",19940103,1994,1,3,4,8,10.3,3.1
"03490",19940104,1994,1,4,5.1,7.2,10.2,1.1
"03490",19940105,1994,1,5,4,7,8.6,1.1
"03490",19940106,1994,1,6,7.1,9,9.6,1.2
"03490",19940107,1994,1,7,4.3,5,9.4,0.4
"03490",19940108,1994,1,8,-1.8,1,5.2,0
"03490",19940109,1994,1,9,-3,1.8,5,0
"03490",19940110,1994,1,10,0.9,4.3,6.2,0
"03490",19940111,1994,1,11,1.4,4.6,6.5,0
"03490",19940112,1994,1,12,1.5,10.1,12.6,3.8
"03490",19940113,1994,1,13,8,10,13.5,2
"03490",19940114,1994,1,14,5.2,6.6,9.6,1.3
"03490",19940115,1994,1,15,1,3.4,6.9,0
"03490",19940116,1994,1,16,-1,2.2,4.7,0
"03490",19940117,1994,1,17,-2.9,-1.6,1.9,0
"03490",19940118,1994,1,18,-6.3,-1.3,3.4,0
"03490",19940119,1994,1,19,-1.5,1.3,3.1,5
"03490",19940120,1994,1,20,-1.5,1.4,5.1,0
"03490",19940121,1994,1,21,-0.2,3.2,4.5,0
"03490",19940122,1994,1,22,4,6.6,7.2,0.4
"03490",19940123,1994,1,23,6,7.4,10.5,1
"03490",19940124,1994,1,24,4.5,6.2,7.8,1.5
"03490",19940125,1994,1,25,5,10.4,13,8.6
"03490",19940126,1994,1,26,4.2,5.2,10.2,1.9
"03490",19940127,1994,1,27,5.1,9.4,10.4,7.1
"03490",19940128,1994,1,28,0,2.1,10.4,3.4
"03490",19940129,1994,1,29,0.1,3.8,5,0.5
"03490",19940130,1994,1,30,5,6.4,8.2,3.4
"03490",19940131,1994,1,31,3.8,4.9,7.7,0
"03490",19940201,1994,2,1,2.5,5,6.2,0.6
"03490",19940202,1994,2,2,2.6,4.9,7.3,2.2
"03490",19940203,1994,2,3,1.1,3.3,4.6,2
"03490",19940204,1994,2,4,1.2,5.8,8.2,0
"03490",19940205,1994,2,5,3.1,4,5.5,0.6
"03490",19940206,1994,2,6,3.7,4.6,6.5,0.5
"03490",19940207,1994,2,7,-0.6,1.5,5,0
"03490",19940208,1994,2,8,0.2,2.5,4.6,0.9
"03490",19940209,1994,2,9,-2.1,3.6,6.5,1.5
"03490",19940210,1994,2,10,3.3,4.8,6,2.1
"03490",19940211,1994,2,11,1.9,3.3,5.5,0
"03490",19940212,1994,2,12,-0.9,1.1,3.4,0
"03490",19940213,1994,2,13,-7.9,-4.6,1.3,0
"03490",19940214,1994,2,14,-8.3,-3.5,-1.1,0
"03490",19940215,1994,2,15,-4.5,-1.8,1.7,0
"03490",19940216,1994,2,16,-5.3,-3.2,2.1,0
"03490",19940217,1994,2,17,-8.2,-3,3,0
"03490",19940218,1994,2,18,-8.4,-3.1,3.8,0
"03490",19940219,1994,2,19,-9.8,-3.6,3.2,0
"03490",19940220,1994,2,20,-9.3,-4.3,-0.8,0
"03490",19940221,1994,2,21,-9.3,-4.4,1.6,0
"03490",19940222,1994,2,22,-8,1.8,4.7,0.9
"03490",19940223,1994,2,23,0.1,2.6,6.4,4.7
"03490",19940224,1994,2,24,0.2,3.6,7.1,0.6
"03490",19940225,1994,2,25,3.1,4.4,7.4,0.2
"03490",19940226,1994,2,26,1.2,6.4,13.5,0
"03490",19940227,1994,2,27,1.4,10.2,17.1,0.3
"03490",19940228,1994,2,28,6.5,8.6,13.6,1.4
"03490",19940301,1994,3,1,4.4,6.8,13,6.4
"03490",19940302,1994,3,2,0.3,4.8,8.8,5.8
"03490",19940303,1994,3,3,2,6.9,10.2,2.7
"03490",19940304,1994,3,4,2.9,5.6,12.3,0
"03490",19940305,1994,3,5,-1.7,10.7,17.5,0.7
"03490",19940306,1994,3,6,5.3,8,13.4,0
"03490",19940307,1994,3,7,7.1,9.4,10.4,0.7
"03490",19940308,1994,3,8,9,12.5,15.5,0.2
"03490",19940309,1994,3,9,8.3,11.7,19.4,0
"03490",19940310,1994,3,10,3.9,7.1,13.1,0
"03490",19940311,1994,3,11,-2,6.8,14.2,1.6
"03490",19940312,1994,3,12,3.8,5.7,9,0.5
"03490",19940313,1994,3,13,3.1,8.8,11.9,0.5
"03490",19940314,1994,3,14,6.2,9.7,12.6,0
"03490",19940315,1994,3,15,6.5,8.6,11.6,8.4
"03490",19940316,1994,3,16,4.4,5.8,7.1,7.3
"03490",19940317,1994,3,17,2.7,3.6,7.3,1.5
"03490",19940318,1994,3,18,2.7,6.7,8.3,2.1
"03490",19940319,1994,3,19,2.3,4.8,9.4,4.9
"03490",19940320,1994,3,20,1.9,4.2,9,0
"03490",19940321,1994,3,21,-1.2,3.6,10.2,0
"03490",19940322,1994,3,22,-2.1,7.3,13,5.3
"03490",19940323,1994,3,23,8.8,12.1,13,0
"03490",19940324,1994,3,24,8.7,10.6,14.6,4.1
"03490",19940325,1994,3,25,7.9,11.7,15.8,4.6
"03490",19940326,1994,3,26,4.4,5.8,11.9,1.1
"03490",19940327,1994,3,27,1,3.1,8.6,0
"03490",19940328,1994,3,28,0.9,9.9,13.8,0
"03490",19940329,1994,3,29,10.5,12.9,15.3,0.6
"03490",19940330,1994,3,30,6.9,12.7,20.5,1
"03490",19940331,1994,3,31,9,12.5,15.2,4.6
"03490",19940401,1994,4,1,7.2,9.8,14.1,5.8
"03490",19940402,1994,4,2,2.9,5.3,10.4,7.7
"03490",19940403,1994,4,3,0.6,5.8,10.3,1.8
"03490",19940404,1994,4,4,3.2,5.6,10.2,3.7
"03490",19940405,1994,4,5,2.4,5,9.1,0.9
"03490",19940406,1994,4,6,2.1,4,10.9,0.2
"03490",19940407,1994,4,7,-1.3,4.2,11.3,0.3
"03490",19940408,1994,4,8,1.9,7.1,11.1,0.9
"03490",19940409,1994,4,9,1.1,2.9,8,5.7
"03490",19940410,1994,4,10,0,4.9,8.9,6.9
"03490",19940411,1994,4,11,4.1,6.8,8,2.5
"03490",19940412,1994,4,12,4.4,7.5,8.9,4.2
"03490",19940413,1994,4,13,6.6,7.6,10.3,1.2
"03490",19940414,1994,4,14,2.9,4.2,9.1,0
"03490",19940415,1994,4,15,-1.6,6.3,12.9,0
"03490",19940416,1994,4,16,3.8,11.3,16.1,0
"03490",19940417,1994,4,17,6.9,8.4,12.5,0
"03490",19940418,1994,4,18,3.1,5.6,11.7,0
"03490",19940419,1994,4,19,-0.6,6.3,13.5,0
"03490",19940420,1994,4,20,0.2,10.3,15.2,0
"03490",19940421,1994,4,21,6.4,12.3,17.2,0
"03490",19940422,1994,4,22,6.4,13.6,20.1,0
"03490",19940423,1994,4,23,6.2,14,22.6,0
"03490",19940424,1994,4,24,7.5,15,22.3,3.5
"03490",19940425,1994,4,25,7.8,10.6,13.7,3.6
"03490",19940426,1994,4,26,3.3,12.5,16.4,0
"03490",19940427,1994,4,27,10.4,14.4,20.2,1.4
"03490",19940428,1994,4,28,10.6,15,21.2,0
"03490",19940429,1994,4,29,10.2,16.5,24.3,0
"03490",19940430,1994,4,30,10.4,17.7,25.3,0
"03490",19940501,1994,5,1,7.5,10.8,17.4,0
"03490",19940502,1994,5,2,0.5,8.8,17.2,0
"03490",19940503,1994,5,3,2.6,13.1,21,1.5
"03490",19940504,1994,5,4,8,11.3,16,3.3
"03490",19940505,1994,5,5,6,11.8,15,2.4
"03490",19940506,1994,5,6,8,11.9,15.5,1.3
"03490",19940507,1994,5,7,6,16.4,21.5,0
"03490",19940508,1994,5,8,5,13.5,19.5,20.4
"03490",19940509,1994,5,9,5.5,10.4,12,2.5
"03490",19940510,1994,5,10,10,11.8,13,0
"03490",19940511,1994,5,11,8,14,21,0
"03490",19940512,1994,5,12,5.5,17.6,23,0
"03490",19940513,1994,5,13,7,17,21,0
"03490",19940514,1994,5,14,7.5,15.4,20.5,1.1
"03490",19940515,1994,5,15,13,16.6,22.6,0
"03490",19940516,1994,5,16,9.5,17.9,25.4,0.9
"03490",19940517,1994,5,17,9.9,15.2,24.8,0
"03490",19940518,1994,5,18,9.9,14.8,19.3,1.7
"03490",19940519,1994,5,19,9,12.3,16,2.7
"03490",19940520,1994,5,20,10.5,13,15.4,4.1
"03490",19940521,1994,5,21,8.1,15,18.2,0.5
"03490",19940522,1994,5,22,8.4,14.4,20.2,4.7
"03490",19940523,1994,5,23,10.9,13.2,18.8,3.8
"03490",19940524,1994,5,24,8.8,15,20.7,1.2
"03490",19940525,1994,5,25,13,14.4,17.1,2.2
"03490",19940526,1994,5,26,9.4,12,15.1,35.8
"03490",19940527,1994,5,27,7.6,10.2,13.6,0
"03490",19940528,1994,5,28,8.2,12,16.2,0
"03490",19940529,1994,5,29,9.1,11.2,13.8,0
"03490",19940530,1994,5,30,6.9,10.2,15.4,0
"03490",19940531,1994,5,31,3.8,12.7,19.6,0
"03490",19940601,1994,6,1,7.5,18.4,27.9,0
"03490",19940602,1994,6,2,15.3,18.1,22,16.2
"03490",19940603,1994,6,3,13.9,16.5,19.4,4.5
"03490",19940604,1994,6,4,9.2,12.4,16,14.4
"03490",19940605,1994,6,5,8.1,10.3,16.5,1
"03490",19940606,1994,6,6,6.6,14,17.5,0.5
"03490",19940607,1994,6,7,10.8,17.4,23.3,0
"03490",19940608,1994,6,8,11.1,15.4,23.6,1
"03490",19940609,1994,6,9,9,12.3,16,1.9
"03490",19940610,1994,6,10,9.5,10.9,15,6.2
"03490",19940611,1994,6,11,8.1,11.5,15.3,1.7
"03490",19940612,1994,6,12,5.9,14.2,20.3,0
"03490",19940613,1994,6,13,9.4,16.4,20.4,0
"03490",19940614,1994,6,14,11,16.5,22.2,0
"03490",19940615,1994,6,15,11.7,15.7,22.1,0
"03490",19940616,1994,6,16,12.8,15,19.4,3.5
"03490",19940617,1994,6,17,12,14.4,17,1.3
"03490",19940618,1994,6,18,9.8,19.3,26.7,0
"03490",19940619,1994,6,19,8.6,20.2,27.3,0
"03490",19940620,1994,6,20,13,17.7,22.7,0
"03490",19940621,1994,6,21,13.3,20.5,23.8,0
"03490",19940622,1994,6,22,18,19.8,24.3,0
"03490",19940623,1994,6,23,13,16.8,22.5,0
"03490",19940624,1994,6,24,9.2,20.8,28.6,0
"03490",19940625,1994,6,25,13.9,24.9,31.6,0
"03490",19940626,1994,6,26,18,23.2,28.6,0
"03490",19940627,1994,6,27,18.2,22.1,28.2,0.8
"03490",19940628,1994,6,28,16.4,24.2,30.6,0
"03490",19940629,1994,6,29,19.9,23,30.3,0
"03490",19940630,1994,6,30,13.1,18.2,25.1,0
"03490",19940701,1994,7,1,11,20.4,28.5,0
"03490",19940702,1994,7,2,14.5,24.4,31.5,0
"03490",19940703,1994,7,3,18,26.4,34.1,0
"03490",19940704,1994,7,4,17.4,22.8,28.9,2.8
"03490",19940705,1994,7,5,17.2,19.6,23,0
"03490",19940706,1994,7,6,14.4,19.9,24.2,0.6
"03490",19940707,1994,7,7,13.5,15.5,19.8,1.6
"03490",19940708,1994,7,8,11.8,18.5,23.6,2.1
"03490",19940709,1994,7,9,15.4,18.5,23.3,0
"03490",19940710,1994,7,10,13,19.8,27.1,0
"03490",19940711,1994,7,11,11.6,21.9,29.9,0
"03490",19940712,1994,7,12,14.1,23.2,31.4,0
"03490",19940713,1994,7,13,16.1,25.2,32,4.9
"03490",19940714,1994,7,14,18.1,21.7,26.8,1.2
"03490",19940715,1994,7,15,18.3,21.4,25.2,0
"03490",19940716,1994,7,16,16.9,22.8,29.2,0
"03490",19940717,1994,7,17,16.3,23.3,28.1,0.1
"03490",19940718,1994,7,18,18.9,20.3,23.1,0.2
"03490",19940719,1994,7,19,18.5,21.2,27.2,0
"03490",19940720,1994,7,20,16.1,17.4,19.7,4.5
"03490",19940721,1994,7,21,13.9,22.6,29.1,0
"03490",19940722,1994,7,22,17.3,24.5,31.2,0
"03490",19940723,1994,7,23,18.2,25,32.5,0
"03490",19940724,1994,7,24,15,25.2,34.2,0
"03490",19940725,1994,7,25,17.9,24.2,32.2,1.7
"03490",19940726,1994,7,26,17.4,23.3,31.3,0
"03490",19940727,1994,7,27,18.1,25.4,34.1,0
"03490",19940728,1994,7,28,18,24.6,32.7,0
"03490",19940729,1994,7,29,16.4,21.6,26.5,0
"03490",19940730,1994,7,30,16.7,23.5,32.9,0
"03490",19940731,1994,7,31,16.5,24.9,32.7,0
"03490",19940801,1994,8,1,18.3,21.7,25,0
"03490",19940802,1994,8,2,13.2,20.4,29.1,0
"03490",19940803,1994,8,3,16.2,23.4,32.4,0
"03490",19940804,1994,8,4,16.5,26.5,36.4,0
"03490",19940805,1994,8,5,17.9,23.2,32.2,31.7
"03490",19940806,1994,8,6,18,22.4,27.6,0
"03490",19940807,1994,8,7,18,19.6,22.5,23.2
"03490",19940808,1994,8,8,16.1,19,23.6,0
"03490",19940809,1994,8,9,12.9,18.4,26.5,0
"03490",19940810,1994,8,10,14.5,21.2,28,0.9
"03490",19940811,1994,8,11,15.6,18.7,22.7,0
"03490",19940812,1994,8,12,16.5,17.4,19.2,1.5
"03490",19940813,1994,8,13,11.1,14,19.6,0
"03490",19940814,1994,8,14,9.6,14.2,18.1,0
"03490",19940815,1994,8,15,8.7,12.8,19.8,0
"03490",19940816,1994,8,16,7.5,16.3,24.6,0
"03490",19940817,1994,8,17,13.3,16.2,22.5,2.5
"03490",19940818,1994,8,18,11.9,14.6,20.1,0
"03490",19940819,1994,8,19,9.6,16.4,19.9,16.1
"03490",19940820,1994,8,20,11.6,16,21,0
"03490",19940821,1994,8,21,10.3,17.3,23.1,0
"03490",19940822,1994,8,22,14,20.2,28.4,4.3
"03490",19940823,1994,8,23,17,21.1,28.2,1.3
"03490",19940824,1994,8,24,14.1,16.7,21.1,0
"03490",19940825,1994,8,25,13.3,15.6,21.5,1.9
"03490",19940826,1994,8,26,12.5,18.7,21.7,0
"03490",19940827,1994,8,27,12.4,17.8,21.2,5.7
"03490",19940828,1994,8,28,12.5,14.6,21,0
"03490",19940829,1994,8,29,10.4,13.4,19.8,0
"03490",19940830,1994,8,30,9,14.2,19.9,0
"03490",19940831,1994,8,31,8.8,16.9,22.3,0
"03490",19940901,1994,9,1,15.5,18.1,22.3,0
"03490",19940902,1994,9,2,11.9,14.2,20.2,1.6
"03490",19940903,1994,9,3,10.5,16.1,20.7,0
"03490",19940904,1994,9,4,11.7,17.4,22.2,0
"03490",19940905,1994,9,5,13.7,14.9,20.6,2.2
"03490",19940906,1994,9,6,9.4,13.9,18.2,16.2
"03490",19940907,1994,9,7,12.4,13.2,14.6,31.1
"03490",19940908,1994,9,8,11.3,14.5,17.5,7.3
"03490",19940909,1994,9,9,11,13.8,17,2.3
"03490",19940910,1994,9,10,11.2,15.4,18.3,4.8
"03490",19940911,1994,9,11,8.4,14.8,19.3,0.5
"03490",19940912,1994,9,12,12,16.5,23,3.1
"03490",19940913,1994,9,13,7.2,12.6,20.3,0
"03490",19940914,1994,9,14,8.5,13.4,16.8,7.6
"03490",19940915,1994,9,15,10.7,12.9,16.6,1.5
"03490",19940916,1994,9,16,9.3,11.3,14,0.3
"03490",19940917,1994,9,17,9,10.4,13.8,7.9
"03490",19940918,1994,9,18,9.6,12.1,14.4,2.9
"03490",19940919,1994,9,19,9.9,12.6,16.7,1.9
"03490",19940920,1994,9,20,6.9,12.4,16,0.5
"03490",19940921,1994,9,21,10.2,13.4,18.1,0
"03490",19940922,1994,9,22,6.4,11.7,19.5,0
"03490",19940923,1994,9,23,5.9,14,22.5,0
"03490",19940924,1994,9,24,12,16.6,23,5.8
"03490",19940925,1994,9,25,13.3,16.9,24.1,0
"03490",19940926,1994,9,26,11,15.2,21.6,0
"03490",19940927,1994,9,27,11.6,14.6,18,0
"03490",19940928,1994,9,28,9.4,13.3,18.5,0
"03490",19940929,1994,9,29,8.9,14,17.2,0
"03490",19940930,1994,9,30,8.8,13,20.2,0
"03490",19941001,1994,10,1,9,13.3,18,0.6
"03490",19941002,1994,10,2,9.9,12.6,19.3,0
"03490",19941003,1994,10,3,6.1,10.8,16.5,7.5
"03490",19941004,1994,10,4,2.8,5.8,11.3,1.1
"03490",19941005,1994,10,5,3.6,7.2,11.5,0
"03490",19941006,1994,10,6,2.1,5.1,12,0
"03490",19941007,1994,10,7,-0.1,6,9.6,0.5
"03490",19941008,1994,10,8,5.1,7.1,12.5,0
"03490",19941009,1994,10,9,1.2,7,16.1,0
"03490",19941010,1994,10,10,0.7,6.4,16.2,0
"03490",19941011,1994,10,11,0.9,7.4,17.7,0
"03490",19941012,1994,10,12,0.4,9.2,19.1,0
"03490",19941013,1994,10,13,3,7.9,18,0
"03490",19941014,1994,10,14,0.9,7.6,19.3,0
"03490",19941015,1994,10,15,1.3,12.3,21.1,0
"03490",19941016,1994,10,16,8.9,10,12.6,0
"03490",19941017,1994,10,17,-1,2.2,11.1,0
"03490",19941018,1994,10,18,-4.3,4.4,11.7,0
"03490",19941019,1994,10,19,1.6,6.8,10.6,0
"03490",19941020,1994,10,20,1.8,6.6,13.8,0
"03490",19941021,1994,10,21,0,7.6,14.9,0
"03490",19941022,1994,10,22,4,13.7,17.1,0.2
"03490",19941023,1994,10,23,10.5,13.8,17.7,2.1
"03490",19941024,1994,10,24,5.5,11.1,15,0.1
"03490",19941025,1994,10,25,5,9.4,14.5,0.2
"03490",19941026,1994,10,26,7.4,9.8,12.5,0
"03490",19941027,1994,10,27,7.4,9.5,12.6,2.8
"03490",19941028,1994,10,28,3.5,7,13,0
"03490",19941029,1994,10,29,-0.3,8.1,11.2,2.4
"03490",19941030,1994,10,30,11.2,15.2,16.2,1.1
"03490",19941031,1994,10,31,12.9,14.8,18.4,2.5
"03490",19941101,1994,11,1,6,9.2,16.4,0
"03490",19941102,1994,11,2,2.5,7.8,14.1,0
"03490",19941103,1994,11,3,5,11.6,16.3,0
"03490",19941104,1994,11,4,9.8,12.6,16.6,0
"03490",19941105,1994,11,5,7,9.5,16.9,0
"03490",19941106,1994,11,6,6.7,12.5,16.8,3.6
"03490",19941107,1994,11,7,10.8,11.2,12.5,5.6
"03490",19941108,1994,11,8,6.9,9.4,14.1,0
"03490",19941109,1994,11,9,4.1,8.6,11.1,3.3
"03490",19941110,1994,11,10,8.9,9.9,13.1,1.9
"03490",19941111,1994,11,11,6,9.6,12.9,0.2
"03490",19941112,1994,11,12,7.8,9.7,13.5,1.3
"03490",19941113,1994,11,13,7.6,10.7,12.2,0
"03490",19941114,1994,11,14,10.6,13.8,14.4,7.4
"03490",19941115,1994,11,15,11.5,12.6,14.9,1.1
"03490",19941116,1994,11,16,5.5,8.3,13.4,0.7
"03490",19941117,1994,11,17,2.1,8.5,10.9,1.7
"03490",19941118,1994,11,18,6.7,10,11.1,1.9
"03490",19941119,1994,11,19,7,12.1,14.7,0
"03490",19941120,1994,11,20,12.2,14.7,16.8,0
"03490",19941121,1994,11,21,9.1,10.3,14.1,0.5
"03490",19941122,1994,11,22,4.5,7.1,12.6,0
"03490",19941123,1994,11,23,3.3,8.6,11,0
"03490",19941124,1994,11,24,3.2,9.6,12.6,0
"03490",19941125,1994,11,25,8,8.6,10.9,0
"03490",19941126,1994,11,26,5.1,9.6,11.5,11.9
"03490",19941127,1994,11,27,8.8,9.4,11.6,0.3
"03490",19941128,1994,11,28,7.8,8.2,9.4,0
"03490",19941129,1994,11,29,1.9,4.6,9,0
"03490",19941130,1994,11,30,0,3.6,7.2,0
"03490",19941201,1994,12,1,-1.3,3.4,7.1,0
"03490",19941202,1994,12,2,0,2,6.2,0
"03490",19941203,1994,12,3,-0.3,10.1,13.8,0.5
"03490",19941204,1994,12,4,5,11.3,13.9,0.4
"03490",19941205,1994,12,5,9.2,10.2,13.1,0
"03490",19941206,1994,12,6,2.5,5.5,9.3,0
"03490",19941207,1994,12,7,-1.2,5.6,11.8,0.9
"03490",19941208,1994,12,8,5,9.8,11.5,4.1
"03490",19941209,1994,12,9,3.8,6.6,11.7,0
"03490",19941210,1994,12,10,0.9,8.2,11.1,0.6
"03490",19941211,1994,12,11,11.1,14,14.6,0
"03490",19941212,1994,12,12,12.2,13.5,14.6,0
"03490",19941213,1994,12,13,11.1,11.8,13.7,8.9
"03490",19941214,1994,12,14,4,4.9,11.2,1.6
"03490",19941215,1994,12,15,-1.9,-0.2,4.8,0
"03490",19941216,1994,12,16,-3.1,3.2,4.2,2.3
"03490",19941217,1994,12,17,0,1.2,4.6,0
"03490",19941218,1994,12,18,-0.5,5.2,7.1,0.2
"03490",19941219,1994,12,19,2.5,4.9,7.5,0
"03490",19941220,1994,12,20,3.2,4.5,7.1,0
"03490",19941221,1994,12,21,-0.5,2.6,3.8,2.6
"03490",19941222,1994,12,22,1.4,2.2,4,0
"03490",19941223,1994,12,23,-0.5,0.5,2.1,0
"03490",19941224,1994,12,24,-3.9,-2.9,0.3,0
"03490",19941225,1994,12,25,-5.5,-1,0.6,0.5
"03490",19941226,1994,12,26,-1.2,2.1,3.2,0.6
"03490",19941227,1994,12,27,3.2,11.3,12.1,4.5
"03490",19941228,1994,12,28,11.9,13.7,15,3
"03490",19941229,1994,12,29,11,11.8,13.9,12
"03490",19941230,1994,12,30,5.4,6.9,11.6,0.4
"03490",19941231,1994,12,31,3.9,5.1,7.2,7.5
"03490",19950101,1995,1,1,0.6,1.8,3.9,1.3
"03490",19950102,1995,1,2,0,1.9,3,6.3
"03490",19950103,1995,1,3,-1.9,-0.7,2.4,1
"03490",19950104,1995,1,4,-7.8,-6.4,-1.6,0
"03490",19950105,1995,1,5,-11.7,-7,-4,0
"03490",19950106,1995,1,6,-7.5,-4.2,-1.5,1
"03490",19950107,1995,1,7,-5.1,-2.2,-1,0
"03490",19950108,1995,1,8,-6.9,-2.1,-0.2,5.4
"03490",19950109,1995,1,9,-0.2,3.7,4.8,10.5
"03490",19950110,1995,1,10,3.1,4.4,7.5,9.9
"03490",19950111,1995,1,11,1.9,2.4,5,2
"03490",19950112,1995,1,12,0.9,1.8,3.4,7.3
"03490",19950113,1995,1,13,-0.3,2.5,6.1,0
"03490",19950114,1995,1,14,0.4,3,5.4,1.5
"03490",19950115,1995,1,15,1.1,2.8,6.8,0
"03490",19950116,1995,1,16,-2.1,0.2,6.7,0
"03490",19950117,1995,1,17,-4.1,4.6,8.1,0
"03490",19950118,1995,1,18,2.9,4.8,8.8,9.8
"03490",19950119,1995,1,19,0.9,5.3,6.9,0
"03490",19950120,1995,1,20,6.2,7.7,9.8,0
"03490",19950121,1995,1,21,2,6,7.3,5
"03490",19950122,1995,1,22,6.2,10.6,12.5,23.8
"03490",19950123,1995,1,23,5.2,6.4,12.5,0.6
"03490",19950124,1995,1,24,2.9,5.1,7,4.1
"03490",19950125,1995,1,25,2.5,8.2,12.9,11.1
"03490",19950126,1995,1,26,1,6.6,13,14.3
"03490",19950127,1995,1,27,0.9,2.8,3.1,3.3
"03490",19950128,1995,1,28,3.1,8.6,10.5,2.6
"03490",19950129,1995,1,29,7.4,9.5,10.4,8.9
"03490",19950130,1995,1,30,1,3,10,0.5
"03490",19950131,1995,1,31,-3.1,1.9,4.6,0
"03490",19950201,1995,2,1,3,10.8,12.2,5
"03490",19950202,1995,2,2,1.9,4.3,12.2,0
"03490",19950203,1995,2,3,-1,2.8,7,0
"03490",19950204,1995,2,4,0.9,7.9,9.5,1.3
"03490",19950205,1995,2,5,5.8,8.6,11.2,0
"03490",19950206,1995,2,6,6.7,10.2,12.3,0
"03490",19950207,1995,2,7,7.5,8.3,9.5,0
"03490",19950208,1995,2,8,6.4,8.1,10.9,2.7
"03490",19950209,1995,2,9,1.1,2.2,6.4,0
"03490",19950210,1995,2,10,-3.1,2.6,7.3,1
"03490",19950211,1995,2,11,4.9,10.2,11.1,0
"03490",19950212,1995,2,12,8,10.4,13,0
"03490",19950213,1995,2,13,2.4,9.3,12.2,0.2
"03490",19950214,1995,2,14,6,9.2,11.6,1.8
"03490",19950215,1995,2,15,6.2,10,14.6,10
"03490",19950216,1995,2,16,5.2,8.6,10.8,8.1
"03490",19950217,1995,2,17,5.1,6.6,9.2,1
"03490",19950218,1995,2,18,0.7,4.9,7.5,0
"03490",19950219,1995,2,19,4,8.8,10.2,2.1
"03490",19950220,1995,2,20,10,11.6,14,0
"03490",19950221,1995,2,21,5.1,8.4,12.9,4.3
"03490",19950222,1995,2,22,-1.3,1.9,7.2,0.2
"03490",19950223,1995,2,23,-1.3,4.3,8,1.7
"03490",19950224,1995,2,24,2.5,3.6,4.5,3.5
"03490",19950225,1995,2,25,3,4.5,7.1,9.2
"03490",19950226,1995,2,26,1.4,2.7,5.5,11.1
"03490",19950227,1995,2,27,1.2,5,8,0
"03490",19950228,1995,2,28,4.1,8.8,11.8,0
"03490",19950301,1995,3,1,7.2,8.7,11.1,3.3
"03490",19950302,1995,3,2,1.1,3.2,9,4.4
"03490",19950303,1995,3,3,0.9,4.4,10.5,0
"03490",19950304,1995,3,4,-1,1.2,7,0
"03490",19950305,1995,3,5,-3,2.8,4,2.2
"03490",19950306,1995,3,6,1.1,2.7,6.1,3.5
"03490",19950307,1995,3,7,0.9,4.2,6.9,0
"03490",19950308,1995,3,8,2.3,5,9.7,1.1
"03490",19950309,1995,3,9,-0.9,2.3,9.5,0
"03490",19950310,1995,3,10,-3.3,6,11.5,0
"03490",19950311,1995,3,11,2.9,6,14.2,0
"03490",19950312,1995,3,12,-0.5,6.4,16,0
"03490",19950313,1995,3,13,-1.1,4,13.6,0
"03490",19950314,1995,3,14,-2.7,1.6,6.2,1.9
"03490",19950315,1995,3,15,0.7,2.7,8.1,3.8
"03490",19950316,1995,3,16,0.4,5.1,7.6,0
"03490",19950317,1995,3,17,5.8,9.8,12.1,5.5
"03490",19950318,1995,3,18,6.9,9,12,1.2
"03490",19950319,1995,3,19,4.1,5.7,9.1,3.3
"03490",19950320,1995,3,20,1,3.4,6.4,5.3
"03490",19950321,1995,3,21,3.4,4.8,7.3,0.3
"03490",19950322,1995,3,22,-1.4,3.6,10.2,0
"03490",19950323,1995,3,23,-1.2,6.8,15,0
"03490",19950324,1995,3,24,-1.9,9,18.5,0
"03490",19950325,1995,3,25,4.9,6.7,9.9,6.3
"03490",19950326,1995,3,26,4.9,8.5,10.7,2.8
"03490",19950327,1995,3,27,0,3.7,8.8,8.4
"03490",19950328,1995,3,28,-0.8,1.5,4.7,4.4
"03490",19950329,1995,3,29,0,1.8,5.4,1.7
"03490",19950330,1995,3,30,-0.6,2.6,7.1,0
"03490",19950331,1995,3,31,-0.4,4.6,7,7.3
"03490",19950401,1995,4,1,5,11.9,13.3,0.3
"03490",19950402,1995,4,2,11,16.2,21.4,0
"03490",19950403,1995,4,3,6.1,12.1,21.5,0
"03490",19950404,1995,4,4,6,10.4,14.1,0
"03490",19950405,1995,4,5,3.9,9.4,15.1,0
"03490",19950406,1995,4,6,6.9,10.9,12.6,0
"03490",19950407,1995,4,7,8.8,12.5,18.5,0
"03490",19950408,1995,4,8,3.9,5.8,11,0
"03490",19950409,1995,4,9,3.1,4.6,8,3.5
"03490",19950410,1995,4,10,3.9,7.7,9.2,2.6
"03490",19950411,1995,4,11,6.3,7.4,11.6,0
"03490",19950412,1995,4,12,6.7,10,14.7,0
"03490",19950413,1995,4,13,6.9,9.4,11.9,0
"03490",19950414,1995,4,14,0.8,7.6,13.9,0
"03490",19950415,1995,4,15,3.3,8,13.4,4.6
"03490",19950416,1995,4,16,5.4,6.8,9.6,0.3
"03490",19950417,1995,4,17,4.8,8.2,10,5.7
"03490",19950418,1995,4,18,6.8,8.5,13.1,9.4
"03490",19950419,1995,4,19,3.7,4.8,7.4,8.4
"03490",19950420,1995,4,20,2.9,5.4,11.1,1.5
"03490",19950421,1995,4,21,-0.3,9.4,13.9,0
"03490",19950422,1995,4,22,5.3,12.1,18.1,0
"03490",19950423,1995,4,23,6.4,13.9,18.4,0
"03490",19950424,1995,4,24,10.3,15.4,22.5,0
"03490",19950425,1995,4,25,10.1,15.7,23.1,8.3
"03490",19950426,1995,4,26,11,13,18.1,0.7
"03490",19950427,1995,4,27,8.9,9.9,13.1,0.2
"03490",19950428,1995,4,28,5.7,7.7,12.3,0
"03490",19950429,1995,4,29,2.7,12.6,18,4.5
"03490",19950430,1995,4,30,10.4,12.8,16.1,1.1
"03490",19950501,1995,5,1,10,13.6,18.8,0.3
"03490",19950502,1995,5,2,5.8,12.2,20.5,0
"03490",19950503,1995,5,3,5.4,12.9,22.1,0
"03490",19950504,1995,5,4,7.1,16.2,24.6,0
"03490",19950505,1995,5,5,9.1,17.8,26.5,0
"03490",19950506,1995,5,6,11.2,17.1,24.5,0
"03490",19950507,1995,5,7,10.5,17.1,24.8,0
"03490",19950508,1995,5,8,11.5,14.6,18.2,0
"03490",19950509,1995,5,9,7.9,11,14.4,0.2
"03490",19950510,1995,5,10,4.9,9.3,14.5,0
"03490",19950511,1995,5,11,5.2,9.6,14.6,0
"03490",19950512,1995,5,12,4.2,11.2,16.4,0
"03490",19950513,1995,5,13,6.5,8,12.1,1.1
"03490",19950514,1995,5,14,3.9,7.2,12.3,0
"03490",19950515,1995,5,15,4.4,9.1,14.7,0
"03490",19950516,1995,5,16,4.5,12.6,18,5.1
"03490",19950517,1995,5,17,10.5,12.5,16.5,5.7
"03490",19950518,1995,5,18,6.5,8.2,13,4.7
"03490",19950519,1995,5,19,4.5,9.7,15,0
"03490",19950520,1995,5,20,6,11.6,17.1,0
"03490",19950521,1995,5,21,7.6,10.2,16.5,0
"03490",19950522,1995,5,22,3.5,12.7,19.5,0
"03490",19950523,1995,5,23,6,18.2,25,0
"03490",19950524,1995,5,24,9,20.9,26.5,0.3
"03490",19950525,1995,5,25,14.5,20.6,26,18.1
"03490",19950526,1995,5,26,15.5,16.9,21,3.5
"03490",19950527,1995,5,27,14.5,16.4,20.5,1.1
"03490",19950528,1995,5,28,9.5,20.2,26.5,4.1
"03490",19950529,1995,5,29,13.8,15.2,19.2,0.9
"03490",19950530,1995,5,30,11.5,15.2,19,0
"03490",19950531,1995,5,31,11,15.6,17,0
"03490",19950601,1995,6,1,12.5,14,18,0
"03490",19950602,1995,6,2,9.5,15.4,19,0
"03490",19950603,1995,6,3,10.5,15.5,20,2.2
"03490",19950604,1995,6,4,12.2,13.6,17.8,19.6
"03490",19950605,1995,6,5,9.9,14,17.7,4.3
"03490",19950606,1995,6,6,10.9,12.1,16.5,0
"03490",19950607,1995,6,7,10.5,13,18.7,5.5
"03490",19950608,1995,6,8,6.8,11,17.4,0
"03490",19950609,1995,6,9,4.8,10.7,15.9,4.6
"03490",19950610,1995,6,10,8.3,11,14.1,0.5
"03490",19950611,1995,6,11,7,11.2,14.6,0.4
"03490",19950612,1995,6,12,9.2,11.8,15.6,3.4
"03490",19950613,1995,6,13,11,12,16.4,7.1
"03490",19950614,1995,6,14,11.3,12.8,16.4,0
"03490",19950615,1995,6,15,8.4,11.5,14.2,3.8
"03490",19950616,1995,6,16,9.5,12.5,15.3,1
"03490",19950617,1995,6,17,8.3,13.9,18.3,5.8
"03490",19950618,1995,6,18,12.5,16.4,19.9,2.3
"03490",19950619,1995,6,19,13.4,18.7,24.6,0
"03490",19950620,1995,6,20,12.5,21.8,28.6,0
"03490",19950621,1995,6,21,17.8,19.6,26.1,0
"03490",19950622,1995,6,22,10.5,13.6,18,0
"03490",19950623,1995,6,23,10.7,14.6,17.9,0.2
"03490",19950624,1995,6,24,12.8,16.1,20.7,0
"03490",19950625,1995,6,25,13.3,19.2,25.6,0
"03490",19950626,1995,6,26,13,20.5,27.6,0
"03490",19950627,1995,6,27,13.9,22.3,28.7,0
"03490",19950628,1995,6,28,13.8,20.9,29.2,0
"03490",19950629,1995,6,29,15.8,21.1,29,0
"03490",19950630,1995,6,30,13.5,22,30.1,0
"03490",19950701,1995,7,1,15,23.8,28.7,0
"03490",19950702,1995,7,2,17.6,19.4,24.7,11.2
"03490",19950703,1995,7,3,15.5,19.4,24.6,0
"03490",19950704,1995,7,4,13.3,17.8,22.1,0
"03490",19950705,1995,7,5,11.5,17.3,21.6,0.2
"03490",19950706,1995,7,6,12,19.9,26.1,0
"03490",19950707,1995,7,7,14,21.8,28.2,0
"03490",19950708,1995,7,8,16,22.9,30.5,0
"03490",19950709,1995,7,9,16.5,22.8,32.1,1
"03490",19950710,1995,7,10,15.9,25.6,33.8,0
"03490",19950711,1995,7,11,18.9,23.4,33.5,0.6
"03490",19950712,1995,7,12,17.6,21.2,27.9,34.2
"03490",19950713,1995,7,13,18.4,22.6,28.3,0
"03490",19950714,1995,7,14,16.5,23.2,28.7,0
"03490",19950715,1995,7,15,16.3,21.3,26.6,4.7
"03490",19950716,1995,7,16,15.3,19,24,0
"03490",19950717,1995,7,17,13.6,18.3,21.7,11.8
"03490",19950718,1995,7,18,16.5,21.3,22.7,0.2
"03490",19950719,1995,7,19,19.4,22.7,27.5,0
"03490",19950720,1995,7,20,15.9,24.4,32.4,0
"03490",19950721,1995,7,21,17.3,27.5,35.4,0.7
"03490",19950722,1995,7,22,17.2,18.5,25.9,4
"03490",19950723,1995,7,23,10.5,16.1,22.6,0
"03490",19950724,1995,7,24,11,18.6,26.6,0
"03490",19950725,1995,7,25,12.4,20.3,28.6,0
"03490",19950726,1995,7,26,12,24.3,32,26.9
"03490",19950727,1995,7,27,18.2,20.7,25.5,2.1
"03490",19950728,1995,7,28,17,19.5,22.9,1.5
"03490",19950729,1995,7,29,15.5,21,26.7,0
"03490",19950730,1995,7,30,16.7,22,29.5,0
"03490",19950731,1995,7,31,15.6,22.8,30.6,0
"03490",19950801,1995,8,1,15.8,23.8,31.8,0
"03490",19950802,1995,8,2,15.7,20.2,29.6,0
"03490",19950803,1995,8,3,12.9,21.4,29.3,0
"03490",19950804,1995,8,4,14.9,20.5,27.8,0
"03490",19950805,1995,8,5,14,21.6,30.3,0
"03490",19950806,1995,8,6,15.4,24.1,32.3,0
"03490",19950807,1995,8,7,17.1,18,22.6,1.6
"03490",19950808,1995,8,8,14.6,17.4,20,0
"03490",19950809,1995,8,9,11.3,18.1,26.9,0
"03490",19950810,1995,8,10,11.4,18.7,28.4,0
"03490",19950811,1995,8,11,11.6,20.4,31.1,0
"03490",19950812,1995,8,12,15,23.2,31.7,0
"03490",19950813,1995,8,13,19.5,21.6,25.6,0
"03490",19950814,1995,8,14,16.6,18.6,23.7,0
"03490",19950815,1995,8,15,11.2,18.3,24.4,0
"03490",19950816,1995,8,16,14,19.4,24.1,0
"03490",19950817,1995,8,17,13.1,18.5,27,0
"03490",19950818,1995,8,18,12.4,20.3,28.9,0
"03490",19950819,1995,8,19,15.3,22.9,30.7,0
"03490",19950820,1995,8,20,16.6,22.3,28.5,0
"03490",19950821,1995,8,21,16,22.8,27.5,0
"03490",19950822,1995,8,22,15.5,22.2,30.5,0
"03490",19950823,1995,8,23,17,20.2,24.5,0
"03490",19950824,1995,8,24,16.5,18.8,23.5,0.1
"03490",19950825,1995,8,25,13.1,19.1,23.6,3.5
"03490",19950826,1995,8,26,15.4,17.6,20.8,0.8
"03490",19950827,1995,8,27,13,15.2,19,0.5
"03490",19950828,1995,8,28,10.7,14,18,13.7
"03490",19950829,1995,8,29,10.4,11.2,14.3,7.3
"03490",19950830,1995,8,30,8.7,13.5,16.9,0.3
"03490",19950831,1995,8,31,8.4,13.1,16.7,0
"03490",19950901,1995,9,1,11.5,16,19.6,0.5
"03490",19950902,1995,9,2,11.6,15.3,16.5,1.5
"03490",19950903,1995,9,3,10.4,12,17,5.6
"03490",19950904,1995,9,4,9.3,15,19.4,0
"03490",19950905,1995,9,5,11.9,14.8,20.1,1.1
"03490",19950906,1995,9,6,8.8,13.5,20.7,0
"03490",19950907,1995,9,7,9.3,15.9,21.3,0
"03490",19950908,1995,9,8,12.7,17.3,20,2.4
"03490",19950909,1995,9,9,12.8,16.6,19.9,0
"03490",19950910,1995,9,10,11,17.8,22.6,1.2
"03490",19950911,1995,9,11,12,15.7,21.6,0.5
"03490",19950912,1995,9,12,9.4,15,21.2,3
"03490",19950913,1995,9,13,12.7,14.5,17.4,5.1
"03490",19950914,1995,9,14,9.6,12.8,20,0
"03490",19950915,1995,9,15,5.9,10.9,18,0
"03490",19950916,1995,9,16,8.5,12.9,19.4,4.8
"03490",19950917,1995,9,17,8.5,13.4,20.5,0.3
"03490",19950918,1995,9,18,9.5,14.4,20,0
"03490",19950919,1995,9,19,9.5,15.4,20.8,0
"03490",19950920,1995,9,20,11.5,13.1,15.5,0
"03490",19950921,1995,9,21,9.5,13.4,17.5,0.1
"03490",19950922,1995,9,22,9,13.6,18,0.1
"03490",19950923,1995,9,23,10.5,13.8,18,0
"03490",19950924,1995,9,24,7,14.5,16.4,0.7
"03490",19950925,1995,9,25,10.4,13.6,17.2,0
"03490",19950926,1995,9,26,10.9,14.3,16,4.2
"03490",19950927,1995,9,27,10,12.8,17.2,4.4
"03490",19950928,1995,9,28,6.1,8.1,13.5,0
"03490",19950929,1995,9,29,4.4,10.1,14.5,1.4
"03490",19950930,1995,9,30,8.2,10,12.1,5.1
"03490",19951001,1995,10,1,8.9,14,17.6,1.2
"03490",19951002,1995,10,2,8.3,12.4,18.7,3.3
"03490",19951003,1995,10,3,8.5,15.7,20.6,2.9
"03490",19951004,1995,10,4,15.1,17.8,22.4,11.4
"03490",19951005,1995,10,5,12.4,14.3,18.1,2.9
"03490",19951006,1995,10,6,6.4,10.8,19.4,0
"03490",19951007,1995,10,7,6.5,15,21.5,0
"03490",19951008,1995,10,8,6.7,13.6,23.6,0
"03490",19951009,1995,10,9,9,15.3,24.2,0
"03490",19951010,1995,10,10,9.8,16.6,24.3,0
"03490",19951011,1995,10,11,12.7,15,19.1,0
"03490",19951012,1995,10,12,11,14.4,20.5,0
"03490",19951013,1995,10,13,9.4,14.4,17.9,0
"03490",19951014,1995,10,14,9.5,13.4,21,0
"03490",19951015,1995,10,15,10.4,16.1,21.9,0
"03490",19951016,1995,10,16,11,13.1,17.1,0
"03490",19951017,1995,10,17,7,13.7,18.6,0.6
"03490",19951018,1995,10,18,9,14.2,18.2,0.4
"03490",19951019,1995,10,19,7.1,9.7,14.5,0
"03490",19951020,1995,10,20,5.4,10.6,14.3,1.2
"03490",19951021,1995,10,21,3.6,6.3,12,0
"03490",19951022,1995,10,22,-1,4.1,12.5,0
"03490",19951023,1995,10,23,0.3,8,18,0
"03490",19951024,1995,10,24,3.3,11.7,21,0
"03490",19951025,1995,10,25,6.8,11.2,18.9,0
"03490",19951026,1995,10,26,3.3,12.6,19.3,0
"03490",19951027,1995,10,27,11.4,15.8,19,0
"03490",19951028,1995,10,28,11.4,12.6,16.1,0.8
"03490",19951029,1995,10,29,11.3,12.2,13.2,0
"03490",19951030,1995,10,30,9.8,10.5,12.6,0
"03490",19951031,1995,10,31,5.3,8.9,12,1.4
"03490",19951101,1995,11,1,3.5,8.1,10.3,12.4
"03490",19951102,1995,11,2,4.6,8.1,10.2,1.9
"03490",19951103,1995,11,3,3,5.8,9.3,3.8
"03490",19951104,1995,11,4,-2.1,-0.2,4,0
"03490",19951105,1995,11,5,-5.1,-1.1,5.4,0
"03490",19951106,1995,11,6,-5.5,-0.8,6.6,0
"03490",19951107,1995,11,7,-4.5,2.1,3.5,1
"03490",19951108,1995,11,8,3.1,7,9.4,2.3
"03490",19951109,1995,11,9,6.1,7.7,11.6,0
"03490",19951110,1995,11,10,2.9,8,11,0
"03490",19951111,1995,11,11,7.4,10.1,14.8,0
"03490",19951112,1995,11,12,6.8,11.2,15.9,0
"03490",19951113,1995,11,13,3.3,5.8,9.9,0.3
"03490",19951114,1995,11,14,3.6,9.4,13.6,0
"03490",19951115,1995,11,15,7.6,9.7,11.8,2.1
"03490",19951116,1995,11,16,8,11,13.8,10.5
"03490",19951117,1995,11,17,2,3.3,9.5,8.7
"03490",19951118,1995,11,18,-0.6,2.9,4.8,0
"03490",19951119,1995,11,19,2,5.7,7.2,3.2
"03490",19951120,1995,11,20,-1.8,1.2,7.2,0
"03490",19951121,1995,11,21,-3.6,1.3,4.4,0
"03490",19951122,1995,11,22,-2.1,3.9,5.4,0
"03490",19951123,1995,11,23,4.8,6.6,10.9,0
"03490",19951124,1995,11,24,3.5,8.8,11.7,0
"03490",19951125,1995,11,25,1.9,6.6,11.4,0
"03490",19951126,1995,11,26,1.1,3.8,8.9,0
"03490",19951127,1995,11,27,0.9,4.7,7.6,4.1
"03490",19951128,1995,11,28,4.4,6,7.7,1.2
"03490",19951129,1995,11,29,3.3,5.3,6.4,0
"03490",19951130,1995,11,30,1.9,2.9,5.8,0
"03490",19951201,1995,12,1,2.5,3,3.7,0
"03490",19951202,1995,12,2,-0.9,4.2,6.2,0
"03490",19951203,1995,12,3,0.5,1.8,4.9,0
"03490",19951204,1995,12,4,-2.1,0.8,3.6,0
"03490",19951205,1995,12,5,-4.4,-3,0.6,0
"03490",19951206,1995,12,6,-4.2,-3.1,-2.2,0
"03490",19951207,1995,12,7,-4.6,-2.2,1.3,0.7
"03490",19951208,1995,12,8,-4.9,0.2,2.4,0
"03490",19951209,1995,12,9,-0.2,1.9,4.2,0
"03490",19951210,1995,12,10,-1.4,-0.7,1.9,0
"03490",19951211,1995,12,11,-2.3,1,2.5,0.2
"03490",19951212,1995,12,12,2,2.9,3.9,0
"03490",19951213,1995,12,13,-2.4,-0.1,2.6,0
"03490",19951214,1995,12,14,-0.8,1.2,2.1,0
"03490",19951215,1995,12,15,-1.6,-0.8,0.5,0
"03490",19951216,1995,12,16,-2.5,-0.3,1.7,0
"03490",19951217,1995,12,17,-2.4,1,4,0
"03490",19951218,1995,12,18,-2.1,4.4,6.5,1.7
"03490",19951219,1995,12,19,3.3,4.1,5.3,4.2
"03490",19951220,1995,12,20,0.4,1.4,4.2,8.5
"03490",19951221,1995,12,21,-3.3,-0.3,1.1,8.8
"03490",19951222,1995,12,22,1.1,9.6,12.1,1.3
"03490",19951223,1995,12,23,5.1,8.8,12.7,8.3
"03490",19951224,1995,12,24,0.9,1.1,5.1,1.9
"03490",19951225,1995,12,25,-2.1,-0.2,2,0
"03490",19951226,1995,12,26,-3.4,-0.1,0.2,0.5
"03490",19951227,1995,12,27,-7.3,-5.2,-0.2,0
"03490",19951228,1995,12,28,-11.3,-8.4,-2.5,0
"03490",19951229,1995,12,29,-12.9,-8.8,-2,0
"03490",19951230,1995,12,30,-11.7,-4.8,-3,2.2
"03490",19951231,1995,12,31,-3,-0.2,0.5,0
"03490",19960101,1996,1,1,-0.4,1.2,2.5,0
"03490",19960102,1996,1,2,-2.1,-0.1,3.2,0
"03490",19960103,1996,1,3,-2.1,0.9,1.9,0
"03490",19960104,1996,1,4,-1.5,-0.5,1.9,0
"03490",19960105,1996,1,5,-3.5,-3,-1.1,0
"03490",19960106,1996,1,6,-5.5,-3.7,-2.5,1.1
"03490",19960107,1996,1,7,-3,2.7,8.8,0
"03490",19960108,1996,1,8,-0.4,4.1,6.3,0
"03490",19960109,1996,1,9,3.5,5.1,5.6,0
"03490",19960110,1996,1,10,0.4,2.2,5.5,1.8
"03490",19960111,1996,1,11,0.5,5,6.6,0
"03490",19960112,1996,1,12,3.9,6.4,11.5,0
"03490",19960113,1996,1,13,0.8,4,10.4,0
"03490",19960114,1996,1,14,-1,2.1,3.8,0
"03490",19960115,1996,1,15,-2.3,-0.6,3.6,0
"03490",19960116,1996,1,16,-2.4,-0.7,3.2,0
"03490",19960117,1996,1,17,-4.6,-2.2,2.4,0
"03490",19960118,1996,1,18,-6.4,-3,1.6,0
"03490",19960119,1996,1,19,-6.5,-2.9,0.1,0
"03490",19960120,1996,1,20,-2.8,-1.1,-0.4,0
"03490",19960121,1996,1,21,-1.2,-0.5,-0.2,0
"03490",19960122,1996,1,22,-2.2,-0.2,1.9,0
"03490",19960123,1996,1,23,-4.5,-2.4,-0.2,0
"03490",19960124,1996,1,24,-3.1,-2.1,-0.6,0
"03490",19960125,1996,1,25,-6.9,-6.4,-2.3,1
"03490",19960126,1996,1,26,-7.9,-6.8,-6.1,0.9
"03490",19960127,1996,1,27,-6.1,-2.6,-1,0
"03490",19960128,1996,1,28,-5.2,-3.5,-1.9,0
"03490",19960129,1996,1,29,-4,-1.6,0.5,0
"03490",19960130,1996,1,30,-5.9,-2.3,2.1,0
"03490",19960131,1996,1,31,-6.5,-3,4.5,0
"03490",19960201,1996,2,1,-7.1,-2.8,2.2,0
"03490",19960202,1996,2,2,-7.6,-1.1,-0.1,7.1
"03490",19960203,1996,2,3,-2.1,-1.4,0.7,0.5
"03490",19960204,1996,2,4,-5.3,-3.7,-0.6,0.3
"03490",19960205,1996,2,5,-5.9,-3.7,0.6,0.2
"03490",19960206,1996,2,6,-8,-4.1,-0.4,0
"03490",19960207,1996,2,7,-8.1,-4.7,-3.2,0
"03490",19960208,1996,2,8,-4.6,-2.5,-1.5,0.5
"03490",19960209,1996,2,9,-2.9,-0.6,4.4,0
"03490",19960210,1996,2,10,-1,3.1,6.1,0
"03490",19960211,1996,2,11,1.9,4.9,6.6,0
"03490",19960212,1996,2,12,2.1,2.8,5.6,10.3
"03490",19960213,1996,2,13,0.4,0.9,2.1,4.1
"03490",19960214,1996,2,14,0.4,0.4,0.6,1.3
"03490",19960215,1996,2,15,-0.7,0.4,1,1.1
"03490",19960216,1996,2,16,-0.3,5.1,7.1,3.5
"03490",19960217,1996,2,17,4,4.8,6.2,0.3
"03490",19960218,1996,2,18,3,3.8,4.5,8.9
"03490",19960219,1996,2,19,0.4,1.8,5.1,1.7
"03490",19960220,1996,2,20,-1.7,-1.3,0.4,1.3
"03490",19960221,1996,2,21,-5.8,-4.5,-1.7,0.9
"03490",19960222,1996,2,22,-5.9,-3.5,0,0
"03490",19960223,1996,2,23,-9.2,-4.3,0,0
"03490",19960224,1996,2,24,-5.1,1.9,4.8,0
"03490",19960225,1996,2,25,3.2,8.1,11.1,0.9
"03490",19960226,1996,2,26,3.8,8.2,12.9,0
"03490",19960227,1996,2,27,2.7,5.4,9.7,0
"03490",19960228,1996,2,28,2.1,4.3,9.5,0
"03490",19960229,1996,2,29,-1,2.5,5.5,0
"03490",19960301,1996,3,1,1.3,1.8,3.9,2.5
"03490",19960302,1996,3,2,-3.7,0.4,2.5,0
"03490",19960303,1996,3,3,-2.3,0,4.9,0
"03490",19960304,1996,3,4,-5,0.7,4.5,0.8
"03490",19960305,1996,3,5,1.1,2.3,5.5,1.6
"03490",19960306,1996,3,6,0.9,3.4,5.1,2
"03490",19960307,1996,3,7,1.1,2.9,4.3,0.5
"03490",19960308,1996,3,8,-3.1,1.5,7.9,0
"03490",19960309,1996,3,9,-1.6,0.8,7.6,0
"03490",19960310,1996,3,10,-4.6,-0.1,8.2,0
"03490",19960311,1996,3,11,-6.1,-2.8,0.6,0
"03490",19960312,1996,3,12,-9.5,-3.6,1.4,0
"03490",19960313,1996,3,13,-7.1,-2.2,2.4,0
"03490",19960314,1996,3,14,-5.4,2.8,7.1,0
"03490",19960315,1996,3,15,1.7,4.6,12.3,0
"03490",19960316,1996,3,16,1.5,6.3,9.7,0
"03490",19960317,1996,3,17,3.4,5.5,8.1,0
"03490",19960318,1996,3,18,3.9,5.6,8.5,0
"03490",19960319,1996,3,19,-0.9,6.1,11.4,1.9
"03490",19960320,1996,3,20,3.4,7.2,14,0
"03490",19960321,1996,3,21,4,6.4,12.4,0.9
"03490",19960322,1996,3,22,4.1,7.7,11.4,1.2
"03490",19960323,1996,3,23,6.4,9.6,12.5,0.6
"03490",19960324,1996,3,24,5.3,8,11.7,0
"03490",19960325,1996,3,25,-0.2,8.7,13.3,1.9
"03490",19960326,1996,3,26,2.1,4.8,10,2.3
"03490",19960327,1996,3,27,-1.6,1,7.9,0
"03490",19960328,1996,3,28,-4.1,4,9.7,1
"03490",19960329,1996,3,29,1,2.8,5.8,4.9
"03490",19960330,1996,3,30,0.8,1.2,3,3.5
"03490",19960331,1996,3,31,-0.2,1.7,4.7,2.7
"03490",19960401,1996,4,1,-1.5,0.5,5.6,0
"03490",19960402,1996,4,2,-3.6,1.6,5.5,0
"03490",19960403,1996,4,3,-2,3.5,8,0.6
"03490",19960404,1996,4,4,0.4,4.2,6.1,0.5
"03490",19960405,1996,4,5,4,6.4,9.4,0
"03490",19960406,1996,4,6,3.9,10,17.9,0
"03490",19960407,1996,4,7,3.8,10.2,17.6,0
"03490",19960408,1996,4,8,5.8,7.2,10.4,0
"03490",19960409,1996,4,9,5.5,9.8,16.2,0
"03490",19960410,1996,4,10,5.4,11.4,17.5,1.3
"03490",19960411,1996,4,11,8.6,9.2,10.9,3
"03490",19960412,1996,4,12,2.3,4,8.9,0
"03490",19960413,1996,4,13,-1.8,4.9,11.6,0
"03490",19960414,1996,4,14,-1,6,13.4,0
"03490",19960415,1996,4,15,0.3,7.9,15.6,0
"03490",19960416,1996,4,16,-1,9.2,18.5,0
"03490",19960417,1996,4,17,-0.6,12.8,19.6,0
"03490",19960418,1996,4,18,8.4,13.1,20.1,0
"03490",19960419,1996,4,19,6,14.8,22.7,0
"03490",19960420,1996,4,20,6.1,15.2,25.4,0
"03490",19960421,1996,4,21,7,18.8,26.5,0
"03490",19960422,1996,4,22,7.1,17.8,26.1,0
"03490",19960423,1996,4,23,13.5,17.4,20.3,0
"03490",19960424,1996,4,24,7.6,10.7,16.5,0.4
"03490",19960425,1996,4,25,4.9,10.9,16.6,0
"03490",19960426,1996,4,26,4,12.1,18.8,0
"03490",19960427,1996,4,27,6,14.1,21.8,0
"03490",19960428,1996,4,28,8.6,11.4,15.8,0
"03490",19960429,1996,4,29,6.5,9.8,14.1,0
"03490",19960430,1996,4,30,4.8,10.4,16.5,0
"03490",19960501,1996,5,1,3.9,11.9,19.6,7.8
"03490",19960502,1996,5,2,8.9,10.1,15,3.5
"03490",19960503,1996,5,3,8.4,11.6,16,3.1
"03490",19960504,1996,5,4,6,7.1,11.1,1
"03490",19960505,1996,5,5,1.9,5.7,10.3,0
"03490",19960506,1996,5,6,1.1,9.4,14.2,5.6
"03490",19960507,1996,5,7,7.6,10.3,13.2,0.3
"03490",19960508,1996,5,8,7.8,9.5,13,1.6
"03490",19960509,1996,5,9,5,7.4,12.4,0.5
"03490",19960510,1996,5,10,5.6,7.5,9,0
"03490",19960511,1996,5,11,6.7,8.7,10.9,0
"03490",19960512,1996,5,12,8.5,9.3,10.6,0
"03490",19960513,1996,5,13,7.9,8.6,9.9,0
"03490",19960514,1996,5,14,7.7,10.5,12.5,0
"03490",19960515,1996,5,15,8.8,9.8,11.6,0.3
"03490",19960516,1996,5,16,6.6,10.3,13.7,0.3
"03490",19960517,1996,5,17,8.5,15.8,22.8,2.9
"03490",19960518,1996,5,18,9,14.2,18.3,1.1
"03490",19960519,1996,5,19,10.2,13,16.5,1.6
"03490",19960520,1996,5,20,8.5,11.2,16.7,0
"03490",19960521,1996,5,21,4.1,11.5,16.7,3.5
"03490",19960522,1996,5,22,4.8,11.8,15.6,1
"03490",19960523,1996,5,23,10.4,13.3,17.6,0
"03490",19960524,1996,5,24,10.5,17.3,23.3,0
"03490",19960525,1996,5,25,8.8,13.2,17.8,8.6
"03490",19960526,1996,5,26,11,13.1,18.5,8
"03490",19960527,1996,5,27,9.8,12,16,8.7
"03490",19960528,1996,5,28,7.5,9.6,14.5,0
"03490",19960529,1996,5,29,7.5,16.6,23.4,0
"03490",19960530,1996,5,30,10.3,19.4,27,0
"03490",19960531,1996,5,31,11,19.4,27.5,4.8
"03490",19960601,1996,6,1,11,13.2,18.2,1.6
"03490",19960602,1996,6,2,9,13.4,17.2,1.7
"03490",19960603,1996,6,3,10,14.9,20.5,0
"03490",19960604,1996,6,4,8.5,17.5,24,0
"03490",19960605,1996,6,5,11,20.8,27.5,0
"03490",19960606,1996,6,6,12.5,22.4,32.5,0
"03490",19960607,1996,6,7,17,27,34,0
"03490",19960608,1996,6,8,15.3,22.3,31.6,8.4
"03490",19960609,1996,6,9,16.5,20.6,27.3,0
"03490",19960610,1996,6,10,17,20.8,29,0
"03490",19960611,1996,6,11,15.5,22.3,29.3,0
"03490",19960612,1996,6,12,13.6,17,22.4,0
"03490",19960613,1996,6,13,5.5,13.2,20.2,0
"03490",19960614,1996,6,14,8.5,12.8,20.1,0
"03490",19960615,1996,6,15,6.5,14.5,23,0
"03490",19960616,1996,6,16,8.3,15.5,22.5,0
"03490",19960617,1996,6,17,10,19.4,26.8,0
"03490",19960618,1996,6,18,14.5,19.8,25.4,0
"03490",19960619,1996,6,19,9.9,13.8,17.1,0
"03490",19960620,1996,6,20,11.1,12,14,6.1
"03490",19960621,1996,6,21,9.8,12.5,15.6,0.7
"03490",19960622,1996,6,22,9.5,11.6,15.4,4.2
"03490",19960623,1996,6,23,10,12.6,15.5,0
"03490",19960624,1996,6,24,10.3,12.6,15.3,0
"03490",19960625,1996,6,25,11.5,13.6,16.3,0
"03490",19960626,1996,6,26,8,16.3,22.8,0
"03490",19960627,1996,6,27,12.3,15.8,18,1.3
"03490",19960628,1996,6,28,13.5,18.7,24,1.9
"03490",19960629,1996,6,29,11.6,13.4,17.9,2.2
"03490",19960630,1996,6,30,11.4,15.3,18.9,0.3
"03490",19960701,1996,7,1,12.4,14.6,18.1,1.5
"03490",19960702,1996,7,2,11.4,13.5,18.9,0.5
"03490",19960703,1996,7,3,12.4,19.6,23.5,0
"03490",19960704,1996,7,4,15.1,17.4,22.5,1.6
"03490",19960705,1996,7,5,13.1,14.5,17,15.3
"03490",19960706,1996,7,6,10.8,13.5,19,5.2
"03490",19960707,1996,7,7,6,12.1,18.5,0.6
"03490",19960708,1996,7,8,10.2,12.8,17.1,0
"03490",19960709,1996,7,9,9.3,14.3,19,1.9
"03490",19960710,1996,7,10,13,15,16.5,0.8
"03490",19960711,1996,7,11,11.8,18.7,24.5,0.7
"03490",19960712,1996,7,12,15.8,19.4,26.1,0
"03490",19960713,1996,7,13,13,18,24.9,0
"03490",19960714,1996,7,14,13,20.6,26.3,0
"03490",19960715,1996,7,15,17,18.6,23.3,0
"03490",19960716,1996,7,16,8.7,14.4,20.3,0
"03490",19960717,1996,7,17,8.1,15,21.9,0
"03490",19960718,1996,7,18,9.2,16.5,21.3,0
"03490",19960719,1996,7,19,10.4,16.5,23.2,0
"03490",19960720,1996,7,20,8.8,17,25.3,0
"03490",19960721,1996,7,21,7.5,18.5,26.8,0
"03490",19960722,1996,7,22,8.5,19.4,28,0
"03490",19960723,1996,7,23,9.4,22.6,27.6,0
"03490",19960724,1996,7,24,13.2,17,23.9,6.2
"03490",19960725,1996,7,25,13.1,16.8,20,1.5
"03490",19960726,1996,7,26,15.1,16.7,22.8,0
"03490",19960727,1996,7,27,11.6,19.5,26.9,0
"03490",19960728,1996,7,28,16.4,18.2,23.5,0
"03490",19960729,1996,7,29,13.4,19.2,25.7,14.8
"03490",19960730,1996,7,30,13,18.2,23.6,0
"03490",19960731,1996,7,31,16,19,24.8,0
"03490",19960801,1996,8,1,13.8,20.8,27.5,0
"03490",19960802,1996,8,2,12.5,19.4,24.7,0
"03490",19960803,1996,8,3,13.4,16.7,22.4,0
"03490",19960804,1996,8,4,9.4,16.8,23,0
"03490",19960805,1996,8,5,7.5,16.4,24.3,0
"03490",19960806,1996,8,6,10.6,19,24,1.8
"03490",19960807,1996,8,7,14.1,18.2,25.6,0
"03490",19960808,1996,8,8,10.5,18,26.5,0
"03490",19960809,1996,8,9,9.9,21.3,30.2,0
"03490",19960810,1996,8,10,15,21.4,30.6,8.3
"03490",19960811,1996,8,11,15.8,18,24.6,9
"03490",19960812,1996,8,12,14.4,16.9,20.2,4.3
"03490",19960813,1996,8,13,14.3,16.4,19,0
"03490",19960814,1996,8,14,14.6,17.4,20.4,0.6
"03490",19960815,1996,8,15,14.5,17.2,20.9,5.7
"03490",19960816,1996,8,16,15,16.3,20.1,0
"03490",19960817,1996,8,17,12,18.1,24.1,0
"03490",19960818,1996,8,18,11.9,18.9,27.2,0
"03490",19960819,1996,8,19,12.1,19,29.4,0
"03490",19960820,1996,8,20,10.5,23.2,30.6,0
"03490",19960821,1996,8,21,16.7,19.3,24.1,23.1
"03490",19960822,1996,8,22,15.7,18,23.9,0
"03490",19960823,1996,8,23,10.9,19.4,26.6,0
"03490",19960824,1996,8,24,13.5,17.6,23.5,6.8
"03490",19960825,1996,8,25,10.5,16,23,0
"03490",19960826,1996,8,26,10.5,15.3,22.2,0
"03490",19960827,1996,8,27,9.8,17,21.9,2.9
"03490",19960828,1996,8,28,13.4,14.4,17.1,7.6
"03490",19960829,1996,8,29,12.9,14.1,16.7,9.6
"03490",19960830,1996,8,30,13.4,14.8,18,3.1
"03490",19960831,1996,8,31,10.7,14.2,18.2,0.3
"03490",19960901,1996,9,1,8.4,12.7,18.5,0
"03490",19960902,1996,9,2,9.5,12.5,19.5,0
"03490",19960903,1996,9,3,7.9,14.4,22.6,0
"03490",19960904,1996,9,4,9.4,16.3,22.9,0
"03490",19960905,1996,9,5,9.9,13.6,21.9,0
"03490",19960906,1996,9,6,6.5,13.2,19.3,0
"03490",19960907,1996,9,7,7,10.7,17,0
"03490",19960908,1996,9,8,6.4,12,16.6,0
"03490",19960909,1996,9,9,8.4,11.7,18.4,0
"03490",19960910,1996,9,10,7.9,13.2,16,1
"03490",19960911,1996,9,11,11.3,12.8,15.6,1.8
"03490",19960912,1996,9,12,10.5,11.6,16.4,6.5
"03490",19960913,1996,9,13,7.9,11.5,14,3.3
"03490",19960914,1996,9,14,11.9,13,15.1,4
"03490",19960915,1996,9,15,9.8,12.6,16.1,0
"03490",19960916,1996,9,16,7.6,11.2,17.3,0
"03490",19960917,1996,9,17,4.1,7,15.5,0
"03490",19960918,1996,9,18,3.5,9.7,13.4,0
"03490",19960919,1996,9,19,8.9,11.9,18.1,0
"03490",19960920,1996,9,20,3.4,10,13.9,5.5
"03490",19960921,1996,9,21,8.9,10.3,14.9,0.2
"03490",19960922,1996,9,22,8.9,10.8,12.1,0.3
"03490",19960923,1996,9,23,10.4,11,12.2,4.5
"03490",19960924,1996,9,24,10,10.8,12.6,1.1
"03490",19960925,1996,9,25,9.2,11.1,17.2,1.6
"03490",19960926,1996,9,26,6,11.1,20.5,1.8
"03490",19960927,1996,9,27,7.5,14.2,19.2,2.8
"03490",19960928,1996,9,28,10.2,13.2,17,0.5
"03490",19960929,1996,9,29,9,15,17.1,1.1
"03490",19960930,1996,9,30,10,16,20,0.7
"03490",19961001,1996,10,1,9.5,11.1,15,33.4
"03490",19961002,1996,10,2,8.3,10,14.5,0.7
"03490",19961003,1996,10,3,4,11.4,18,0
"03490",19961004,1996,10,4,7.6,10.7,15,0
"03490",19961005,1996,10,5,2,9.4,13.5,0.3
"03490",19961006,1996,10,6,5.9,7.8,12.5,0
"03490",19961007,1996,10,7,3.6,10.6,16.1,0
"03490",19961008,1996,10,8,10,12,15.9,0
"03490",19961009,1996,10,9,7.5,10.9,16.1,0
"03490",19961010,1996,10,10,7.8,10.8,12.9,0
"03490",19961011,1996,10,11,8.5,10.9,16,0
"03490",19961012,1996,10,12,5.5,10,19.1,0
"03490",19961013,1996,10,13,4.4,10.5,21,0
"03490",19961014,1996,10,14,5.4,11.6,19.7,0
"03490",19961015,1996,10,15,4.8,11.7,17.3,2.2
"03490",19961016,1996,10,16,6.2,8.4,13,0.2
"03490",19961017,1996,10,17,3.9,8,13.6,0
"03490",19961018,1996,10,18,0.7,6.9,12.4,3.1
"03490",19961019,1996,10,19,6.9,9.4,14.8,4.4
"03490",19961020,1996,10,20,6.8,12.9,15,7.6
"03490",19961021,1996,10,21,11.4,13.4,16.1,6.5
"03490",19961022,1996,10,22,6.1,8.7,15.1,0
"03490",19961023,1996,10,23,2.9,7.4,13.9,0
"03490",19961024,1996,10,24,3.4,9.4,15.2,0
"03490",19961025,1996,10,25,4.7,10.9,15,0
"03490",19961026,1996,10,26,6,9.6,15.5,0.3
"03490",19961027,1996,10,27,3.7,11.7,14.4,5.8
"03490",19961028,1996,10,28,12.3,15,16,0.5
"03490",19961029,1996,10,29,8.5,10,16,4.3
"03490",19961030,1996,10,30,7.8,8.6,10,0
"03490",19961031,1996,10,31,8.4,9.8,12.1,2.6
"03490",19961101,1996,11,1,6,9.7,13.7,0.2
"03490",19961102,1996,11,2,5.8,13.9,15.3,0
"03490",19961103,1996,11,3,12.8,13,15.1,0
"03490",19961104,1996,11,4,12.2,13.5,13.8,0
"03490",19961105,1996,11,5,8.2,10,13.8,0.3
"03490",19961106,1996,11,6,7.3,11.2,14,2.2
"03490",19961107,1996,11,7,10.2,10.6,13,1.7
"03490",19961108,1996,11,8,2.2,5.8,12,0.2
"03490",19961109,1996,11,9,1,8.8,11.1,0
"03490",19961110,1996,11,10,6,8.4,10.1,0
"03490",19961111,1996,11,11,6.1,8.8,11.2,5.9
"03490",19961112,1996,11,12,5.5,8.5,11,6.8
"03490",19961113,1996,11,13,5.1,6.4,9,2.9
"03490",19961114,1996,11,14,0,2,6,0
"03490",19961115,1996,11,15,-1.5,2.8,5.6,0
"03490",19961116,1996,11,16,3.5,3.8,5.4,0
"03490",19961117,1996,11,17,-2.2,0.9,5.2,0
"03490",19961118,1996,11,18,-2.8,1.1,3,15.6
"03490",19961119,1996,11,19,0.5,2.7,6.9,2.3
"03490",19961120,1996,11,20,1,6.1,6.8,5.3
"03490",19961121,1996,11,21,2.6,3.1,6.3,0
"03490",19961122,1996,11,22,-2.8,2,6.7,0
"03490",19961123,1996,11,23,-1.8,1.2,3,0.5
"03490",19961124,1996,11,24,-1.5,2,3.7,0
"03490",19961125,1996,11,25,1,4,5,0.6
"03490",19961126,1996,11,26,2.8,4.2,6.4,3
"03490",19961127,1996,11,27,1.3,1.5,2.8,0
"03490",19961128,1996,11,28,-0.2,1.4,2.1,1
"03490",19961129,1996,11,29,1.6,3.6,4.1,8.5
"03490",19961130,1996,11,30,3.6,4.7,6.8,2.2
"03490",19961201,1996,12,1,3,5.3,6.6,2.9
"03490",19961202,1996,12,2,5,6.3,7,1.1
"03490",19961203,1996,12,3,3.1,6.8,8.3,1.1
"03490",19961204,1996,12,4,6.1,7.4,9.6,1.1
"03490",19961205,1996,12,5,5.9,6.2,7.2,0.2
"03490",19961206,1996,12,6,3.1,3.8,5.9,0
"03490",19961207,1996,12,7,-1.6,0.4,5.1,0
"03490",19961208,1996,12,8,-3,-0.4,1.8,0
"03490",19961209,1996,12,9,-0.9,-0.2,0.9,0
"03490",19961210,1996,12,10,-0.3,0.2,1.2,0
"03490",19961211,1996,12,11,-1.1,-0.3,0.5,0
"03490",19961212,1996,12,12,-2,0.3,4.3,0
"03490",19961213,1996,12,13,-0.1,1,2.6,11.4
"03490",19961214,1996,12,14,-4.1,-2.3,1.6,0
"03490",19961215,1996,12,15,-4.1,4.4,5.5,0
"03490",19961216,1996,12,16,2.1,2.9,5.3,1.4
"03490",19961217,1996,12,17,0.1,2.9,3.8,6.3
"03490",19961218,1996,12,18,1.9,4.9,6.9,0.3
"03490",19961219,1996,12,19,4.7,6.8,8.4,1.1
"03490",19961220,1996,12,20,-0.1,1.8,7,0
"03490",19961221,1996,12,21,-1.4,-1,0,0
"03490",19961222,1996,12,22,-3.9,-2.2,-0.4,0
"03490",19961223,1996,12,23,-3,-2.2,-1,0
"03490",19961224,1996,12,24,-10.1,-8,-2,0
"03490",19961225,1996,12,25,-11.8,-7.8,-2.4,0
"03490",19961226,1996,12,26,-10.4,-8,-1.9,0
"03490",19961227,1996,12,27,-10.5,-7.3,-5,0
"03490",19961228,1996,12,28,-13.9,-10.2,-4,0
"03490",19961229,1996,12,29,-14.6,-9.1,-5.5,4.2
"03490",19961230,1996,12,30,-8.1,-6.7,-2.1,2.5
"03490",19961231,1996,12,31,-16.2,-12.2,-7.8,0
"03490",19970101,1997,1,1,-20.1,-17.2,-12.5,0
"03490",19970102,1997,1,2,-19.7,-12.2,-8.1,0
"03490",19970103,1997,1,3,-12.6,-6.4,-5.3,1
"03490",19970104,1997,1,4,-10.6,-5.8,-4,1.1
"03490",19970105,1997,1,5,-6.5,-5.3,-3.5,0
"03490",19970106,1997,1,6,-11,-6.3,-3.1,0
"03490",19970107,1997,1,7,-12.8,-9.2,-4,0
"03490",19970108,1997,1,8,-13.5,-9,-5.5,0
"03490",19970109,1997,1,9,-10,-5.4,-3.4,0
"03490",19970110,1997,1,10,-5,-3.8,-2.5,0
"03490",19970111,1997,1,11,-10.1,-6.4,-1.1,0
"03490",19970112,1997,1,12,-11.5,-5.4,-0.6,0
"03490",19970113,1997,1,13,-8.9,-5.1,2.3,0
"03490",19970114,1997,1,14,-8.8,-4.7,3.4,0
"03490",19970115,1997,1,15,-11,-5.8,2.5,0
"03490",19970116,1997,1,16,-11.2,-5.8,3,0
"03490",19970117,1997,1,17,-9.6,-3.4,4.1,1.9
"03490",19970118,1997,1,18,-5.4,0.9,5.1,0
"03490",19970119,1997,1,19,0.3,2.4,4.1,0
"03490",19970120,1997,1,20,1.5,2.5,4.5,0
"03490",19970121,1997,1,21,1.1,2.6,3.7,0
"03490",19970122,1997,1,22,0.5,2.6,8.8,0
"03490",19970123,1997,1,23,-0.9,2.7,7.1,0.5
"03490",19970124,1997,1,24,2.9,4.8,6.2,5.2
"03490",19970125,1997,1,25,1.8,2.4,4.7,0
"03490",19970126,1997,1,26,1.2,1.5,2.4,1.5
"03490",19970127,1997,1,27,-0.7,-0.4,1.2,1
"03490",19970128,1997,1,28,-3.9,-0.4,0.7,0
"03490",19970129,1997,1,29,0.7,1.5,3.1,0
"03490",19970130,1997,1,30,0.9,1.3,2.2,0
"03490",19970131,1997,1,31,1,3.1,5.4,1.4
"03490",19970201,1997,2,1,-3.9,-0.9,3.4,0
"03490",19970202,1997,2,2,-6.2,-1.4,4.1,0
"03490",19970203,1997,2,3,-3,0.2,1.5,0.2
"03490",19970204,1997,2,4,-1.1,4.2,5.5,2.7
"03490",19970205,1997,2,5,3.4,4.1,5.9,3.2
"03490",19970206,1997,2,6,-0.1,3.2,8.2,0
"03490",19970207,1997,2,7,-3.1,6,11.7,0
"03490",19970208,1997,2,8,3.8,5.6,9.8,0
"03490",19970209,1997,2,9,4.7,9.5,12.1,1
"03490",19970210,1997,2,10,5.4,9.4,13,1.9
"03490",19970211,1997,2,11,2.5,6.4,10.5,1.3
"03490",19970212,1997,2,12,7.1,11.9,13.4,2.3
"03490",19970213,1997,2,13,3.9,5.7,11.1,10.5
"03490",19970214,1997,2,14,2.7,5.1,7.6,0
"03490",19970215,1997,2,15,1.9,4.5,6.8,0
"03490",19970216,1997,2,16,0.5,4.2,6.9,0
"03490",19970217,1997,2,17,1.5,6.9,9,0.3
"03490",19970218,1997,2,18,5.9,7.3,12.5,2.8
"03490",19970219,1997,2,19,3.5,6.7,8.2,0
"03490",19970220,1997,2,20,6.9,8.8,11,0
"03490",19970221,1997,2,21,9,10,11.2,3.7
"03490",19970222,1997,2,22,3,6.9,14,0
"03490",19970223,1997,2,23,1.3,9.3,13.7,0.9
"03490",19970224,1997,2,24,10.5,12.4,13,13.7
"03490",19970225,1997,2,25,10,11.8,13.9,2.4
"03490",19970226,1997,2,26,6,8.3,12,9.1
"03490",19970227,1997,2,27,5,6.2,8.9,0.3
"03490",19970228,1997,2,28,5,11.8,16.4,0
"03490",19970301,1997,3,1,9.1,12.6,15.9,0
"03490",19970302,1997,3,2,4.1,12.8,18.1,11.3
"03490",19970303,1997,3,3,6.6,7.8,14,4.5
"03490",19970304,1997,3,4,7,8,11.5,0.7
"03490",19970305,1997,3,5,7,9.4,12.7,1
"03490",19970306,1997,3,6,2.5,7.1,10.5,0.3
"03490",19970307,1997,3,7,5,7.2,14.3,0
"03490",19970308,1997,3,8,2,7.6,14.8,0
"03490",19970309,1997,3,9,0.9,7,16.4,0
"03490",19970310,1997,3,10,0.9,9,19.5,0
"03490",19970311,1997,3,11,2.7,7.8,15.5,0
"03490",19970312,1997,3,12,2.2,9.3,18.6,0
"03490",19970313,1997,3,13,7.8,10.3,16.5,0
"03490",19970314,1997,3,14,4.7,8.6,10.6,0.1
"03490",19970315,1997,3,15,7.9,10.6,12.8,1.9
"03490",19970316,1997,3,16,10,11.2,13.1,0.7
"03490",19970317,1997,3,17,7.8,9.9,13.8,0.3
"03490",19970318,1997,3,18,3.6,9.7,15.6,2.1
"03490",19970319,1997,3,19,5,6.3,9.3,4.4
"03490",19970320,1997,3,20,1.2,3.8,5,1.9
"03490",19970321,1997,3,21,4.7,6.4,8.2,0
"03490",19970322,1997,3,22,0,2.5,7.5,0
"03490",19970323,1997,3,23,-0.5,4.6,7.6,2.5
"03490",19970324,1997,3,24,4.9,7.1,8.8,1.3
"03490",19970325,1997,3,25,5.6,7.2,9.1,1
"03490",19970326,1997,3,26,1.7,10.4,14.2,0
"03490",19970327,1997,3,27,9.7,13.4,17.6,4.1
"03490",19970328,1997,3,28,4.9,6.1,14.5,4
"03490",19970329,1997,3,29,4.6,6.6,8.5,0.7
"03490",19970330,1997,3,30,5.6,7.8,11.5,0
"03490",19970331,1997,3,31,2.2,8.4,15.2,0
"03490",19970401,1997,4,1,4,10,18.3,0
"03490",19970402,1997,4,2,3.7,10.2,17.3,0
"03490",19970403,1997,4,3,3.9,7.7,15.1,1.9
"03490",19970404,1997,4,4,4.5,5.4,8.9,0.8
"03490",19970405,1997,4,5,3.6,9.5,10.9,12.4
"03490",19970406,1997,4,6,4.2,6.2,10.9,0
"03490",19970407,1997,4,7,-1.9,4,10.8,0
"03490",19970408,1997,4,8,-2.5,5.3,14.8,0
"03490",19970409,1997,4,9,0,10.2,18.6,0
"03490",19970410,1997,4,10,3.9,10.6,17.2,0
"03490",19970411,1997,4,11,6,6.8,13.2,0.4
"03490",19970412,1997,4,12,4,6.5,8.5,0.5
"03490",19970413,1997,4,13,2.5,6.8,12,0
"03490",19970414,1997,4,14,4.5,9,12.6,1
"03490",19970415,1997,4,15,4.6,7.4,10.4,0
"03490",19970416,1997,4,16,2.1,8.1,11.2,0
"03490",19970417,1997,4,17,2,7.8,13.8,0
"03490",19970418,1997,4,18,1.2,8.4,13,0
"03490",19970419,1997,4,19,4.8,7.2,10.9,0
"03490",19970420,1997,4,20,3.1,4.3,8.4,0
"03490",19970421,1997,4,21,-2.8,4.6,12,0
"03490",19970422,1997,4,22,0.9,6.3,10.3,0.2
"03490",19970423,1997,4,23,0,8.6,14,0
"03490",19970424,1997,4,24,2,10.6,19,0
"03490",19970425,1997,4,25,5.9,13.2,18.1,6.9
"03490",19970426,1997,4,26,9,11.6,14,8.2
"03490",19970427,1997,4,27,10.1,11.6,13.5,0.9
"03490",19970428,1997,4,28,10.5,13.5,15.5,3.4
"03490",19970429,1997,4,29,10,10.9,13.6,6.3
"03490",19970430,1997,4,30,8.8,10.5,14,0.3
"03490",19970501,1997,5,1,8,12.1,17.4,0
"03490",19970502,1997,5,2,5.5,16.3,24.2,0
"03490",19970503,1997,5,3,7,18.8,26.9,1.4
"03490",19970504,1997,5,4,13.4,18.8,22.6,0
"03490",19970505,1997,5,5,11.1,13.3,19.6,9.6
"03490",19970506,1997,5,6,3.8,8.3,15.2,11.3
"03490",19970507,1997,5,7,3.2,4.8,9.1,8.2
"03490",19970508,1997,5,8,1.8,8.1,12.3,0.1
"03490",19970509,1997,5,9,5.4,9.9,14.1,4.6
"03490",19970510,1997,5,10,8,12.7,16.8,0
"03490",19970511,1997,5,11,11.4,14.9,18.5,0.2
"03490",19970512,1997,5,12,11,13.2,19.6,0
"03490",19970513,1997,5,13,7.9,16,22,0
"03490",19970514,1997,5,14,11.6,15.4,23.7,0
"03490",19970515,1997,5,15,9.5,17.2,23.2,0
"03490",19970516,1997,5,16,11.8,21.5,28.2,5.5
"03490",19970517,1997,5,17,14,22,28,2.2
"03490",19970518,1997,5,18,13,17.9,23.4,7.6
"03490",19970519,1997,5,19,11.5,19.4,25.5,0
"03490",19970520,1997,5,20,13.5,16.4,21,1.4
"03490",19970521,1997,5,21,12,13.8,17.5,4.7
"03490",19970522,1997,5,22,8.5,12,14,0.5
"03490",19970523,1997,5,23,8.1,10.2,15.5,0
"03490",19970524,1997,5,24,3.5,10,16,0
"03490",19970525,1997,5,25,2,11.7,19,0
"03490",19970526,1997,5,26,4.5,15,18.5,0
"03490",19970527,1997,5,27,11.6,12.2,15.8,0
"03490",19970528,1997,5,28,8.5,11.9,16.5,0
"03490",19970529,1997,5,29,5.5,15.2,20.5,0
"03490",19970530,1997,5,30,9,14.1,20.5,0
"03490",19970531,1997,5,31,3.5,13.4,18,0
"03490",19970601,1997,6,1,3,14,18,0
"03490",19970602,1997,6,2,5.5,15.8,20,0
"03490",19970603,1997,6,3,11.8,17.3,23.6,0
"03490",19970604,1997,6,4,7,18,24.6,0
"03490",19970605,1997,6,5,9,18.5,26.5,0
"03490",19970606,1997,6,6,11.3,20,27.2,0
"03490",19970607,1997,6,7,14.5,22.5,28.7,6
"03490",19970608,1997,6,8,15.5,17.2,21.9,5
"03490",19970609,1997,6,9,9,17.7,24.2,0
"03490",19970610,1997,6,10,10.9,20.5,27.7,0
"03490",19970611,1997,6,11,13,20.3,26.5,2
"03490",19970612,1997,6,12,13.1,18.3,23.4,0
"03490",19970613,1997,6,13,11.6,18.6,25.1,26.7
"03490",19970614,1997,6,14,15.5,16.7,20.2,9.6
"03490",19970615,1997,6,15,10.5,15.1,18.5,0
"03490",19970616,1997,6,16,9,15.8,21.5,0
"03490",19970617,1997,6,17,10.5,14.3,18.1,3.8
"03490",19970618,1997,6,18,11,15.6,18.5,0
"03490",19970619,1997,6,19,7.2,15.1,21.6,7.4
"03490",19970620,1997,6,20,11.7,15.2,20,4.4
"03490",19970621,1997,6,21,13.9,15.4,18.5,4.7
"03490",19970622,1997,6,22,10.6,14.6,19.1,8
"03490",19970623,1997,6,23,11.5,14.5,17.8,1.1
"03490",19970624,1997,6,24,12.1,14.8,19,0.1
"03490",19970625,1997,6,25,7.1,14,18.2,3.2
"03490",19970626,1997,6,26,12,15.8,19.3,3.1
"03490",19970627,1997,6,27,13,14.7,18.7,4.6
"03490",19970628,1997,6,28,9.9,16.8,22.7,0
"03490",19970629,1997,6,29,10.6,15.8,23.6,6.1
"03490",19970630,1997,6,30,10.5,15.4,18,0.5
"03490",19970701,1997,7,1,13.1,16.4,20.4,1.6
"03490",19970702,1997,7,2,10.4,17.2,22.3,1
"03490",19970703,1997,7,3,11.3,18,21.6,0.1
"03490",19970704,1997,7,4,11.4,16.7,22.4,0
"03490",19970705,1997,7,5,11.6,16.6,22.7,4
"03490",19970706,1997,7,6,13.4,15.4,19.6,1.7
"03490",19970707,1997,7,7,14.4,17.4,20.6,0
"03490",19970708,1997,7,8,14.4,16.8,19,0
"03490",19970709,1997,7,9,11.7,16.9,22,0
"03490",19970710,1997,7,10,11.3,18.8,25.5,0
"03490",19970711,1997,7,11,13.3,21,27.6,0
"03490",19970712,1997,7,12,15.9,22,26.5,0
"03490",19970713,1997,7,13,16.4,20.5,26.6,6.4
"03490",19970714,1997,7,14,15.1,18.7,24.9,5.5
"03490",19970715,1997,7,15,15,18.3,23.5,0
"03490",19970716,1997,7,16,13.2,17.9,23.5,0
"03490",19970717,1997,7,17,15.5,17.9,22.2,8.1
"03490",19970718,1997,7,18,14.5,16.8,22.1,10.9
"03490",19970719,1997,7,19,14.1,16.5,22.9,2.1
"03490",19970720,1997,7,20,11.9,16.9,21.9,1.6
"03490",19970721,1997,7,21,14.5,17.1,20.3,1
"03490",19970722,1997,7,22,12.9,19.4,24.5,0
"03490",19970723,1997,7,23,14.1,19.1,25.5,0
"03490",19970724,1997,7,24,13.7,19.7,24.9,0.9
"03490",19970725,1997,7,25,15.5,18.3,21.1,1.9
"03490",19970726,1997,7,26,14.1,20.2,24.1,1.4
"03490",19970727,1997,7,27,18,19.5,23.6,0
"03490",19970728,1997,7,28,10.3,17.8,23.6,0
"03490",19970729,1997,7,29,13.9,18.4,25.3,0
"03490",19970730,1997,7,30,10.5,21.3,28,0
"03490",19970731,1997,7,31,13.2,14.9,20.5,9.3
"03490",19970801,1997,8,1,13.1,16.4,19.8,2.5
"03490",19970802,1997,8,2,15.5,19.1,24.5,0
"03490",19970803,1997,8,3,14.5,18.7,21.5,4
"03490",19970804,1997,8,4,16.6,20.8,26.2,0
"03490",19970805,1997,8,5,16.1,20.6,28.3,0
"03490",19970806,1997,8,6,12.9,20.6,28.3,0
"03490",19970807,1997,8,7,12.1,20.2,28.9,0
"03490",19970808,1997,8,8,14.5,21.3,29.4,0
"03490",19970809,1997,8,9,14,21.6,29.8,0
"03490",19970810,1997,8,10,15,22.3,30.5,0
"03490",19970811,1997,8,11,13.5,22.7,31,0
"03490",19970812,1997,8,12,13.3,22,32,0
"03490",19970813,1997,8,13,14.3,24.5,32.5,0
"03490",19970814,1997,8,14,17.3,22.6,28.2,0
"03490",19970815,1997,8,15,15.5,19.9,26.2,0
"03490",19970816,1997,8,16,14,19.6,27.7,0
"03490",19970817,1997,8,17,15.1,20,28.9,0
"03490",19970818,1997,8,18,15.3,21,29.6,0
"03490",19970819,1997,8,19,12.6,20.9,27.2,0
"03490",19970820,1997,8,20,15,21.1,29,0
"03490",19970821,1997,8,21,14.9,22.1,29.2,0
"03490",19970822,1997,8,22,16.4,21.4,24.8,0
"03490",19970823,1997,8,23,19.1,22.8,28.5,0
"03490",19970824,1997,8,24,17.1,23.1,31.2,0
"03490",19970825,1997,8,25,15.4,25.6,34.5,1
"03490",19970826,1997,8,26,18,19.3,24.5,1.3
"03490",19970827,1997,8,27,14.8,20.3,29.2,13.6
"03490",19970828,1997,8,28,14.2,16,19.5,2.9
"03490",19970829,1997,8,29,11.8,15,19.6,0
"03490",19970830,1997,8,30,7.8,16.4,20.6,0
"03490",19970831,1997,8,31,13.4,19.2,28,0
"03490",19970901,1997,9,1,14.5,20.2,28,16
"03490",19970902,1997,9,2,16,17,19,0
"03490",19970903,1997,9,3,12.6,17.6,23.2,0
"03490",19970904,1997,9,4,13.5,18.7,25.2,0
"03490",19970905,1997,9,5,12.9,18.9,26,2.1
"03490",19970906,1997,9,6,13.6,15.6,21.4,2.2
"03490",19970907,1997,9,7,10.6,14.8,18.2,0.3
"03490",19970908,1997,9,8,12.1,17.9,23.6,0
"03490",19970909,1997,9,9,12.1,14.9,20.3,0
"03490",19970910,1997,9,10,10,12.4,18.2,0
"03490",19970911,1997,9,11,5.3,13.4,23.8,0
"03490",19970912,1997,9,12,12,17.9,23.9,9.4
"03490",19970913,1997,9,13,11.2,12.7,17.9,0
"03490",19970914,1997,9,14,7.9,12,18.6,0
"03490",19970915,1997,9,15,3.5,11.9,21,0
"03490",19970916,1997,9,16,3.5,15.2,25.5,0
"03490",19970917,1997,9,17,6.6,15.4,25,0
"03490",19970918,1997,9,18,7.8,17.6,27.2,0
"03490",19970919,1997,9,19,7,11.4,18.1,0
"03490",19970920,1997,9,20,2.9,8.4,17.9,0
"03490",19970921,1997,9,21,1.8,8.8,18.1,0
"03490",19970922,1997,9,22,2.5,11.4,21.2,0
"03490",19970923,1997,9,23,5.5,14.4,22.2,0
"03490",19970924,1997,9,24,7.3,10.1,16.1,0
"03490",19970925,1997,9,25,4.9,11.4,21.3,0
"03490",19970926,1997,9,26,6.8,14.4,24.2,0
"03490",19970927,1997,9,27,8.1,13.9,23.1,0
"03490",19970928,1997,9,28,7.1,13.6,22.7,0
"03490",19970929,1997,9,29,6.1,14.5,22.2,0
"03490",19970930,1997,9,30,12,15.5,20.1,0.5
"03490",19971001,1997,10,1,14.5,18.6,22.4,2.6
"03490",19971002,1997,10,2,11.9,13.5,18.3,0
"03490",19971003,1997,10,3,7.3,11.8,16,0
"03490",19971004,1997,10,4,10,12.5,17.6,0
"03490",19971005,1997,10,5,5.8,11.3,18.5,0
"03490",19971006,1997,10,6,6.5,14.4,25.6,0.3
"03490",19971007,1997,10,7,12.5,16.3,22,4
"03490",19971008,1997,10,8,12,16.2,19.3,1.8
"03490",19971009,1997,10,9,16.4,19.4,22,4.8
"03490",19971010,1997,10,10,13,15.5,18.8,8.2
"03490",19971011,1997,10,11,10,11.9,15.4,3
"03490",19971012,1997,10,12,9,10.7,15,1
"03490",19971013,1997,10,13,7,8.2,10,2
"03490",19971014,1997,10,14,6.5,9,11,1.4
"03490",19971015,1997,10,15,5,7.2,9.5,0.3
"03490",19971016,1997,10,16,5.5,7.9,11,0
"03490",19971017,1997,10,17,4.9,10.5,18,0
"03490",19971018,1997,10,18,4.5,11.1,22,0
"03490",19971019,1997,10,19,4.6,12.5,21.6,0
"03490",19971020,1997,10,20,6.2,9,13.9,1
"03490",19971021,1997,10,21,-1.3,1.7,10.9,0
"03490",19971022,1997,10,22,-4,3.3,11.5,0
"03490",19971023,1997,10,23,-1.4,6.4,12.1,0
"03490",19971024,1997,10,24,2,5.8,9.9,0.2
"03490",19971025,1997,10,25,2.8,7.6,10.2,0
"03490",19971026,1997,10,26,4.4,8.1,11.5,0.6
"03490",19971027,1997,10,27,-2.5,1.4,8.5,0
"03490",19971028,1997,10,28,-7,-2,7,0
"03490",19971029,1997,10,29,-6.6,-1.6,8.9,0
"03490",19971030,1997,10,30,-5.5,1.2,12.6,0
"03490",19971031,1997,10,31,-3,2.1,9.8,0
"03490",19971101,1997,11,1,-4,1,7.6,0
"03490",19971102,1997,11,2,-4.6,0,8.8,0
"03490",19971103,1997,11,3,-2.3,4.7,10.7,0
"03490",19971104,1997,11,4,1.6,4.6,7.7,0.9
"03490",19971105,1997,11,5,5,10.3,12.6,1.3
"03490",19971106,1997,11,6,10.9,11.3,13.6,8.4
"03490",19971107,1997,11,7,10.5,11.8,16,0.1
"03490",19971108,1997,11,8,1.9,10.5,13.5,1
"03490",19971109,1997,11,9,8.8,10.6,13,3.3
"03490",19971110,1997,11,10,6.6,9.2,11.5,0.6
"03490",19971111,1997,11,11,7.2,9.3,10.5,0.6
"03490",19971112,1997,11,12,6.6,7.9,9.9,6.8
"03490",19971113,1997,11,13,1.5,5,11.4,0
"03490",19971114,1997,11,14,0,2.7,6.5,0
"03490",19971115,1997,11,15,0.3,9.9,11,0.5
"03490",19971116,1997,11,16,9,9.7,11.5,0
"03490",19971117,1997,11,17,0,6.1,9.3,0
"03490",19971118,1997,11,18,3.8,5.2,7.7,0
"03490",19971119,1997,11,19,0.8,1.8,5.4,0
"03490",19971120,1997,11,20,-0.5,2.1,3.6,0.9
"03490",19971121,1997,11,21,1,4.4,10.9,0
"03490",19971122,1997,11,22,-1.3,1.2,3.5,0
"03490",19971123,1997,11,23,-0.3,1.2,4.1,0
"03490",19971124,1997,11,24,-1.1,4.2,5.4,0
"03490",19971125,1997,11,25,3.4,5.5,9.9,0
"03490",19971126,1997,11,26,1,4.5,9,0
"03490",19971127,1997,11,27,2.8,3.9,4.9,0.5
"03490",19971128,1997,11,28,3.5,7.2,9.5,4.6
"03490",19971129,1997,11,29,4.9,8,12.4,0.9
"03490",19971130,1997,11,30,2.2,8.4,10.7,4.5
"03490",19971201,1997,12,1,-2,1.4,8.5,0
"03490",19971202,1997,12,2,-2.2,0.8,2.1,6.6
"03490",19971203,1997,12,3,-2,0.7,1.1,1.3
"03490",19971204,1997,12,4,0.2,1.3,2.2,0
"03490",19971205,1997,12,5,-2.1,-0.1,2.6,0
"03490",19971206,1997,12,6,-1,3.3,5.3,1.9
"03490",19971207,1997,12,7,-2.1,0.4,5.2,0
"03490",19971208,1997,12,8,-2.9,3.3,6.4,0
"03490",19971209,1997,12,9,3.5,8.6,9.9,0.5
"03490",19971210,1997,12,10,9.5,11.6,13.2,1
"03490",19971211,1997,12,11,8,10.1,13.6,9.6
"03490",19971212,1997,12,12,6.6,7.6,8.4,10.7
"03490",19971213,1997,12,13,5.1,6.9,8.6,2.7
"03490",19971214,1997,12,14,3.2,5,7.5,3.2
"03490",19971215,1997,12,15,1,2,4.4,0
"03490",19971216,1997,12,16,-4.1,-3.4,1,0
"03490",19971217,1997,12,17,-5.2,-1,1.1,0.2
"03490",19971218,1997,12,18,1.1,2.4,3.6,0.3
"03490",19971219,1997,12,19,0.7,3.2,7.6,0
"03490",19971220,1997,12,20,-0.2,4.7,7.1,9.5
"03490",19971221,1997,12,21,0.9,1.4,7.3,10.1
"03490",19971222,1997,12,22,1,1.6,2.3,0.4
"03490",19971223,1997,12,23,1.7,4.7,6.3,1.5
"03490",19971224,1997,12,24,6.1,11.7,13.2,0.2
"03490",19971225,1997,12,25,10.4,11.5,14.8,3.6
"03490",19971226,1997,12,26,6.8,8.1,10.9,4.8
"03490",19971227,1997,12,27,3.5,6.7,9.2,0.6
"03490",19971228,1997,12,28,2.6,5,7.5,3
"03490",19971229,1997,12,29,3.6,5,6.9,0.3
"03490",19971230,1997,12,30,0.2,2.1,7.1,0
"03490",19971231,1997,12,31,0,8.6,11.6,1.1
"03490",19980101,1998,1,1,5.3,7.7,9.6,0.1
"03490",19980102,1998,1,2,6.8,8.1,10.5,3.8
"03490",19980103,1998,1,3,4.9,7.3,12.1,8.4
"03490",19980104,1998,1,4,4.2,7.7,9.7,0
"03490",19980105,1998,1,5,5.5,6.6,8.5,6.4
"03490",19980106,1998,1,6,5.5,6.8,8,0.8
"03490",19980107,1998,1,7,6.5,10.7,13,0.7
"03490",19980108,1998,1,8,9.2,10.5,12,0
"03490",19980109,1998,1,9,9.1,11.2,13.8,0
"03490",19980110,1998,1,10,0.2,4,13.5,0
"03490",19980111,1998,1,11,-0.9,2.3,9.7,0
"03490",19980112,1998,1,12,-0.3,3,9.6,0
"03490",19980113,1998,1,13,0,7.8,12.1,0
"03490",19980114,1998,1,14,7.8,9,10.9,0
"03490",19980115,1998,1,15,5.4,7.9,8.8,0
"03490",19980116,1998,1,16,6.9,8.1,10.6,6.3
"03490",19980117,1998,1,17,3.4,5.2,7.1,0
"03490",19980118,1998,1,18,1.4,5.5,7.6,2.8
"03490",19980119,1998,1,19,3,4.2,7.2,7
"03490",19980120,1998,1,20,1.5,3.2,7,4.7
"03490",19980121,1998,1,21,-0.4,0.3,3.4,0.7
"03490",19980122,1998,1,22,-1,-0.2,2.5,0
"03490",19980123,1998,1,23,-1.1,1.4,2.4,0
"03490",19980124,1998,1,24,0.3,1.4,2.5,0.4
"03490",19980125,1998,1,25,-3.2,-1.4,1.6,0
"03490",19980126,1998,1,26,-7.2,-4.1,0.8,0
"03490",19980127,1998,1,27,-8.8,-4.7,1,0
"03490",19980128,1998,1,28,-8.4,-2.6,0,0
"03490",19980129,1998,1,29,-1.1,0.4,2.9,0.4
"03490",19980130,1998,1,30,-1.9,1.2,3.9,2.7
"03490",19980131,1998,1,31,-4.1,-1.3,3,1
"03490",19980201,1998,2,1,-8.5,-6.9,-1,0
"03490",19980202,1998,2,2,-12,-2.3,0.8,0.4
"03490",19980203,1998,2,3,-2.4,0,4.3,0
"03490",19980204,1998,2,4,-6.4,-1.6,5.5,0
"03490",19980205,1998,2,5,-5,0.6,3.9,0
"03490",19980206,1998,2,6,-1.9,1.8,8.8,0
"03490",19980207,1998,2,7,-4.4,2.4,5.2,0
"03490",19980208,1998,2,8,2.1,5.2,8.3,0
"03490",19980209,1998,2,9,-0.9,3,13.1,0
"03490",19980210,1998,2,10,-3,3.7,14.2,0
"03490",19980211,1998,2,11,-1.9,8.8,15.4,0
"03490",19980212,1998,2,12,2.9,10.9,16.2,0
"03490",19980213,1998,2,13,9.5,12,16.5,0
"03490",19980214,1998,2,14,1.7,8,16.9,0
"03490",19980215,1998,2,15,0,6.1,15.9,0
"03490",19980216,1998,2,16,5.7,11.5,13.6,0.2
"03490",19980217,1998,2,17,4.6,5.5,10,0.3
"03490",19980218,1998,2,18,-1.4,3.8,12.6,0
"03490",19980219,1998,2,19,-1.1,7,12.8,0
"03490",19980220,1998,2,20,1.7,7.2,16,0
"03490",19980221,1998,2,21,1.4,10.7,15.5,0
"03490",19980222,1998,2,22,7.2,9,13,0
"03490",19980223,1998,2,23,3.6,6.8,10.5,0
"03490",19980224,1998,2,24,5.8,10.2,13.3,0.5
"03490",19980225,1998,2,25,8,9.5,10.3,0
"03490",19980226,1998,2,26,5.9,8.6,15.5,0
"03490",19980227,1998,2,27,5.3,9,9.6,0
"03490",19980228,1998,2,28,1.1,4.2,9.8,2.5
"03490",19980301,1998,3,1,0.8,4.1,8.3,3.1
"03490",19980302,1998,3,2,3.5,8.9,10.5,0.2
"03490",19980303,1998,3,3,8.8,12,14.5,0
"03490",19980304,1998,3,4,9.5,12.9,19.2,14.1
"03490",19980305,1998,3,5,3.4,4.4,9.5,2.1
"03490",19980306,1998,3,6,2.2,9,10.6,1.5
"03490",19980307,1998,3,7,9.8,10.8,12.9,6.4
"03490",19980308,1998,3,8,2.6,5,10.5,4.9
"03490",19980309,1998,3,9,-3,1.2,7,0.4
"03490",19980310,1998,3,10,-2,4.9,9.5,0
"03490",19980311,1998,3,11,3.4,5.1,7.9,3.8
"03490",19980312,1998,3,12,2.2,3.4,7.2,2.5
"03490",19980313,1998,3,13,-2.1,4.2,7.4,0.6
"03490",19980314,1998,3,14,5.9,7.3,8.9,2.8
"03490",19980315,1998,3,15,6.1,8.3,10.1,4.5
"03490",19980316,1998,3,16,7.9,8.7,10.2,0.4
"03490",19980317,1998,3,17,7.9,9.1,10.5,0
"03490",19980318,1998,3,18,8.6,9.4,11.8,0
"03490",19980319,1998,3,19,4.1,6.5,10.1,0
"03490",19980320,1998,3,20,3.9,6.8,8.2,7
"03490",19980321,1998,3,21,3.2,4.4,8.7,0
"03490",19980322,1998,3,22,0,4.9,7.8,4.4
"03490",19980323,1998,3,23,-1.1,1.3,5.9,4.8
"03490",19980324,1998,3,24,-4,1.5,9.4,0
"03490",19980325,1998,3,25,-4.2,1.6,10.6,0
"03490",19980326,1998,3,26,-3.3,5.9,13.1,0.5
"03490",19980327,1998,3,27,5.9,10.4,13.1,0
"03490",19980328,1998,3,28,9.2,10.9,16.4,0
"03490",19980329,1998,3,29,5.6,12.4,22.2,0
"03490",19980330,1998,3,30,6.5,14.8,24.4,0
"03490",19980331,1998,3,31,10.8,14,21.8,0
"03490",19980401,1998,4,1,5.9,14.9,19,0
"03490",19980402,1998,4,2,8.5,11.6,20.2,1
"03490",19980403,1998,4,3,7.5,12.2,16.1,2.6
"03490",19980404,1998,4,4,7.9,9.7,12,1.5
"03490",19980405,1998,4,5,8.9,10,14,0.5
"03490",19980406,1998,4,6,6.9,9.6,14.5,5.7
"03490",19980407,1998,4,7,4.4,6.8,9.4,7.9
"03490",19980408,1998,4,8,4.2,6.4,11.5,2.4
"03490",19980409,1998,4,9,2.4,8.1,14,4.2
"03490",19980410,1998,4,10,3.4,6,9.1,2.1
"03490",19980411,1998,4,11,5.1,7.8,12.1,1
"03490",19980412,1998,4,12,4.3,5.2,8.6,0
"03490",19980413,1998,4,13,-0.1,4.1,10.2,0
"03490",19980414,1998,4,14,0.6,3.6,9,2.6
"03490",19980415,1998,4,15,0,7.3,10.5,1.1
"03490",19980416,1998,4,16,4.9,6.8,11.2,0
"03490",19980417,1998,4,17,2,7.4,12.1,0
"03490",19980418,1998,4,18,1.8,8.8,16.1,2.2
"03490",19980419,1998,4,19,7.2,10.1,12,1.5
"03490",19980420,1998,4,20,2.6,10.5,12.5,2.4
"03490",19980421,1998,4,21,7,12.4,16.8,0
"03490",19980422,1998,4,22,7.2,13.1,21.2,0
"03490",19980423,1998,4,23,5.2,16.5,25.4,0
"03490",19980424,1998,4,24,12.1,14.2,17,0
"03490",19980425,1998,4,25,12.5,15.7,17,0
"03490",19980426,1998,4,26,10.5,13.2,17.3,2.3
"03490",19980427,1998,4,27,9,12.7,14,5.5
"03490",19980428,1998,4,28,8.1,9.8,14,0
"03490",19980429,1998,4,29,6.2,12,17.2,0
"03490",19980430,1998,4,30,10,15.6,21,0
"03490",19980501,1998,5,1,11.3,11.6,15.6,2.5
"03490",19980502,1998,5,2,10.9,12.3,14.2,0.4
"03490",19980503,1998,5,3,8,10.3,12.6,0
"03490",19980504,1998,5,4,6.5,9.6,13,0
"03490",19980505,1998,5,5,5.1,11.6,14.9,0
"03490",19980506,1998,5,6,10.1,13,14.7,0
"03490",19980507,1998,5,7,12.2,14.8,18.7,0
"03490",19980508,1998,5,8,7.7,16.4,25.6,0
"03490",19980509,1998,5,9,8.9,18.2,26.1,0
"03490",19980510,1998,5,10,11.5,20.4,28.6,0
"03490",19980511,1998,5,11,12.3,19,30.3,0
"03490",19980512,1998,5,12,12.2,22,30.8,0
"03490",19980513,1998,5,13,14.4,22.9,30.6,0
"03490",19980514,1998,5,14,14.1,18.1,25.9,0
"03490",19980515,1998,5,15,7.5,17.4,26,0
"03490",19980516,1998,5,16,8.5,16.2,21.6,0
"03490",19980517,1998,5,17,7.5,17.4,26,0
"03490",19980518,1998,5,18,9.5,17.2,24,0
"03490",19980519,1998,5,19,11,18.6,26,0
"03490",19980520,1998,5,20,9,16.1,23,0
"03490",19980521,1998,5,21,12.2,13.6,17,0
"03490",19980522,1998,5,22,8.7,11,13.5,0
"03490",19980523,1998,5,23,8,13.4,16,1.1
"03490",19980524,1998,5,24,11,12.6,16,3.6
"03490",19980525,1998,5,25,10.5,14,19,7.4
"03490",19980526,1998,5,26,10,15,20,0
"03490",19980527,1998,5,27,10.5,15.2,19.5,1.9
"03490",19980528,1998,5,28,13,18.8,24.8,11.2
"03490",19980529,1998,5,29,13.5,16.9,21.5,0.7
"03490",19980530,1998,5,30,15.8,17,20,3.6
"03490",19980531,1998,5,31,11.7,17.8,24,64.6
"03490",19980601,1998,6,1,11.5,15.5,22.5,0.5
"03490",19980602,1998,6,2,11.5,18.3,24.5,2.5
"03490",19980603,1998,6,3,12,19.8,23,0
"03490",19980604,1998,6,4,10.7,19.2,23.8,0
"03490",19980605,1998,6,5,10.4,22.4,30.1,0
"03490",19980606,1998,6,6,17,21,29.3,4
"03490",19980607,1998,6,7,14.9,16.5,21.4,19.1
"03490",19980608,1998,6,8,11,16.7,22,0.2
"03490",19980609,1998,6,9,13.1,19.9,22.6,0
"03490",19980610,1998,6,10,16.1,18.1,23.3,5.5
"03490",19980611,1998,6,11,10.3,15.3,20.1,1
"03490",19980612,1998,6,12,9.4,10.7,14.5,2.8
"03490",19980613,1998,6,13,6.5,12.8,17.4,0.5
"03490",19980614,1998,6,14,10.9,14.3,18.7,4.8
"03490",19980615,1998,6,15,9.1,14.2,19.5,12
"03490",19980616,1998,6,16,9.4,14.2,19.1,3.2
"03490",19980617,1998,6,17,12,14.3,19.4,1.9
"03490",19980618,1998,6,18,11.5,16.7,19.8,0
"03490",19980619,1998,6,19,13,18.6,23.6,0
"03490",19980620,1998,6,20,14.4,22.1,29.6,0
"03490",19980621,1998,6,21,14.5,26.8,34.8,0
"03490",19980622,1998,6,22,17.8,19.4,26.2,0
"03490",19980623,1998,6,23,12.6,19,23.9,0.2
"03490",19980624,1998,6,24,15.1,20.8,26,0
"03490",19980625,1998,6,25,13,21.2,28.4,7.5
"03490",19980626,1998,6,26,12.5,21,25.1,0
"03490",19980627,1998,6,27,13.6,21,24.2,3
"03490",19980628,1998,6,28,11,18.9,22.2,0
"03490",19980629,1998,6,29,12.5,17.8,22.1,0
"03490",19980630,1998,6,30,14.2,17,20.6,6.1
"03490",19980701,1998,7,1,10.5,15.4,20.6,0
"03490",19980702,1998,7,2,10.1,16.1,20.7,0
"03490",19980703,1998,7,3,11,15.7,19,0
"03490",19980704,1998,7,4,13,17.2,21.9,0
"03490",19980705,1998,7,5,14.8,18.6,22.7,0
"03490",19980706,1998,7,6,15,15.5,18.4,4.1
"03490",19980707,1998,7,7,11.8,13.3,17.3,3.5
"03490",19980708,1998,7,8,10.2,12.2,14.8,2.9
"03490",19980709,1998,7,9,10.5,16.3,17.7,0.2
"03490",19980710,1998,7,10,14.2,18.3,22.3,1.2
"03490",19980711,1998,7,11,15.2,17.8,21.5,2.5
"03490",19980712,1998,7,12,14.6,19.8,22.3,2.6
"03490",19980713,1998,7,13,14.2,15.5,21.1,8.6
"03490",19980714,1998,7,14,10.8,13.6,19.1,0.2
"03490",19980715,1998,7,15,9.1,15.8,18.7,2.2
"03490",19980716,1998,7,16,12.9,13.5,17.8,4.4
"03490",19980717,1998,7,17,9,17.5,22.6,0
"03490",19980718,1998,7,18,13,16.9,20.9,0
"03490",19980719,1998,7,19,8.9,19.4,26.5,0
"03490",19980720,1998,7,20,13.5,24.6,34,0
"03490",19980721,1998,7,21,19.3,22.7,29.6,0
"03490",19980722,1998,7,22,12.4,20.7,27.1,0
"03490",19980723,1998,7,23,12.9,18.4,26.1,0
"03490",19980724,1998,7,24,12.6,17.9,23.5,0
"03490",19980725,1998,7,25,14.4,16.9,22.5,0
"03490",19980726,1998,7,26,10.4,19.5,26.3,0
"03490",19980727,1998,7,27,12.5,20.4,26.6,0.3
"03490",19980728,1998,7,28,15,16.7,21.1,1.9
"03490",19980729,1998,7,29,14.5,16.8,20.2,5.4
"03490",19980730,1998,7,30,14.6,17.1,22.1,0
"03490",19980731,1998,7,31,8.6,17.7,23,0
"03490",19980801,1998,8,1,11,18,23.2,2.8
"03490",19980802,1998,8,2,14.5,17,19.9,0
"03490",19980803,1998,8,3,14.9,18.1,25.3,0
"03490",19980804,1998,8,4,14.6,16.8,20.7,0.2
"03490",19980805,1998,8,5,10.4,17.5,25.2,0
"03490",19980806,1998,8,6,11,19.2,28.2,0
"03490",19980807,1998,8,7,13.5,21.7,31.1,0
"03490",19980808,1998,8,8,14.2,25.1,34.6,0
"03490",19980809,1998,8,9,15.6,20.8,29,0
"03490",19980810,1998,8,10,13.5,24.4,34.7,0
"03490",19980811,1998,8,11,18.5,26,36.6,0
"03490",19980812,1998,8,12,18.5,24.9,32.7,0
"03490",19980813,1998,8,13,14.5,17,22.9,0
"03490",19980814,1998,8,14,11,17.6,24.8,0
"03490",19980815,1998,8,15,13,22.4,29.6,0
"03490",19980816,1998,8,16,16.7,19,25.6,0
"03490",19980817,1998,8,17,11.8,20.3,30.2,0
"03490",19980818,1998,8,18,12,19.6,26,0
"03490",19980819,1998,8,19,15,18.1,24.7,0
"03490",19980820,1998,8,20,11.8,18.1,26.6,1.2
"03490",19980821,1998,8,21,14.5,16.9,20.9,11.1
"03490",19980822,1998,8,22,12.5,14.8,19.9,3.2
"03490",19980823,1998,8,23,10.5,15,18.9,3.1
"03490",19980824,1998,8,24,13.1,14.9,18.1,1.7
"03490",19980825,1998,8,25,10,15,19.4,0
"03490",19980826,1998,8,26,13,15.6,21.9,0.6
"03490",19980827,1998,8,27,10.6,12.9,17,0
"03490",19980828,1998,8,28,9.2,12.7,15.8,0
"03490",19980829,1998,8,29,8.5,12.8,15.9,0
"03490",19980830,1998,8,30,10.1,13.1,18,0
"03490",19980831,1998,8,31,10.1,14.2,21.8,0
"03490",19980901,1998,9,1,6.9,13.2,19.5,6
"03490",19980902,1998,9,2,12,16.9,19.8,0.6
"03490",19980903,1998,9,3,17,18.4,21.7,8.5
"03490",19980904,1998,9,4,15.6,17.8,20.6,2.2
"03490",19980905,1998,9,5,15.3,17.4,21.1,8.4
"03490",19980906,1998,9,6,14.6,15.8,19.6,1.3
"03490",19980907,1998,9,7,10.6,16,21.2,13.4
"03490",19980908,1998,9,8,13.9,17.7,21,0.2
"03490",19980909,1998,9,9,15.2,20.2,23.1,0.7
"03490",19980910,1998,9,10,15,19.2,23.3,2
"03490",19980911,1998,9,11,13.5,16,20.5,0.9
"03490",19980912,1998,9,12,7.1,9.5,14.5,12.7
"03490",19980913,1998,9,13,6.1,10.3,14.1,10.3
"03490",19980914,1998,9,14,8,10.9,12.5,21.9
"03490",19980915,1998,9,15,11.4,14,16.5,2.1
"03490",19980916,1998,9,16,13.2,14.2,18,8.3
"03490",19980917,1998,9,17,10.5,12.2,14,5.9
"03490",19980918,1998,9,18,10.4,12.4,16.6,0
"03490",19980919,1998,9,19,9.6,15.4,20.2,2.3
"03490",19980920,1998,9,20,11.6,14.4,21,0
"03490",19980921,1998,9,21,6.5,12.2,21,0
"03490",19980922,1998,9,22,6.8,11,18.5,0
"03490",19980923,1998,9,23,6,11.1,19.5,0
"03490",19980924,1998,9,24,6.5,12.7,21.5,0
"03490",19980925,1998,9,25,9,15.4,23.1,0
"03490",19980926,1998,9,26,10.8,16.2,22.1,0.4
"03490",19980927,1998,9,27,12.1,15.3,18.2,1.8
"03490",19980928,1998,9,28,11.6,13.9,16.1,9.7
"03490",19980929,1998,9,29,10.7,13.1,18.5,0
"03490",19980930,1998,9,30,9.5,12.6,15.3,7
"03490",19981001,1998,10,1,9.4,13.2,17.6,14.1
"03490",19981002,1998,10,2,5.1,7.4,12.9,4.4
"03490",19981003,1998,10,3,4.6,6.2,7.2,0
"03490",19981004,1998,10,4,5.3,7.4,10,2.7
"03490",19981005,1998,10,5,6.4,9.3,11.2,2
"03490",19981006,1998,10,6,6.8,7.8,10.1,7.8
"03490",19981007,1998,10,7,6.5,8.5,12,12.4
"03490",19981008,1998,10,8,6.8,8.2,11.9,0.4
"03490",19981009,1998,10,9,4.8,9.3,15.4,1.5
"03490",19981010,1998,10,10,9.1,11.4,12.6,1.9
"03490",19981011,1998,10,11,10.9,12.5,13.9,2.9
"03490",19981012,1998,10,12,9.6,10.5,12.8,3.5
"03490",19981013,1998,10,13,8.1,11.1,13.5,2.2
"03490",19981014,1998,10,14,11.8,16,18.4,2.5
"03490",19981015,1998,10,15,7.9,10.7,17.5,0
"03490",19981016,1998,10,16,3.5,11.6,16.5,0
"03490",19981017,1998,10,17,8,12.3,17.6,4.3
"03490",19981018,1998,10,18,6.9,8.2,11.9,0
"03490",19981019,1998,10,19,1.6,7.4,12.3,1.1
"03490",19981020,1998,10,20,3.9,6.2,10.3,0
"03490",19981021,1998,10,21,2.6,12.7,15.9,0
"03490",19981022,1998,10,22,12.6,14,16,0
"03490",19981023,1998,10,23,9.6,15.5,18.8,3.2
"03490",19981024,1998,10,24,6.9,11.8,14,5.6
"03490",19981025,1998,10,25,6.9,9.4,13,4.9
"03490",19981026,1998,10,26,4.9,7.4,10.4,3.1
"03490",19981027,1998,10,27,5.2,12.4,13.5,2.9
"03490",19981028,1998,10,28,13,13.6,17.6,6.1
"03490",19981029,1998,10,29,7.5,8.4,13.2,3.7
"03490",19981030,1998,10,30,5.1,6.9,10.4,2.9
"03490",19981031,1998,10,31,4.6,8.1,8.9,16.7
"03490",19981101,1998,11,1,5.1,6,12,4.5
"03490",19981102,1998,11,2,4.1,7.2,9.2,1.1
"03490",19981103,1998,11,3,6.5,9.4,12.1,0
"03490",19981104,1998,11,4,4.9,6.6,9.2,1.3
"03490",19981105,1998,11,5,2,6.8,9.6,0
"03490",19981106,1998,11,6,4.1,6.8,11,0.6
"03490",19981107,1998,11,7,0,2,8.2,0
"03490",19981108,1998,11,8,-1.6,7.6,11.2,6.2
"03490",19981109,1998,11,9,9.8,12.7,15,0.2
"03490",19981110,1998,11,10,7.6,9.8,14.3,6.4
"03490",19981111,1998,11,11,0.5,3.7,9.2,0.5
"03490",19981112,1998,11,12,-0.5,3.1,6,0.3
"03490",19981113,1998,11,13,3.2,6.4,9.3,0
"03490",19981114,1998,11,14,1.8,3.5,5.9,12.7
"03490",19981115,1998,11,15,3.6,4.2,5.5,7.4
"03490",19981116,1998,11,16,2.1,2.7,4.9,2.3
"03490",19981117,1998,11,17,1.3,2.1,4.9,0
"03490",19981118,1998,11,18,-0.5,2.5,6.4,1.5
"03490",19981119,1998,11,19,-1,0.3,3.3,1
"03490",19981120,1998,11,20,-5.1,-2.8,2.2,0
"03490",19981121,1998,11,21,-7.7,-4.9,1.6,0
"03490",19981122,1998,11,22,-8.9,-5.8,-1.7,0
"03490",19981123,1998,11,23,-9.7,-5.2,-1,0
"03490",19981124,1998,11,24,-6,-1.5,0.9,0
"03490",19981125,1998,11,25,-3.4,-0.8,1.9,0
"03490",19981126,1998,11,26,-5.3,1.6,4.5,4.9
"03490",19981127,1998,11,27,3.5,6,7.6,2.7
"03490",19981128,1998,11,28,-1.1,3.1,7.2,0.7
"03490",19981129,1998,11,29,-1.4,1.1,2,1.9
"03490",19981130,1998,11,30,0.2,1.1,2.1,0
"03490",19981201,1998,12,1,-4.3,-0.6,1.1,0
"03490",19981202,1998,12,2,-3.4,-1.8,-1.2,0
"03490",19981203,1998,12,3,-2.9,-0.2,0.9,0
"03490",19981204,1998,12,4,-2,1.2,2.7,1.9
"03490",19981205,1998,12,5,0.8,1.6,2.7,1.7
"03490",19981206,1998,12,6,0.2,1.3,2,2.6
"03490",19981207,1998,12,7,0.2,1.6,3.3,0.3
"03490",19981208,1998,12,8,-3.9,-1.5,2.6,1
"03490",19981209,1998,12,9,-3.4,0.8,2.1,3.5
"03490",19981210,1998,12,10,0.4,1.2,1.5,2.2
"03490",19981211,1998,12,11,0.1,1.7,3.1,0
"03490",19981212,1998,12,12,0.3,6.8,9.2,3
"03490",19981213,1998,12,13,7,8.4,12.8,0
"03490",19981214,1998,12,14,6,10.2,12.1,0
"03490",19981215,1998,12,15,7,9.4,13.3,3.1
"03490",19981216,1998,12,16,2.9,5.2,10.2,0
"03490",19981217,1998,12,17,-2,1,7.8,0
"03490",19981218,1998,12,18,-1,5.4,8.4,1.2
"03490",19981219,1998,12,19,6.3,7,8.1,0
"03490",19981220,1998,12,20,1.1,2.6,6.6,1.5
"03490",19981221,1998,12,21,0.3,2.3,3.3,0.5
"03490",19981222,1998,12,22,0.6,3.6,4.5,0
"03490",19981223,1998,12,23,0.4,2.6,6.5,0
"03490",19981224,1998,12,24,-0.3,2.4,3.5,0.4
"03490",19981225,1998,12,25,2,6.7,8.2,1.2
"03490",19981226,1998,12,26,7.8,9.8,10.2,0
"03490",19981227,1998,12,27,7.6,10.8,12.5,4.5
"03490",19981228,1998,12,28,7.1,8.6,12.5,0.3
"03490",19981229,1998,12,29,-1.9,4.2,7.1,0
"03490",19981230,1998,12,30,-0.5,2.2,9,0
"03490",19981231,1998,12,31,-1.7,1.6,4.7,0
"03490",19990101,1999,1,1,-0.7,1.5,3.9,0
"03490",19990102,1999,1,2,-2.3,6.2,11,0
"03490",19990103,1999,1,3,3.8,6.7,9.2,6.9
"03490",19990104,1999,1,4,6.2,12.5,14.1,0.3
"03490",19990105,1999,1,5,7.3,12.8,16.9,0
"03490",19990106,1999,1,6,3.2,10.4,15.3,0
"03490",19990107,1999,1,7,3.8,6.3,13.1,3.9
"03490",19990108,1999,1,8,3.8,5.7,7.5,4.9
"03490",19990109,1999,1,9,1.3,1.8,4.5,2.6
"03490",19990110,1999,1,10,0.7,1,1.7,0.3
"03490",19990111,1999,1,11,-1.1,-1,1,1
"03490",19990112,1999,1,12,-2.1,-0.4,1.2,0.7
"03490",19990113,1999,1,13,-0.6,3.9,4.8,2.2
"03490",19990114,1999,1,14,3.5,5.2,6.1,2
"03490",19990115,1999,1,15,4.2,8.2,8.9,0
"03490",19990116,1999,1,16,7.5,10.1,12.3,0
"03490",19990117,1999,1,17,4.1,6.4,10.3,0.9
"03490",19990118,1999,1,18,0.1,2.9,10.2,0
"03490",19990119,1999,1,19,-0.5,7.6,10.1,0
"03490",19990120,1999,1,20,1.5,6.5,13.5,0
"03490",19990121,1999,1,21,-0.5,5.7,7.9,1.1
"03490",19990122,1999,1,22,3.1,4.4,7.5,0
"03490",19990123,1999,1,23,0,2,7,0
"03490",19990124,1999,1,24,-1.9,5.9,7.9,0
"03490",19990125,1999,1,25,7.4,10.5,12.9,8.3
"03490",19990126,1999,1,26,3.4,5.9,9.5,9.1
"03490",19990127,1999,1,27,2.1,4.4,7,6.3
"03490",19990128,1999,1,28,3.2,4.4,6.1,18.2
"03490",19990129,1999,1,29,-3.5,-1.6,4.3,0.6
"03490",19990130,1999,1,30,-5.4,-1,1,0.2
"03490",19990131,1999,1,31,-2.6,0.7,2.6,0.6
"03490",19990201,1999,2,1,0.5,3.9,5,1.9
"03490",19990202,1999,2,2,4.4,5.2,5.5,0
"03490",19990203,1999,2,3,3.1,6.7,8.2,0.3
"03490",19990204,1999,2,4,7.1,10.1,10.5,3
"03490",19990205,1999,2,5,1.7,4.5,10.5,6.8
"03490",19990206,1999,2,6,1.8,3.2,4.8,6.8
"03490",19990207,1999,2,7,0.2,1.4,4.1,1.7
"03490",19990208,1999,2,8,-0.9,0,2.2,1.3
"03490",19990209,1999,2,9,-3.9,-2,-0.1,0.7
"03490",19990210,1999,2,10,-4.4,-0.9,2.8,4.6
"03490",19990211,1999,2,11,-2.1,-1.5,2.2,0
"03490",19990212,1999,2,12,-7.5,-4.8,1.9,0
"03490",19990213,1999,2,13,-11.7,-4.2,-1,0
"03490",19990214,1999,2,14,-6.2,-3.6,1.8,0
"03490",19990215,1999,2,15,-5.4,1.9,5.5,0
"03490",19990216,1999,2,16,1.9,4.6,7.6,7.7
"03490",19990217,1999,2,17,0,1.8,5,3.3
"03490",19990218,1999,2,18,0.3,2.7,4.8,2.3
"03490",19990219,1999,2,19,2.8,8.9,10.5,5.7
"03490",19990220,1999,2,20,5.2,6.5,9.5,1.1
"03490",19990221,1999,2,21,1.9,5.2,8,11.6
"03490",19990222,1999,2,22,1,2.4,5.1,9.6
"03490",19990223,1999,2,23,0.9,3,4.2,6.9
"03490",19990224,1999,2,24,1,2,5.5,0
"03490",19990225,1999,2,25,-1.2,3.9,7.2,0
"03490",19990226,1999,2,26,4.4,7.2,12.1,0
"03490",19990227,1999,2,27,-1.1,5.9,10,0
"03490",19990228,1999,2,28,2.4,7.7,10.9,0
"03490",19990301,1999,3,1,7.2,10,11.2,2
"03490",19990302,1999,3,2,10.2,12.5,14.5,0.8
"03490",19990303,1999,3,3,8.7,10,13.1,0
"03490",19990304,1999,3,4,4,6,9.1,1.2
"03490",19990305,1999,3,5,0.9,4.8,9.2,1.5
"03490",19990306,1999,3,6,3.5,5,8.4,0
"03490",19990307,1999,3,7,0.8,4,6.9,0
"03490",19990308,1999,3,8,4,5.3,9,1.1
"03490",19990309,1999,3,9,3.4,5.2,9.5,0
"03490",19990310,1999,3,10,2.3,3.7,7.8,0.4
"03490",19990311,1999,3,11,2.3,5.2,10.4,0
"03490",19990312,1999,3,12,1.7,10.4,16.1,0
"03490",19990313,1999,3,13,4.8,12.4,19.4,0.5
"03490",19990314,1999,3,14,6.7,8.6,12.9,0
"03490",19990315,1999,3,15,2.4,6.4,12.6,0
"03490",19990316,1999,3,16,0,6.3,12.3,0
"03490",19990317,1999,3,17,2,4.5,12.2,0
"03490",19990318,1999,3,18,-1.9,7.4,13.2,6.2
"03490",19990319,1999,3,19,4.8,6.1,8.8,2
"03490",19990320,1999,3,20,2.6,6.3,8.1,1.5
"03490",19990321,1999,3,21,5.7,6.6,8.3,7.1
"03490",19990322,1999,3,22,4.3,4.6,6.6,11.5
"03490",19990323,1999,3,23,3.4,8.1,10.1,4.1
"03490",19990324,1999,3,24,6,8.5,14.2,0
"03490",19990325,1999,3,25,1.9,11.2,17,0.2
"03490",19990326,1999,3,26,10.5,12,14.5,0.4
"03490",19990327,1999,3,27,6.6,8,11.1,0
"03490",19990328,1999,3,28,4.7,6.5,10.7,0
"03490",19990329,1999,3,29,-0.6,7.9,16.3,0
"03490",19990330,1999,3,30,1,8.7,18.3,0
"03490",19990331,1999,3,31,2.7,9.8,17.2,0
"03490",19990401,1999,4,1,3.4,10.1,18.6,0
"03490",19990402,1999,4,2,3.4,13.4,20.6,0
"03490",19990403,1999,4,3,6.9,11.9,18.6,1.9
"03490",19990404,1999,4,4,9.4,12.4,15.5,0
"03490",19990405,1999,4,5,6.9,12.9,16.4,3.5
"03490",19990406,1999,4,6,8.9,13,21.6,3.6
"03490",19990407,1999,4,7,8.4,9.5,12.1,8
"03490",19990408,1999,4,8,7.9,9.7,11.1,0
"03490",19990409,1999,4,9,3.5,10,18.4,0
"03490",19990410,1999,4,10,4.1,12,16.5,2.5
"03490",19990411,1999,4,11,8.3,10.2,13.9,1.6
"03490",19990412,1999,4,12,3.5,8.6,12.3,8.4
"03490",19990413,1999,4,13,3.9,5.6,10,4.1
"03490",19990414,1999,4,14,1,2.4,6.4,12.7
"03490",19990415,1999,4,15,0.4,3.7,8.3,3
"03490",19990416,1999,4,16,-1.4,4.4,11,0
"03490",19990417,1999,4,17,0,6.7,11.8,0
"03490",19990418,1999,4,18,3.1,5.7,10.5,3.5
"03490",19990419,1999,4,19,2,4.9,9.8,5.2
"03490",19990420,1999,4,20,-0.1,9.7,14.1,0.5
"03490",19990421,1999,4,21,9.2,13.6,18.2,0.3
"03490",19990422,1999,4,22,9.9,13.6,16.1,0
"03490",19990423,1999,4,23,7.3,12.7,17.9,0
"03490",19990424,1999,4,24,6.5,11,13.4,0
"03490",19990425,1999,4,25,4.2,11.6,17.3,1.1
"03490",19990426,1999,4,26,8.6,14.3,21.1,0
"03490",19990427,1999,4,27,6.4,12.8,18.5,0.2
"03490",19990428,1999,4,28,9.2,13,19.3,0
"03490",19990429,1999,4,29,7.5,11.2,18.1,0
"03490",19990430,1999,4,30,5.4,14,22,0
"03490",19990501,1999,5,1,7.9,14.2,21.6,0
"03490",19990502,1999,5,2,7.1,13.8,20.4,0
"03490",19990503,1999,5,3,6.5,13.5,22.6,0
"03490",19990504,1999,5,4,6.6,13.4,18.4,0.7
"03490",19990505,1999,5,5,10,12.4,15.7,2.1
"03490",19990506,1999,5,6,10.6,12.2,15.6,2
"03490",19990507,1999,5,7,8.4,17.2,23,2.4
"03490",19990508,1999,5,8,11.8,14.8,20.3,0
"03490",19990509,1999,5,9,10,15.3,22.4,0
"03490",19990510,1999,5,10,8.1,13.3,20.9,3.2
"03490",19990511,1999,5,11,8.4,15.2,18.6,0
"03490",19990512,1999,5,12,11,14.6,19.8,0
"03490",19990513,1999,5,13,6,14.1,18.4,0.4
"03490",19990514,1999,5,14,9.4,13.6,17.8,0
"03490",19990515,1999,5,15,9.2,11.2,15.6,0
"03490",19990516,1999,5,16,3.6,9.7,14,0
"03490",19990517,1999,5,17,8.1,16.1,19.2,0
"03490",19990518,1999,5,18,10.8,17,23,0
"03490",19990519,1999,5,19,7.9,16,19.1,4
"03490",19990520,1999,5,20,8.6,14.2,19.5,0
"03490",19990521,1999,5,21,7.5,17.4,22,0.4
"03490",19990522,1999,5,22,11.4,12.4,17.5,0
"03490",19990523,1999,5,23,6,17.6,22.5,0
"03490",19990524,1999,5,24,6,15.8,19.5,0
"03490",19990525,1999,5,25,11,14.8,22,0
"03490",19990526,1999,5,26,7.5,18.1,25.5,0
"03490",19990527,1999,5,27,9.5,20.8,29.5,0
"03490",19990528,1999,5,28,9.5,18.9,24.5,0.5
"03490",19990529,1999,5,29,13,23,30.5,0
"03490",19990530,1999,5,30,14.5,21,29.2,6.5
"03490",19990531,1999,5,31,13.5,15.4,18.5,0
"03490",19990601,1999,6,1,10,19.6,26,0
"03490",19990602,1999,6,2,14,22.2,30.5,0
"03490",19990603,1999,6,3,14.4,18.2,25,6.4
"03490",19990604,1999,6,4,12,16.8,21.5,1.9
"03490",19990605,1999,6,5,11.5,14.6,19,4.8
"03490",19990606,1999,6,6,13,15.4,19.5,0
"03490",19990607,1999,6,7,6.5,15.2,20,11.6
"03490",19990608,1999,6,8,11.5,13.8,19.3,0
"03490",19990609,1999,6,9,9.8,15,19.6,0
"03490",19990610,1999,6,10,10,16.4,20.2,0
"03490",19990611,1999,6,11,11.5,13.8,17,0
"03490",19990612,1999,6,12,9.4,16.4,21.2,0
"03490",19990613,1999,6,13,12.8,15.5,22.7,0.4
"03490",19990614,1999,6,14,13.4,18,25.5,0
"03490",19990615,1999,6,15,12.5,18.6,24.6,0
"03490",19990616,1999,6,16,12.6,19.9,26.6,0
"03490",19990617,1999,6,17,13.5,20.2,26.8,0
"03490",19990618,1999,6,18,11.7,13.7,18.5,0
"03490",19990619,1999,6,19,7.5,16.8,22.5,0
"03490",19990620,1999,6,20,8.7,16.2,21.5,5.1
"03490",19990621,1999,6,21,9.4,13.4,17.5,0.5
"03490",19990622,1999,6,22,9.5,14.2,19.5,0
"03490",19990623,1999,6,23,7.5,14.2,19.7,0
"03490",19990624,1999,6,24,8.5,15.3,21.6,0
"03490",19990625,1999,6,25,8.9,16.2,23,0
"03490",19990626,1999,6,26,9,21.3,28.6,2.2
"03490",19990627,1999,6,27,15.5,18.9,25.3,10.7
"03490",19990628,1999,6,28,10.6,16.4,21,0.3
"03490",19990629,1999,6,29,14.5,19.4,23.1,1.1
"03490",19990630,1999,6,30,14.2,18.2,22.8,0.3
"03490",19990701,1999,7,1,12,18.4,23.3,0
"03490",19990702,1999,7,2,12.5,20.2,26,0
"03490",19990703,1999,7,3,13.4,24.6,33.1,0
"03490",19990704,1999,7,4,16.5,23.6,31.5,0
"03490",19990705,1999,7,5,18,21.2,25.8,0
"03490",19990706,1999,7,6,16.1,17.8,21,6.9
"03490",19990707,1999,7,7,16,19.7,24.7,0.2
"03490",19990708,1999,7,8,15,19.4,23.5,0
"03490",19990709,1999,7,9,13.1,20.7,25.7,0
"03490",19990710,1999,7,10,15,22.8,29.5,0
"03490",19990711,1999,7,11,16.6,23.4,30.2,0
"03490",19990712,1999,7,12,17.1,19.9,28.8,1.1
"03490",19990713,1999,7,13,17,20.8,26.6,1.8
"03490",19990714,1999,7,14,15.6,18,23.7,5.5
"03490",19990715,1999,7,15,11,15.6,21.6,3.8
"03490",19990716,1999,7,16,10.8,17.5,23.2,0
"03490",19990717,1999,7,17,12,20.9,29.2,0
"03490",19990718,1999,7,18,14.4,23.8,32.6,0
"03490",19990719,1999,7,19,16.6,24.9,32.1,0
"03490",19990720,1999,7,20,19.6,23.6,29.3,0.9
"03490",19990721,1999,7,21,18.1,19.2,23.6,0
"03490",19990722,1999,7,22,14.4,16.5,22,5.1
"03490",19990723,1999,7,23,11.9,13.4,18.2,0
"03490",19990724,1999,7,24,11,18.2,24.5,0
"03490",19990725,1999,7,25,14.1,21.7,28.6,0
"03490",19990726,1999,7,26,16.2,21.5,26.6,0
"03490",19990727,1999,7,27,13.5,20.6,27.5,0
"03490",19990728,1999,7,28,11.9,21,28.6,0
"03490",19990729,1999,7,29,12.1,20.8,29.2,0
"03490",19990730,1999,7,30,12.5,21.1,30.6,0
"03490",19990731,1999,7,31,13.3,21.5,31.2,0
"03490",19990801,1999,8,1,13.8,22.2,32,0
"03490",19990802,1999,8,2,15,22,32.5,0
"03490",19990803,1999,8,3,14,22.1,29,0
"03490",19990804,1999,8,4,16.9,23.4,31.2,0.4
"03490",19990805,1999,8,5,19,23.6,30.5,0
"03490",19990806,1999,8,6,17.5,23.4,30.2,1.2
"03490",19990807,1999,8,7,20.5,22.3,28.5,0
"03490",19990808,1999,8,8,15,22,29.9,0
"03490",19990809,1999,8,9,16,22.5,29,0
"03490",19990810,1999,8,10,19.1,20.6,26,4.3
"03490",19990811,1999,8,11,15.5,16.7,19.2,0
"03490",19990812,1999,8,12,11,15.6,22.5,0
"03490",19990813,1999,8,13,10,16.6,23.5,0.1
"03490",19990814,1999,8,14,12.9,18.1,22,17.1
"03490",19990815,1999,8,15,16,18.3,22,1
"03490",19990816,1999,8,16,15,16.9,22,1.1
"03490",19990817,1999,8,17,12.5,16.5,21,0
"03490",19990818,1999,8,18,10.5,16,21.9,3.8
"03490",19990819,1999,8,19,12.9,17.1,21.8,0
"03490",19990820,1999,8,20,12.9,16.4,20,1
"03490",19990821,1999,8,21,11,13.8,19.6,0
"03490",19990822,1999,8,22,7.9,12.9,20.3,0
"03490",19990823,1999,8,23,7.1,15.1,25,0
"03490",19990824,1999,8,24,10.5,19.1,27,0
"03490",19990825,1999,8,25,13,22.3,30.6,5.9
"03490",19990826,1999,8,26,18.9,20.6,24.8,0.9
"03490",19990827,1999,8,27,15.5,18.3,22.6,0
"03490",19990828,1999,8,28,14.1,16.6,22.2,0
"03490",19990829,1999,8,29,10.6,17.2,24.5,0
"03490",19990830,1999,8,30,11.5,17.5,24.5,0
"03490",19990831,1999,8,31,14.5,17.2,20.5,0
"03490",19990901,1999,9,1,13,16.8,19,0.3
"03490",19990902,1999,9,2,11.9,15.8,24.5,0
"03490",19990903,1999,9,3,8.9,17.8,25.8,0
"03490",19990904,1999,9,4,11.6,18.8,26.4,0
"03490",19990905,1999,9,5,12,17.8,28,0
"03490",19990906,1999,9,6,12,18.7,25.5,0.6
"03490",19990907,1999,9,7,12.5,20.2,27,0
"03490",19990908,1999,9,8,14.5,18.8,27.5,0
"03490",19990909,1999,9,9,12.5,21.1,29.5,0
"03490",19990910,1999,9,10,14,20.5,30.3,0
"03490",19990911,1999,9,11,12.9,19.5,30.2,0
"03490",19990912,1999,9,12,11.5,22.1,32,0
"03490",19990913,1999,9,13,14.4,20.6,31.6,0
"03490",19990914,1999,9,14,17.1,22.4,31,0
"03490",19990915,1999,9,15,15.4,19.7,25.8,0.4
"03490",19990916,1999,9,16,9.5,13.4,22.1,0
"03490",19990917,1999,9,17,6.9,13.6,17.8,2.3
"03490",19990918,1999,9,18,11,14.2,22.5,0
"03490",19990919,1999,9,19,9.4,17.2,24,0
"03490",19990920,1999,9,20,15.4,16.3,22.4,0
"03490",19990921,1999,9,21,9.5,15.2,21.7,0.8
"03490",19990922,1999,9,22,14.6,19.4,20.3,22.4
"03490",19990923,1999,9,23,16.6,19.2,24.6,0.4
"03490",19990924,1999,9,24,14.6,18.8,25.4,0
"03490",19990925,1999,9,25,14.8,16.8,22.1,2.8
"03490",19990926,1999,9,26,14.1,16.6,20.2,0
"03490",19990927,1999,9,27,14.9,17.2,20.1,0.5
"03490",19990928,1999,9,28,15.2,16,19.6,0.5
"03490",19990929,1999,9,29,15,17.6,19.5,0.7
"03490",19990930,1999,9,30,14.8,16.4,19.5,1.9
"03490",19991001,1999,10,1,12.5,15.6,17.5,0
"03490",19991002,1999,10,2,9.9,13.5,18.3,28.4
"03490",19991003,1999,10,3,7.9,11,15.9,0
"03490",19991004,1999,10,4,7.1,11.4,15.5,4.2
"03490",19991005,1999,10,5,8.4,10.3,12.5,0.7
"03490",19991006,1999,10,6,5.5,10.5,13.1,0.1
"03490",19991007,1999,10,7,8.5,10.6,15.4,0
"03490",19991008,1999,10,8,7.5,13.1,13.9,2.2
"03490",19991009,1999,10,9,13.1,14.3,15.9,1.3
"03490",19991010,1999,10,10,13.6,15.5,17.2,0
"03490",19991011,1999,10,11,13,14.3,19.1,0.5
"03490",19991012,1999,10,12,6.7,9.6,15.6,0
"03490",19991013,1999,10,13,3.3,8.3,15.6,0
"03490",19991014,1999,10,14,3.1,8.6,13.5,0
"03490",19991015,1999,10,15,5.6,9.7,15.4,0
"03490",19991016,1999,10,16,2,5.1,14.4,0
"03490",19991017,1999,10,17,-2.1,3.9,12.1,0
"03490",19991018,1999,10,18,-2.4,2.1,10.6,0
"03490",19991019,1999,10,19,-3.6,1.9,10.1,0
"03490",19991020,1999,10,20,-0.6,7.2,10.4,0
"03490",19991021,1999,10,21,5,6.2,9.4,0.9
"03490",19991022,1999,10,22,1.7,9.5,14.8,1.1
"03490",19991023,1999,10,23,10.1,14.7,18.1,0
"03490",19991024,1999,10,24,5.1,10.2,14.4,4.4
"03490",19991025,1999,10,25,8,13.1,17.1,0
"03490",19991026,1999,10,26,12,13,15.5,0
"03490",19991027,1999,10,27,5,9.2,17.1,0
"03490",19991028,1999,10,28,1.9,8.6,14.8,0
"03490",19991029,1999,10,29,6.5,9.5,17.7,0
"03490",19991030,1999,10,30,6,15,21,1.8
"03490",19991031,1999,10,31,7.1,12.2,17.3,0
"03490",19991101,1999,11,1,1.8,13.4,18.3,4.3
"03490",19991102,1999,11,2,9.8,11.4,17.9,5.1
"03490",19991103,1999,11,3,3.5,5.8,12,0
"03490",19991104,1999,11,4,2.1,5,12.1,0
"03490",19991105,1999,11,5,1.5,10.8,13.1,0
"03490",19991106,1999,11,6,7.9,8.5,13.1,0
"03490",19991107,1999,11,7,6.9,8.8,10.1,3.7
"03490",19991108,1999,11,8,7,8,10.2,2.9
"03490",19991109,1999,11,9,7.9,9.1,9.9,0.8
"03490",19991110,1999,11,10,7.4,8,9.3,2.5
"03490",19991111,1999,11,11,1.1,4.1,8,0
"03490",19991112,1999,11,12,0,2.2,7,0
"03490",19991113,1999,11,13,-0.3,1.6,5,0.2
"03490",19991114,1999,11,14,0,5.9,8.7,0.7
"03490",19991115,1999,11,15,-3.5,-1.6,6.9,0
"03490",19991116,1999,11,16,-5.8,0.2,3.6,0.3
"03490",19991117,1999,11,17,1.5,3.8,5.2,1.8
"03490",19991118,1999,11,18,1.4,2.8,5.1,2.8
"03490",19991119,1999,11,19,0.6,1.4,3.6,4.9
"03490",19991120,1999,11,20,-0.2,0.8,3.4,1.3
"03490",19991121,1999,11,21,-3.3,-1.6,1.4,1
"03490",19991122,1999,11,22,-2.1,2.1,3.4,5.7
"03490",19991123,1999,11,23,3.2,6,7.1,1.2
"03490",19991124,1999,11,24,3.5,4.9,6,0
"03490",19991125,1999,11,25,3.3,7.2,8.9,0.9
"03490",19991126,1999,11,26,5,7.5,12.3,0
"03490",19991127,1999,11,27,1.2,7.8,9.1,0
"03490",19991128,1999,11,28,1.6,8.3,12.2,0
"03490",19991129,1999,11,29,1.6,4.9,11.9,0
"03490",19991130,1999,11,30,1.5,7.4,10,0
"03490",19991201,1999,12,1,9,9.5,10.6,5.5
"03490",19991202,1999,12,2,5.4,6.6,9,0
"03490",19991203,1999,12,3,5.1,7.8,10.7,2.9
"03490",19991204,1999,12,4,0.6,3,8,1.8
"03490",19991205,1999,12,5,1.2,2.6,6.1,0.8
"03490",19991206,1999,12,6,-1.7,6.2,7.4,0
"03490",19991207,1999,12,7,6.9,8,8.6,1.7
"03490",19991208,1999,12,8,1.9,8.8,10.1,0
"03490",19991209,1999,12,9,7.5,8.8,11,1.9
"03490",19991210,1999,12,10,6.1,6.4,8.2,0.3
"03490",19991211,1999,12,11,5.3,9.9,12.2,8.1
"03490",19991212,1999,12,12,6.9,8.1,11.8,10
"03490",19991213,1999,12,13,4.2,5.7,7.3,7
"03490",19991214,1999,12,14,1,2.4,6,2
"03490",19991215,1999,12,15,-0.6,-0.1,3.1,3.1
"03490",19991216,1999,12,16,-1.7,1.9,3.6,0
"03490",19991217,1999,12,17,2,4.4,5,3.9
"03490",19991218,1999,12,18,1.6,3.3,6.1,2.7
"03490",19991219,1999,12,19,0.5,1.4,3.3,1.7
"03490",19991220,1999,12,20,0.2,2,3.9,0
"03490",19991221,1999,12,21,-1,0,3.4,0
"03490",19991222,1999,12,22,-4.5,-1.2,1.4,0
"03490",19991223,1999,12,23,-1.9,0.6,2.5,3.1
"03490",19991224,1999,12,24,-2.3,7.2,8.8,5.5
"03490",19991225,1999,12,25,3.5,6.6,9.5,11.5
"03490",19991226,1999,12,26,3.1,6.2,7.3,16.8
"03490",19991227,1999,12,27,0.5,2.3,6.9,1
"03490",19991228,1999,12,28,0,3,4.3,1.5
"03490",19991229,1999,12,29,2.6,3.7,5.4,0
"03490",19991230,1999,12,30,0.7,3.6,5.2,0.5
"03490",19991231,1999,12,31,3.6,4.2,5.1,0
"03490",20000101,2000,1,1,3.6,5.7,7.3,1.1
"03490",20000102,2000,1,2,2.5,6.4,9.4,0
"03490",20000103,2000,1,3,5.5,6.6,7.9,0
"03490",20000104,2000,1,4,6.7,7.9,10.5,0.6
"03490",20000105,2000,1,5,0.5,2.8,10,0
"03490",20000106,2000,1,6,0,6.8,11.1,1.1
"03490",20000107,2000,1,7,1.8,6,10.5,0
"03490",20000108,2000,1,8,3.9,6.6,8.4,0.8
"03490",20000109,2000,1,9,3.7,4.4,6.9,0
"03490",20000110,2000,1,10,0.9,2.2,5.5,0
"03490",20000111,2000,1,11,-3.9,-1.8,3.5,0
"03490",20000112,2000,1,12,-4,2.2,3.3,0
"03490",20000113,2000,1,13,1.6,2.3,4.4,0
"03490",20000114,2000,1,14,-0.3,1.7,4.2,0
"03490",20000115,2000,1,15,-1.4,0.9,3.2,0
"03490",20000116,2000,1,16,-1.2,3.5,5.1,2.1
"03490",20000117,2000,1,17,5,6.2,7,0.7
"03490",20000118,2000,1,18,4.8,5.8,7.5,1.5
"03490",20000119,2000,1,19,3,3.7,5,0.9
"03490",20000120,2000,1,20,2,3.8,4.5,0.9
"03490",20000121,2000,1,21,3.9,4.7,6.4,0.4
"03490",20000122,2000,1,22,2.9,4,4.3,12.1
"03490",20000123,2000,1,23,-1.1,0.7,3.8,4.3
"03490",20000124,2000,1,24,-9.6,-5.6,1.4,0
"03490",20000125,2000,1,25,-6.9,-4.7,1.7,0
"03490",20000126,2000,1,26,-8.2,-2.8,0.4,0
"03490",20000127,2000,1,27,-3.1,1,5.7,0
"03490",20000128,2000,1,28,-8.2,1,4.4,0
"03490",20000129,2000,1,29,4,8.5,11,14.5
"03490",20000130,2000,1,30,7,9.8,11.6,2.4
"03490",20000131,2000,1,31,10,10.4,12,0
"03490",20000201,2000,2,1,7.1,8.6,11.6,0
"03490",20000202,2000,2,2,6,7.4,9.1,0.2
"03490",20000203,2000,2,3,6,6.4,7.4,0.1
"03490",20000204,2000,2,4,5.5,7.4,8.4,1.6
"03490",20000205,2000,2,5,4.4,7.1,13.7,0
"03490",20000206,2000,2,6,1.9,8.6,12.7,0
"03490",20000207,2000,2,7,8,9,11.1,0.5
"03490",20000208,2000,2,8,7.5,10.2,14,6
"03490",20000209,2000,2,9,2.9,5.6,10,2.7
"03490",20000210,2000,2,10,2.9,5.2,9.4,0.8
"03490",20000211,2000,2,11,0.5,3.4,9.1,0
"03490",20000212,2000,2,12,-5,3.4,7,2.5
"03490",20000213,2000,2,13,0.5,3.2,7,1.5
"03490",20000214,2000,2,14,0,5.5,9.2,2.4
"03490",20000215,2000,2,15,5,7.2,10.5,4.5
"03490",20000216,2000,2,16,1,2.7,7,2.8
"03490",20000217,2000,2,17,1,2.7,5.7,3.9
"03490",20000218,2000,2,18,0.5,3.9,6.2,8.6
"03490",20000219,2000,2,19,3,4.3,6.7,10.6
"03490",20000220,2000,2,20,1,2,5.7,1.9
"03490",20000221,2000,2,21,-2.2,2.5,6.3,0.3
"03490",20000222,2000,2,22,0.8,2.6,6,0
"03490",20000223,2000,2,23,-0.6,7,10.4,1.5
"03490",20000224,2000,2,24,6,7.6,11.9,4
"03490",20000225,2000,2,25,1.2,5,11.2,5.5
"03490",20000226,2000,2,26,-2.8,2,8.4,0
"03490",20000227,2000,2,27,-3,7,14.2,0
"03490",20000228,2000,2,28,5.9,9.7,13.5,2
"03490",20000229,2000,2,29,5.5,8.1,9.1,6.9
"03490",20000301,2000,3,1,3.8,6.5,9.1,3.5
"03490",20000302,2000,3,2,2.4,7.1,8,0
"03490",20000303,2000,3,3,3.1,6.5,10.3,13
"03490",20000304,2000,3,4,0,2.8,4.9,4.4
"03490",20000305,2000,3,5,0,5.3,7,0
"03490",20000306,2000,3,6,2.8,7.1,10.9,0
"03490",20000307,2000,3,7,7,9.2,11.4,1.5
"03490",20000308,2000,3,8,9.3,11.8,13.3,8.5
"03490",20000309,2000,3,9,8,11.5,13.5,0.3
"03490",20000310,2000,3,10,5.5,8.4,11,0.4
"03490",20000311,2000,3,11,8.1,9.1,11.3,0
"03490",20000312,2000,3,12,6.4,7.3,9,0
"03490",20000313,2000,3,13,2.9,10.7,14.8,0.5
"03490",20000314,2000,3,14,5.9,9.8,13.9,6.5
"03490",20000315,2000,3,15,4,7.4,9,0.3
"03490",20000316,2000,3,16,6.8,9.6,10.2,2.4
"03490",20000317,2000,3,17,6.9,8.2,10.1,2.7
"03490",20000318,2000,3,18,5.8,6.3,8.1,2
"03490",20000319,2000,3,19,2.3,4.8,7.1,0
"03490",20000320,2000,3,20,1.8,5,11,0
"03490",20000321,2000,3,21,0,6.8,15,0
"03490",20000322,2000,3,22,-0.6,9.3,18.5,0
"03490",20000323,2000,3,23,3.5,10.2,16.9,0.5
"03490",20000324,2000,3,24,7.1,10.2,12.6,4.5
"03490",20000325,2000,3,25,9.1,10.4,14.2,6.4
"03490",20000326,2000,3,26,6.1,7.5,11.5,2.9
"03490",20000327,2000,3,27,2.6,6.1,9.9,0
"03490",20000328,2000,3,28,3.7,4.1,6.5,1
"03490",20000329,2000,3,29,2.5,7,10.4,13.3
"03490",20000330,2000,3,30,6,6.8,8.2,6.8
"03490",20000331,2000,3,31,5.4,6,8.5,0.4
"03490",20000401,2000,4,1,1.9,6.3,10.1,5
"03490",20000402,2000,4,2,4.3,8.6,15.1,0
"03490",20000403,2000,4,3,2.5,9.6,17,1.9
"03490",20000404,2000,4,4,6.4,10.3,17.6,2.2
"03490",20000405,2000,4,5,3.8,5,8.5,0.9
"03490",20000406,2000,4,6,-1.7,4.2,11.2,0
"03490",20000407,2000,4,7,-0.2,5.8,12.9,0
"03490",20000408,2000,4,8,0.5,8.2,14.3,0
"03490",20000409,2000,4,9,4.3,9,15.1,0
"03490",20000410,2000,4,10,0.5,7.4,14.3,0
"03490",20000411,2000,4,11,0.8,9.2,16,1.2
"03490",20000412,2000,4,12,3.5,6.4,12.4,1.6
"03490",20000413,2000,4,13,2.5,7.6,12.6,0
"03490",20000414,2000,4,14,5.4,8.6,11.6,0.5
"03490",20000415,2000,4,15,6.5,10.4,14.2,0.9
"03490",20000416,2000,4,16,6.4,11.3,16.6,0
"03490",20000417,2000,4,17,7,12.3,14.5,0.3
"03490",20000418,2000,4,18,6.6,11,15.1,0
"03490",20000419,2000,4,19,5.5,12.2,18.6,0
"03490",20000420,2000,4,20,3.2,13.4,21.9,0
"03490",20000421,2000,4,21,9.2,16,22.2,0
"03490",20000422,2000,4,22,6.9,16.9,25.4,0
"03490",20000423,2000,4,23,11.6,15.3,22,7
"03490",20000424,2000,4,24,8.8,10.6,15.6,1
"03490",20000425,2000,4,25,3.7,12.4,20.5,0
"03490",20000426,2000,4,26,6.1,17.3,26,0
"03490",20000427,2000,4,27,13.5,19.1,26.8,0
"03490",20000428,2000,4,28,11.5,17.9,24,0
"03490",20000429,2000,4,29,13.1,14.1,17.8,0.6
"03490",20000430,2000,4,30,12.8,15.2,19,0
"03490",20000501,2000,5,1,12.2,16.2,19.5,0
"03490",20000502,2000,5,2,13.8,14.7,18.2,0.6
"03490",20000503,2000,5,3,12.4,13.4,16,0
"03490",20000504,2000,5,4,12.5,15.9,21,0
"03490",20000505,2000,5,5,11.5,18,25.5,0
"03490",20000506,2000,5,6,12,18.2,26.6,0
"03490",20000507,2000,5,7,11.5,17.9,25.1,2.6
"03490",20000508,2000,5,8,11.6,17.7,26.6,0
"03490",20000509,2000,5,9,11.3,18.7,27,0
"03490",20000510,2000,5,10,11,20.7,28.7,0
"03490",20000511,2000,5,11,13.3,20.3,28.5,0
"03490",20000512,2000,5,12,16,19.8,24.9,0
"03490",20000513,2000,5,13,10,18.2,25.5,0
"03490",20000514,2000,5,14,10.5,18.7,27.6,0
"03490",20000515,2000,5,15,10.9,19.8,29.1,0
"03490",20000516,2000,5,16,12,21.4,30.3,0.9
"03490",20000517,2000,5,17,10.9,14.6,19.8,5.8
"03490",20000518,2000,5,18,9.2,12.2,18,4.5
"03490",20000519,2000,5,19,8.1,10.7,15.8,3.2
"03490",20000520,2000,5,20,7.5,11.6,15.5,0.3
"03490",20000521,2000,5,21,6,10,14,4.1
"03490",20000522,2000,5,22,9.5,11.4,14.5,2.9
"03490",20000523,2000,5,23,8.5,15.2,20,0.6
"03490",20000524,2000,5,24,10,16,20.5,4.3
"03490",20000525,2000,5,25,14.2,15.3,18.5,0.9
"03490",20000526,2000,5,26,5.5,17,21,0
"03490",20000527,2000,5,27,11,13,19,0
"03490",20000528,2000,5,28,10,14.2,18,0.2
"03490",20000529,2000,5,29,8.5,11.1,18,1.1
"03490",20000530,2000,5,30,6.5,10.8,16.5,5.7
"03490",20000531,2000,5,31,10,14.2,19.5,0
"03490",20000601,2000,6,1,9.5,18.4,24.5,0
"03490",20000602,2000,6,2,9.5,21.3,30.5,0
"03490",20000603,2000,6,3,14.5,19.5,28,12.1
"03490",20000604,2000,6,4,11,20,24,2.6
"03490",20000605,2000,6,5,14.4,16.8,24,4.8
"03490",20000606,2000,6,6,12.5,14.4,18.5,1.6
"03490",20000607,2000,6,7,11.4,14.1,19,0
"03490",20000608,2000,6,8,8.6,16.8,23,0
"03490",20000609,2000,6,9,12,23.9,30.6,0
"03490",20000610,2000,6,10,17.3,20.7,23.9,0
"03490",20000611,2000,6,11,13.5,14,20.1,1.5
"03490",20000612,2000,6,12,10.4,17.8,24.6,0
"03490",20000613,2000,6,13,13.1,21.8,28.8,0
"03490",20000614,2000,6,14,15.5,21.1,25.2,0
"03490",20000615,2000,6,15,14,15.5,20,1.9
"03490",20000616,2000,6,16,9.4,13.8,19,0
"03490",20000617,2000,6,17,6.5,14.9,22.8,0
"03490",20000618,2000,6,18,6.7,21.2,31,0
"03490",20000619,2000,6,19,11.7,24,34.4,0
"03490",20000620,2000,6,20,16.1,25.5,35.5,0
"03490",20000621,2000,6,21,14,23.4,32.2,3.1
"03490",20000622,2000,6,22,17.8,19.8,24,0
"03490",20000623,2000,6,23,12.3,19,21.6,2
"03490",20000624,2000,6,24,12.4,14.8,18.7,0
"03490",20000625,2000,6,25,11.3,14.8,18.5,1.2
"03490",20000626,2000,6,26,10,13.7,17.7,0
"03490",20000627,2000,6,27,6.7,13.7,19,0
"03490",20000628,2000,6,28,7,13.2,18.2,0
"03490",20000629,2000,6,29,8.4,16.6,21,0
"03490",20000630,2000,6,30,13.3,17.4,20.2,0.5
"03490",20000701,2000,7,1,13.5,17.8,24.5,7.1
"03490",20000702,2000,7,2,15.1,21.6,27.3,10.6
"03490",20000703,2000,7,3,13.1,16.8,23.4,3
"03490",20000704,2000,7,4,12.5,16.1,21.1,1.1
"03490",20000705,2000,7,5,13.3,17.2,22.5,0.3
"03490",20000706,2000,7,6,13.1,16.8,22.1,0
"03490",20000707,2000,7,7,12.5,14.9,17.2,26.6
"03490",20000708,2000,7,8,9.8,12.8,17,4.5
"03490",20000709,2000,7,9,11,14,16.6,4.5
"03490",20000710,2000,7,10,13.6,15.8,20,0
"03490",20000711,2000,7,11,11.6,14.4,17,2.8
"03490",20000712,2000,7,12,11,13.1,15.5,1.1
"03490",20000713,2000,7,13,9.6,14.8,17.2,5.1
"03490",20000714,2000,7,14,12.9,13.8,17.3,3.3
"03490",20000715,2000,7,15,11.2,13.4,17.1,16.9
"03490",20000716,2000,7,16,11,15.2,18.2,9.3
"03490",20000717,2000,7,17,12.5,14.6,19.1,0
"03490",20000718,2000,7,18,11.4,15.4,20.4,0.2
"03490",20000719,2000,7,19,12.5,15.3,18.2,0.5
"03490",20000720,2000,7,20,11.5,16.3,22.5,0
"03490",20000721,2000,7,21,13.2,17.6,22.2,0
"03490",20000722,2000,7,22,12.5,14.4,18,0
"03490",20000723,2000,7,23,11.5,17.8,25.1,1
"03490",20000724,2000,7,24,14.1,18,24.1,7.2
"03490",20000725,2000,7,25,15.7,16.8,19.7,0
"03490",20000726,2000,7,26,15,17,20,0
"03490",20000727,2000,7,27,12.6,17.1,21.2,3.4
"03490",20000728,2000,7,28,12,17,21.9,3
"03490",20000729,2000,7,29,13.5,15.6,19,23.3
"03490",20000730,2000,7,30,13,16.9,21.1,11.6
"03490",20000731,2000,7,31,12.3,18.2,24.2,0
"03490",20000801,2000,8,1,12.5,20,28.5,4
"03490",20000802,2000,8,2,15.1,17.9,23.5,0
"03490",20000803,2000,8,3,12.1,17.5,24.3,0
"03490",20000804,2000,8,4,12,17.6,21.5,0
"03490",20000805,2000,8,5,12.3,17.8,23.3,0
"03490",20000806,2000,8,6,11.7,19.4,23.3,0
"03490",20000807,2000,8,7,17,18.5,23.4,1
"03490",20000808,2000,8,8,17.1,18.7,23.6,0
"03490",20000809,2000,8,9,14,19,24.5,0
"03490",20000810,2000,8,10,14.2,20.4,26.3,0
"03490",20000811,2000,8,11,13.5,18.4,25.6,0
"03490",20000812,2000,8,12,12.5,19.8,28,0
"03490",20000813,2000,8,13,14,20.8,30,0
"03490",20000814,2000,8,14,13.8,22.7,31,10.8
"03490",20000815,2000,8,15,17.2,18.8,26,2.6
"03490",20000816,2000,8,16,15,19.7,26.8,0
"03490",20000817,2000,8,17,14.9,20.4,26.7,0
"03490",20000818,2000,8,18,12.9,20,26,7.1
"03490",20000819,2000,8,19,17.2,20.8,26.2,5.3
"03490",20000820,2000,8,20,16.2,18.8,24.1,9.5
"03490",20000821,2000,8,21,14.9,16.6,19.5,0
"03490",20000822,2000,8,22,10.9,15.6,22.1,0
"03490",20000823,2000,8,23,9.8,16.9,24.2,0
"03490",20000824,2000,8,24,10.5,17.5,26,0
"03490",20000825,2000,8,25,11.5,16.6,24.5,0
"03490",20000826,2000,8,26,12,20,28.5,14.7
"03490",20000827,2000,8,27,11.5,17,19.5,8
"03490",20000828,2000,8,28,12,16.4,21,0.7
"03490",20000829,2000,8,29,11,15.8,21.5,0.2
"03490",20000830,2000,8,30,9.5,15.9,22,0
"03490",20000831,2000,8,31,9.5,16.1,22.5,0
"03490",20000901,2000,9,1,9,14.3,20,2.1
"03490",20000902,2000,9,2,13.4,15.2,19,3.7
"03490",20000903,2000,9,3,12,14.6,17.5,0
"03490",20000904,2000,9,4,12.5,13.2,16.2,12.3
"03490",20000905,2000,9,5,9.8,13.6,19.2,0
"03490",20000906,2000,9,6,8.2,14.2,16.3,3.2
"03490",20000907,2000,9,7,12.8,14.4,18.1,0
"03490",20000908,2000,9,8,11.6,18.3,23.3,0
"03490",20000909,2000,9,9,15.3,17.4,23.3,0
"03490",20000910,2000,9,10,11.9,17.8,25,0
"03490",20000911,2000,9,11,12.9,17,25.8,0
"03490",20000912,2000,9,12,11.3,21.6,29.1,0
"03490",20000913,2000,9,13,15,17,22.5,0
"03490",20000914,2000,9,14,12,16,22.2,0
"03490",20000915,2000,9,15,11.5,18.3,23.6,1.9
"03490",20000916,2000,9,16,12.9,14,21.4,7.7
"03490",20000917,2000,9,17,12.5,15.1,17.3,4.9
"03490",20000918,2000,9,18,12,13.9,20.5,0
"03490",20000919,2000,9,19,9.4,15.6,22.5,0
"03490",20000920,2000,9,20,13.2,13.9,15.1,19.5
"03490",20000921,2000,9,21,11.3,13.6,17.3,0
"03490",20000922,2000,9,22,8,12.8,20,0
"03490",20000923,2000,9,23,9.5,12.8,18.5,0
"03490",20000924,2000,9,24,6.8,13,20.3,2
"03490",20000925,2000,9,25,11.5,15.2,20.1,0.5
"03490",20000926,2000,9,26,11,16,24.4,0
"03490",20000927,2000,9,27,11.2,14.9,21.5,0.3
"03490",20000928,2000,9,28,9.9,16.2,21.6,1.6
"03490",20000929,2000,9,29,12,17.9,24.7,0
"03490",20000930,2000,9,30,11.5,14.6,18.5,31.2
"03490",20001001,2000,10,1,11.2,13.1,17.2,5
"03490",20001002,2000,10,2,9.5,13.2,17.5,0
"03490",20001003,2000,10,3,9,11.6,17.1,0
"03490",20001004,2000,10,4,7.4,12,20.8,0
"03490",20001005,2000,10,5,8,12.8,17.8,0.3
"03490",20001006,2000,10,6,7.1,8.7,13,0
"03490",20001007,2000,10,7,2.5,6.1,12,0
"03490",20001008,2000,10,8,0,8,11.5,7.1
"03490",20001009,2000,10,9,6.6,10.1,14.8,0.7
"03490",20001010,2000,10,10,7.8,9.6,11.5,4.8
"03490",20001011,2000,10,11,6.5,9.5,14.6,2.5
"03490",20001012,2000,10,12,6.5,11.3,16.2,0
"03490",20001013,2000,10,13,8.9,10.5,15,0
"03490",20001014,2000,10,14,6.5,11.1,16.6,0
"03490",20001015,2000,10,15,8.7,11.6,13,0
"03490",20001016,2000,10,16,12.2,14.5,18.5,0.6
"03490",20001017,2000,10,17,7,9.8,16,0
"03490",20001018,2000,10,18,1.3,9.5,12.5,4.4
"03490",20001019,2000,10,19,9,11.4,14.5,0.9
"03490",20001020,2000,10,20,7.3,12.1,15,0
"03490",20001021,2000,10,21,9,11.8,18.2,0
"03490",20001022,2000,10,22,6.6,11.8,21.9,0
"03490",20001023,2000,10,23,5.5,13.3,19.6,0
"03490",20001024,2000,10,24,10.6,12.3,14.6,0
"03490",20001025,2000,10,25,9.5,13.4,16.7,1.9
"03490",20001026,2000,10,26,10.1,10.9,14.7,0
"03490",20001027,2000,10,27,8.2,11.4,12.6,4.4
"03490",20001028,2000,10,28,10.5,12.6,14.6,0
"03490",20001029,2000,10,29,9.7,11.7,14.5,1.7
"03490",20001030,2000,10,30,8.4,10.6,15,4
"03490",20001031,2000,10,31,8.4,10.2,12,0
"03490",20001101,2000,11,1,6,8.1,12,10.8
"03490",20001102,2000,11,2,4.6,9.5,15.3,1.5
"03490",20001103,2000,11,3,4.5,8.2,12.1,0
"03490",20001104,2000,11,4,3.5,8.4,12,0
"03490",20001105,2000,11,5,1.8,6.9,10.9,4.9
"03490",20001106,2000,11,6,5.9,7.9,11.1,2.8
"03490",20001107,2000,11,7,4.5,9.4,10.8,1.1
"03490",20001108,2000,11,8,9,9.2,10.3,0.8
"03490",20001109,2000,11,9,7,8.4,11.5,0
"03490",20001110,2000,11,10,3.9,6.6,9.7,0
"03490",20001111,2000,11,11,3.9,6,10.3,0
"03490",20001112,2000,11,12,1.4,11,13.8,8.4
"03490",20001113,2000,11,13,8,9,10.6,0.2
"03490",20001114,2000,11,14,2.2,5.2,9.5,0.5
"03490",20001115,2000,11,15,1.3,5.9,10.2,0.3
"03490",20001116,2000,11,16,0.3,7,9.9,0
"03490",20001117,2000,11,17,3.5,5.4,7.9,0
"03490",20001118,2000,11,18,5,7.6,9.1,0
"03490",20001119,2000,11,19,7.4,8.5,9.9,0.4
"03490",20001120,2000,11,20,3,5,8.1,1.8
"03490",20001121,2000,11,21,-0.5,5.8,8.6,1.8
"03490",20001122,2000,11,22,4.5,7,11.9,2.5
"03490",20001123,2000,11,23,2.2,9.8,12.2,0
"03490",20001124,2000,11,24,2.7,6.6,11.4,0
"03490",20001125,2000,11,25,-0.5,5.6,10.8,3
"03490",20001126,2000,11,26,4.6,7.5,10.3,0
"03490",20001127,2000,11,27,3.2,5.6,9.3,3.1
"03490",20001128,2000,11,28,3.5,12.7,15.5,0
"03490",20001129,2000,11,29,4.6,11.2,14.1,0
"03490",20001130,2000,11,30,6.6,9.1,13.5,0
"03490",20001201,2000,12,1,5.5,12,14,0.5
"03490",20001202,2000,12,2,8.6,11.3,13.6,0
"03490",20001203,2000,12,3,3.2,6.8,12.7,0
"03490",20001204,2000,12,4,-1,7.6,11.1,1.2
"03490",20001205,2000,12,5,3.2,8.9,12.5,0
"03490",20001206,2000,12,6,7.9,8.9,12,1.7
"03490",20001207,2000,12,7,5.4,9.2,11.9,0.5
"03490",20001208,2000,12,8,5.8,10.5,15.6,0
"03490",20001209,2000,12,9,5.5,10.2,11.8,0
"03490",20001210,2000,12,10,9.1,10.9,12.2,3.3
"03490",20001211,2000,12,11,10.5,13.3,14,0
"03490",20001212,2000,12,12,12.9,14.4,16,0
"03490",20001213,2000,12,13,9,10.7,14.2,2.5
"03490",20001214,2000,12,14,5.9,7,9,5.9
"03490",20001215,2000,12,15,5,5.1,6,1.3
"03490",20001216,2000,12,16,-0.5,2.2,5.5,0
"03490",20001217,2000,12,17,-1.4,1.4,6.4,0
"03490",20001218,2000,12,18,-2,1.9,3.5,3
"03490",20001219,2000,12,19,2.8,4,5.2,0.3
"03490",20001220,2000,12,20,0.8,1.4,3.9,0
"03490",20001221,2000,12,21,-1,-0.2,2.2,0
"03490",20001222,2000,12,22,-5.5,-2.6,0.4,0
"03490",20001223,2000,12,23,-7,-3.2,4,0
"03490",20001224,2000,12,24,-6.5,1.4,6.5,0
"03490",20001225,2000,12,25,0.2,1,4,2.1
"03490",20001226,2000,12,26,-0.3,0.3,1.5,3.2
"03490",20001227,2000,12,27,0.3,2,4,2.5
"03490",20001228,2000,12,28,0.5,1.5,4.2,0.5
"03490",20001229,2000,12,29,-2.3,1.4,4.3,0
"03490",20001230,2000,12,30,-4.5,2,3.5,1
"03490",20001231,2000,12,31,0.1,1.6,5.1,0
"03490",20010101,2001,1,1,0,4.2,7.5,0.3
"03490",20010102,2001,1,2,4.5,9.4,12.5,1.5
"03490",20010103,2001,1,3,6.8,7.2,10.4,0.8
"03490",20010104,2001,1,4,4.5,8.9,10,0.5
"03490",20010105,2001,1,5,7.5,10.4,10.9,12.7
"03490",20010106,2001,1,6,5.3,6.8,10.9,0
"03490",20010107,2001,1,7,-0.5,3.9,8.3,0
"03490",20010108,2001,1,8,-1.9,2.6,4.5,0.4
"03490",20010109,2001,1,9,0,3.7,7.4,0
"03490",20010110,2001,1,10,-2.3,2,3.5,5.9
"03490",20010111,2001,1,11,1.9,3,3.3,0.4
"03490",20010112,2001,1,12,-4,-1.8,3.5,0
"03490",20010113,2001,1,13,-5.6,-2.9,3.3,0
"03490",20010114,2001,1,14,-6.9,-3.7,3.1,0
"03490",20010115,2001,1,15,-5.5,-3,2.3,0
"03490",20010116,2001,1,16,-9,-5.2,0.6,0
"03490",20010117,2001,1,17,-10.6,-5,0.3,0
"03490",20010118,2001,1,18,-4.4,0.8,3.8,0
"03490",20010119,2001,1,19,-3,0.6,2.5,0
"03490",20010120,2001,1,20,-0.8,0.4,1.5,0.5
"03490",20010121,2001,1,21,-3.2,-0.3,2.5,6.1
"03490",20010122,2001,1,22,0,5.6,9,0.7
"03490",20010123,2001,1,23,4.1,9.6,10.3,2.2
"03490",20010124,2001,1,24,6.1,9.5,12.3,0.9
"03490",20010125,2001,1,25,1,7.1,9.6,2.1
"03490",20010126,2001,1,26,3,4.9,7.2,4.9
"03490",20010127,2001,1,27,3,4,5.5,3.7
"03490",20010128,2001,1,28,-1.9,1.5,7.2,0
"03490",20010129,2001,1,29,0.8,3.6,6.2,0.2
"03490",20010130,2001,1,30,-0.9,1.1,5.9,0
"03490",20010131,2001,1,31,-2.9,0,3.9,0
"03490",20010201,2001,2,1,-1.6,1.4,4.2,0.1
"03490",20010202,2001,2,2,-0.5,0.5,2.5,4.1
"03490",20010203,2001,2,3,-0.1,3.9,6.4,9.6
"03490",20010204,2001,2,4,5,8.8,10.8,7.3
"03490",20010205,2001,2,5,7.6,10,11.3,0.4
"03490",20010206,2001,2,6,10.3,12.6,15.5,0.4
"03490",20010207,2001,2,7,8.9,10.6,14.1,1.3
"03490",20010208,2001,2,8,10,12.1,15.6,0
"03490",20010209,2001,2,9,1.7,3.1,10.5,0
"03490",20010210,2001,2,10,-3,2.7,9.3,0
"03490",20010211,2001,2,11,1.6,7.5,13.5,0
"03490",20010212,2001,2,12,5.3,9.1,13.6,4.5
"03490",20010213,2001,2,13,2,4.5,9,0
"03490",20010214,2001,2,14,-0.1,3.3,8.4,0
"03490",20010215,2001,2,15,-1.2,4.6,12.8,0
"03490",20010216,2001,2,16,-1.2,5.1,12.6,12.4
"03490",20010217,2001,2,17,2,4,5.4,0.6
"03490",20010218,2001,2,18,-0.6,3.2,4.9,0
"03490",20010219,2001,2,19,4.2,4.4,5.5,1.2
"03490",20010220,2001,2,20,3.7,4.8,6.1,0.2
"03490",20010221,2001,2,21,1.9,6.4,8.3,3.4
"03490",20010222,2001,2,22,4.8,5.6,8.3,7.2
"03490",20010223,2001,2,23,0.5,1.7,6,7.9
"03490",20010224,2001,2,24,-3.8,-1.8,1.5,0.3
"03490",20010225,2001,2,25,-7.5,-0.8,4.3,1.5
"03490",20010226,2001,2,26,-0.1,1.2,4.6,0
"03490",20010227,2001,2,27,-1.6,3.1,5.9,0
"03490",20010228,2001,2,28,-2.2,2.5,6.3,0
"03490",20010301,2001,3,1,-0.9,0.8,5.4,1.7
"03490",20010302,2001,3,2,-0.9,1,7,0
"03490",20010303,2001,3,3,-1.3,0.3,2.4,1.7
"03490",20010304,2001,3,4,-1,3.4,7.3,8
"03490",20010305,2001,3,5,1,2,4.8,0
"03490",20010306,2001,3,6,-2.9,4.2,9.5,0
"03490",20010307,2001,3,7,3,5.4,8.5,4.7
"03490",20010308,2001,3,8,4.4,8.8,10.9,0
"03490",20010309,2001,3,9,6.4,10.3,13.2,0.6
"03490",20010310,2001,3,10,9.7,11.4,13.5,5.4
"03490",20010311,2001,3,11,10,13.2,15,1.8
"03490",20010312,2001,3,12,5.2,8,14.1,1.2
"03490",20010313,2001,3,13,3.5,7.4,11,3.8
"03490",20010314,2001,3,14,4,7,10.2,2.2
"03490",20010315,2001,3,15,5,7.4,9.6,2.8
"03490",20010316,2001,3,16,6.9,9.2,14,0
"03490",20010317,2001,3,17,5.7,9.1,15.3,1.2
"03490",20010318,2001,3,18,5.2,10.6,12.2,1.3
"03490",20010319,2001,3,19,1.9,2.5,11.1,2.1
"03490",20010320,2001,3,20,-3.6,2,4.6,2
"03490",20010321,2001,3,21,0.5,4.6,8,13.6
"03490",20010322,2001,3,22,4,6.5,10.6,4.2
"03490",20010323,2001,3,23,3.9,10.4,15,9.7
"03490",20010324,2001,3,24,8,10.4,13.9,7.4
"03490",20010325,2001,3,25,2.2,4.1,10.1,3.2
"03490",20010326,2001,3,26,1.5,2.8,3.3,0
"03490",20010327,2001,3,27,1.4,2.9,7.3,1
"03490",20010328,2001,3,28,1.9,6.6,11.1,5.3
"03490",20010329,2001,3,29,5.2,7.3,11.2,0.5
"03490",20010330,2001,3,30,3.9,7.7,10,0.9
"03490",20010331,2001,3,31,0,8.8,14.9,0
"03490",20010401,2001,4,1,3.9,10.4,18.1,0
"03490",20010402,2001,4,2,4.4,12.5,22.4,0.8
"03490",20010403,2001,4,3,8.4,10.9,18.5,0.4
"03490",20010404,2001,4,4,7.4,8.8,15.5,0.9
"03490",20010405,2001,4,5,5.5,8.6,13,0.5
"03490",20010406,2001,4,6,7.9,12,14,3.3
"03490",20010407,2001,4,7,7.5,10.2,14.2,1.5
"03490",20010408,2001,4,8,5,8.2,12,0.6
"03490",20010409,2001,4,9,3.4,7.6,9.8,0.8
"03490",20010410,2001,4,10,7,8.6,12.7,2.4
"03490",20010411,2001,4,11,5.5,9.4,12.6,0.3
"03490",20010412,2001,4,12,4.5,6.2,10.3,0
"03490",20010413,2001,4,13,0.6,3.8,6.2,0.3
"03490",20010414,2001,4,14,-1.5,2.7,7.2,15.5
"03490",20010415,2001,4,15,0.9,7,9.9,8.3
"03490",20010416,2001,4,16,5,6.6,8.5,5.6
"03490",20010417,2001,4,17,4.1,5.3,8.1,1
"03490",20010418,2001,4,18,3.3,5,7.5,1.5
"03490",20010419,2001,4,19,0.5,4.4,8.4,1.4
"03490",20010420,2001,4,20,0.1,3.1,8.8,1.1
"03490",20010421,2001,4,21,-0.4,5.8,9.6,1.2
"03490",20010422,2001,4,22,1.8,7.1,11.6,0
"03490",20010423,2001,4,23,5,9.3,13.5,0
"03490",20010424,2001,4,24,3.5,12,17.1,10.2
"03490",20010425,2001,4,25,8.3,10.1,13.5,7.9
"03490",20010426,2001,4,26,8.3,10.8,13.5,1.3
"03490",20010427,2001,4,27,7.1,10.7,12.9,9.7
"03490",20010428,2001,4,28,8.8,11.3,14.6,2.7
"03490",20010429,2001,4,29,8.5,14,18.3,1.3
"03490",20010430,2001,4,30,9.1,15.4,21.6,0
"03490",20010501,2001,5,1,10.9,15.4,21.7,0
"03490",20010502,2001,5,2,10,19.6,25.2,0
"03490",20010503,2001,5,3,11.1,17.4,24,0
"03490",20010504,2001,5,4,9.1,11.3,16,0
"03490",20010505,2001,5,5,7.5,9.5,10.8,0
"03490",20010506,2001,5,6,5.4,9,11.9,0.9
"03490",20010507,2001,5,7,8.7,12.2,15.5,0
"03490",20010508,2001,5,8,9.5,12.9,18.1,0
"03490",20010509,2001,5,9,8,16.4,25.1,0
"03490",20010510,2001,5,10,8.7,18.1,25.7,0
"03490",20010511,2001,5,11,9,18.5,26.2,0
"03490",20010512,2001,5,12,9.5,17.6,24.6,0
"03490",20010513,2001,5,13,8,16.7,25.6,0
"03490",20010514,2001,5,14,11,16.3,23.6,5.8
"03490",20010515,2001,5,15,10.9,17.3,20.9,0
"03490",20010516,2001,5,16,11.9,16.2,21.5,7.5
"03490",20010517,2001,5,17,11.4,15.1,18.3,0.3
"03490",20010518,2001,5,18,6.5,11.7,15.6,0.3
"03490",20010519,2001,5,19,9.6,12.8,17,0
"03490",20010520,2001,5,20,6.4,13.4,19.1,0
"03490",20010521,2001,5,21,7.2,14.4,19.6,0
"03490",20010522,2001,5,22,6.7,15.6,20.5,0
"03490",20010523,2001,5,23,7.4,16.1,24,0
"03490",20010524,2001,5,24,10.5,18.6,26,0
"03490",20010525,2001,5,25,11,17.6,24.5,0
"03490",20010526,2001,5,26,9.5,19,26.5,0
"03490",20010527,2001,5,27,15,20.7,25.5,0
"03490",20010528,2001,5,28,13.5,22.3,26.5,0
"03490",20010529,2001,5,29,18.5,20.6,25,0
"03490",20010530,2001,5,30,11,18.2,24,0
"03490",20010531,2001,5,31,12.6,15.2,21,0
"03490",20010601,2001,6,1,11.8,15.1,19,4
"03490",20010602,2001,6,2,9.8,11.9,15.5,7
"03490",20010603,2001,6,3,7.5,9.8,13,3.5
"03490",20010604,2001,6,4,8,12.2,15.5,0
"03490",20010605,2001,6,5,9.5,17.3,23,0
"03490",20010606,2001,6,6,11.5,18.3,22,0
"03490",20010607,2001,6,7,11,14.3,20,8.4
"03490",20010608,2001,6,8,10,12.3,17,1.8
"03490",20010609,2001,6,9,7.5,14,18.5,0
"03490",20010610,2001,6,10,11.5,13.8,19.2,5
"03490",20010611,2001,6,11,8.2,10.3,17,4.1
"03490",20010612,2001,6,12,8.8,14.1,19.3,0
"03490",20010613,2001,6,13,8,15.6,22,0
"03490",20010614,2001,6,14,10.6,17,22.5,0
"03490",20010615,2001,6,15,13,17.5,25.4,2
"03490",20010616,2001,6,16,11.9,17.8,23.3,1.5
"03490",20010617,2001,6,17,13.3,15.8,20.2,4.8
"03490",20010618,2001,6,18,13,13.8,16.2,6.1
"03490",20010619,2001,6,19,9.6,11.6,17.2,0
"03490",20010620,2001,6,20,5.6,16,24.5,0
"03490",20010621,2001,6,21,13.5,17,23,0
"03490",20010622,2001,6,22,11,15.1,18,0
"03490",20010623,2001,6,23,11.5,15.8,21.3,0
"03490",20010624,2001,6,24,9.4,18.4,25.5,0
"03490",20010625,2001,6,25,13.5,20.5,28,0
"03490",20010626,2001,6,26,12.5,20.9,31.6,0
"03490",20010627,2001,6,27,12.9,20.4,27.2,0.6
"03490",20010628,2001,6,28,17.6,19.6,24.8,0
"03490",20010629,2001,6,29,15.8,20.3,26.1,0
"03490",20010630,2001,6,30,15.5,19,29.9,13.1
"03490",20010701,2001,7,1,12.8,18.8,23.8,0
"03490",20010702,2001,7,2,12.7,18.1,22,0
"03490",20010703,2001,7,3,11.9,19.2,27,0
"03490",20010704,2001,7,4,9.5,21.2,28.5,0
"03490",20010705,2001,7,5,13,23.3,31.6,0
"03490",20010706,2001,7,6,16.2,24.1,31.4,7.9
"03490",20010707,2001,7,7,18,20.3,24.8,0
"03490",20010708,2001,7,8,18.2,20,21.5,0
"03490",20010709,2001,7,9,15,17.3,22.5,0
"03490",20010710,2001,7,10,12.5,22.3,27.5,1.9
"03490",20010711,2001,7,11,15,17.2,22.5,0.2
"03490",20010712,2001,7,12,13.4,17.1,23,0
"03490",20010713,2001,7,13,9.4,16.7,20.6,8.3
"03490",20010714,2001,7,14,14.6,17.2,22.9,0.7
"03490",20010715,2001,7,15,11.5,16.4,20.2,0
"03490",20010716,2001,7,16,13.8,15.3,19.6,0.9
"03490",20010717,2001,7,17,11.7,18.6,23,0.6
"03490",20010718,2001,7,18,14.5,17.4,22.1,2.2
"03490",20010719,2001,7,19,15,17.4,21.8,0
"03490",20010720,2001,7,20,11.7,15.8,19.5,7.2
"03490",20010721,2001,7,21,9.5,17.3,21.9,0
"03490",20010722,2001,7,22,15.5,20.6,28.5,0
"03490",20010723,2001,7,23,15,18.8,25.5,3.1
"03490",20010724,2001,7,24,16,20.4,26,0
"03490",20010725,2001,7,25,15.1,22,28.1,0
"03490",20010726,2001,7,26,15,21.7,28.4,0
"03490",20010727,2001,7,27,15.5,23.9,31.2,0
"03490",20010728,2001,7,28,17.5,23.9,27.8,0
"03490",20010729,2001,7,29,19,21.2,26.4,0
"03490",20010730,2001,7,30,15.5,23.6,30.9,0
"03490",20010731,2001,7,31,16.6,24.1,31.5,0
"03490",20010801,2001,8,1,16,18.5,24.6,0
"03490",20010802,2001,8,2,12.9,24.2,29.1,0
"03490",20010803,2001,8,3,17.2,20.3,27,8.9
"03490",20010804,2001,8,4,13.5,16.5,23.1,5.6
"03490",20010805,2001,8,5,13,16,22.2,0
"03490",20010806,2001,8,6,12.9,19.4,22.6,0.2
"03490",20010807,2001,8,7,17,19.7,22.6,7.5
"03490",20010808,2001,8,8,15,17.2,21.5,4.8
"03490",20010809,2001,8,9,14.6,17,22.6,4.2
"03490",20010810,2001,8,10,12.2,15.2,19.8,0
"03490",20010811,2001,8,11,10.3,15.7,21.5,0
"03490",20010812,2001,8,12,9,20.2,25.4,0.2
"03490",20010813,2001,8,13,18.3,22,28.6,0
"03490",20010814,2001,8,14,16.6,24.2,32.9,0
"03490",20010815,2001,8,15,17.2,25,34.7,0
"03490",20010816,2001,8,16,18,20.6,26.8,0
"03490",20010817,2001,8,17,12.7,20.1,25.9,0
"03490",20010818,2001,8,18,16.9,21.8,28.9,0.7
"03490",20010819,2001,8,19,17.5,22.4,26.5,0
"03490",20010820,2001,8,20,16.1,20.3,24.1,0.2
"03490",20010821,2001,8,21,14.6,20,27.5,0
"03490",20010822,2001,8,22,15,21,29.5,0
"03490",20010823,2001,8,23,16,22.9,30.1,0
"03490",20010824,2001,8,24,17,25.3,33.6,0
"03490",20010825,2001,8,25,18.1,24.9,33.5,0
"03490",20010826,2001,8,26,17.5,25.8,35.5,0
"03490",20010827,2001,8,27,18.7,19.8,25.4,0.6
"03490",20010828,2001,8,28,10.8,15.6,21.5,0
"03490",20010829,2001,8,29,9,16.4,24,0
"03490",20010830,2001,8,30,9,16.4,23.9,0.2
"03490",20010831,2001,8,31,12.5,15.4,21,0.1
"03490",20010901,2001,9,1,14,16.3,19.5,0
"03490",20010902,2001,9,2,8,16.4,22.5,2.1
"03490",20010903,2001,9,3,15,16.4,19.5,5
"03490",20010904,2001,9,4,13,14.9,18,6.4
"03490",20010905,2001,9,5,12.8,14,17,0.2
"03490",20010906,2001,9,6,11.5,15.4,17.5,13.2
"03490",20010907,2001,9,7,13,14.5,17,5.7
"03490",20010908,2001,9,8,11.2,12.9,19.5,1
"03490",20010909,2001,9,9,9,12.2,14.6,1.1
"03490",20010910,2001,9,10,10.4,12.4,15.7,2.1
"03490",20010911,2001,9,11,9.5,13.2,16.6,3
"03490",20010912,2001,9,12,12.9,15,17.4,0
"03490",20010913,2001,9,13,13,14.4,18.3,5.8
"03490",20010914,2001,9,14,10.5,13.3,16.1,1.2
"03490",20010915,2001,9,15,10.6,13,14.9,6.1
"03490",20010916,2001,9,16,9,11.3,14.7,7.7
"03490",20010917,2001,9,17,7,9.4,14.1,0
"03490",20010918,2001,9,18,3.6,10,15.4,0
"03490",20010919,2001,9,19,10,11.7,14,9.3
"03490",20010920,2001,9,20,10.7,13.9,15.6,1.2
"03490",20010921,2001,9,21,10.4,12.2,16.6,2.9
"03490",20010922,2001,9,22,8.2,11.5,16.2,0.3
"03490",20010923,2001,9,23,5.5,10.3,17.2,0
"03490",20010924,2001,9,24,5.9,10,15.9,0
"03490",20010925,2001,9,25,5.2,11.3,15.9,0.3
"03490",20010926,2001,9,26,7.5,12.5,18,1.9
"03490",20010927,2001,9,27,12,16,20.3,0
"03490",20010928,2001,9,28,9,13.2,21.7,0
"03490",20010929,2001,9,29,7.5,14.7,21.5,3.1
"03490",20010930,2001,9,30,12.8,14.9,21.2,0.2
"03490",20011001,2001,10,1,11.9,17,19.6,1.6
"03490",20011002,2001,10,2,14.2,21.3,25,23.9
"03490",20011003,2001,10,3,15.1,15.4,22.4,2
"03490",20011004,2001,10,4,8.6,13.2,19.2,0
"03490",20011005,2001,10,5,7.5,11.2,18.6,0
"03490",20011006,2001,10,6,8.3,17,21.2,3.4
"03490",20011007,2001,10,7,10.9,14,18.6,0
"03490",20011008,2001,10,8,9.9,13.3,15.6,0
"03490",20011009,2001,10,9,12,14.9,18,0
"03490",20011010,2001,10,10,11.5,15.2,19.2,0
"03490",20011011,2001,10,11,7.8,14.5,20.2,0
"03490",20011012,2001,10,12,5.6,12.3,21,0
"03490",20011013,2001,10,13,7.6,14.2,23.5,0
"03490",20011014,2001,10,14,10.4,14.6,22.2,0.2
"03490",20011015,2001,10,15,9.6,18.1,22.9,0
"03490",20011016,2001,10,16,8.8,12,19.7,0
"03490",20011017,2001,10,17,7,10.8,16.1,0
"03490",20011018,2001,10,18,6.8,14,17.6,0.3
"03490",20011019,2001,10,19,10.3,14.9,20.6,0
"03490",20011020,2001,10,20,7.8,13.8,18.9,0.8
"03490",20011021,2001,10,21,12.1,14.3,15.7,0
"03490",20011022,2001,10,22,6.5,9.8,19.3,0
"03490",20011023,2001,10,23,4.8,11.1,14.5,6.7
"03490",20011024,2001,10,24,8.7,12.9,17.1,1.3
"03490",20011025,2001,10,25,8.1,12.4,16.7,0
"03490",20011026,2001,10,26,6,10.8,17.4,0
"03490",20011027,2001,10,27,9,14.2,16.5,0.7
"03490",20011028,2001,10,28,9.5,11.1,13.5,5.1
"03490",20011029,2001,10,29,7.2,12.5,15.9,0
"03490",20011030,2001,10,30,8.8,18.7,21.4,0
"03490",20011031,2001,10,31,10.1,12.8,20.4,1.5
"03490",20011101,2001,11,1,6.7,8.3,12.5,0
"03490",20011102,2001,11,2,3,6,12.7,0
"03490",20011103,2001,11,3,0.1,5.2,12.6,0
"03490",20011104,2001,11,4,2.8,7.4,9.8,0
"03490",20011105,2001,11,5,3.5,6.6,12.2,0
"03490",20011106,2001,11,6,1.7,9,9.9,1.5
"03490",20011107,2001,11,7,7.8,10.1,12,11.8
"03490",20011108,2001,11,8,3.2,6.3,11.5,7.9
"03490",20011109,2001,11,9,0.2,2.5,5.9,0.3
"03490",20011110,2001,11,10,-4.5,-0.8,5.1,0
"03490",20011111,2001,11,11,-4.5,1.9,4.5,0
"03490",20011112,2001,11,12,3.9,6.4,8.1,4.5
"03490",20011113,2001,11,13,4,5.2,8.5,1.7
"03490",20011114,2001,11,14,-1.5,1.3,5.6,0
"03490",20011115,2001,11,15,-3.1,-0.2,5,0
"03490",20011116,2001,11,16,-1.4,4.1,6.4,0
"03490",20011117,2001,11,17,1.9,3.9,5.5,0
"03490",20011118,2001,11,18,-0.5,1.8,7,0
"03490",20011119,2001,11,19,-0.5,5.5,7.3,0
"03490",20011120,2001,11,20,6,7.1,7.9,0
"03490",20011121,2001,11,21,6.8,7.7,9.3,0
"03490",20011122,2001,11,22,2.5,5.6,8.5,19.5
"03490",20011123,2001,11,23,3.2,4.1,5.5,0
"03490",20011124,2001,11,24,2.9,4.6,6,3.6
"03490",20011125,2001,11,25,3.9,7.3,8.6,6.7
"03490",20011126,2001,11,26,6,6.8,9,8.4
"03490",20011127,2001,11,27,2.7,6,7.5,2
"03490",20011128,2001,11,28,3.5,5.3,8.7,0
"03490",20011129,2001,11,29,1.7,8.2,9,19.2
"03490",20011130,2001,11,30,8.6,10.5,11.9,11.7
"03490",20011201,2001,12,1,9.6,11.4,12.5,2.3
"03490",20011202,2001,12,2,9,9.7,11.4,0.7
"03490",20011203,2001,12,3,8,8.7,9.9,0
"03490",20011204,2001,12,4,5.9,7.5,10.1,3.3
"03490",20011205,2001,12,5,4,9.2,10.9,0
"03490",20011206,2001,12,6,5.5,7,11.5,3.3
"03490",20011207,2001,12,7,1.2,2.3,5.5,0
"03490",20011208,2001,12,8,-2.6,1.6,4.8,0
"03490",20011209,2001,12,9,-3.8,-1.8,2.8,0
"03490",20011210,2001,12,10,-4.5,-0.4,3.2,0
"03490",20011211,2001,12,11,-1.9,1.6,3,0.5
"03490",20011212,2001,12,12,2,3.4,4.8,0
"03490",20011213,2001,12,13,-3,0,4,0
"03490",20011214,2001,12,14,-10.2,-6.8,-1.2,0
"03490",20011215,2001,12,15,-9.3,-3.5,-1,0
"03490",20011216,2001,12,16,-4.5,-2.6,2.3,0
"03490",20011217,2001,12,17,-4.5,-0.5,0.5,0.2
"03490",20011218,2001,12,18,0,1,1.7,1
"03490",20011219,2001,12,19,1.5,4,5,0.5
"03490",20011220,2001,12,20,-1.2,0,3.9,0
"03490",20011221,2001,12,21,-1.7,2.7,3.2,8.8
"03490",20011222,2001,12,22,1,1.4,2.9,3.1
"03490",20011223,2001,12,23,-9.5,-6.2,1.2,0
"03490",20011224,2001,12,24,-9.8,0.7,3,0.5
"03490",20011225,2001,12,25,2.5,3.3,4.8,5
"03490",20011226,2001,12,26,1,1.8,3,1.3
"03490",20011227,2001,12,27,-1.2,2.4,4.1,0.5
"03490",20011228,2001,12,28,4.1,6,8.2,1
"03490",20011229,2001,12,29,0.2,0.8,5.1,4
"03490",20011230,2001,12,30,-1,0.4,2.3,2.1
"03490",20011231,2001,12,31,-4,-2.5,1.5,0.9
"03490",20020101,2002,1,1,-5.3,-2.2,3.4,0
"03490",20020102,2002,1,2,-6.5,-3.6,0,0
"03490",20020103,2002,1,3,-5.1,-3.2,-0.2,0
"03490",20020104,2002,1,4,-8.8,-6.9,-2.2,0
"03490",20020105,2002,1,5,-12.1,-8.8,-2,0
"03490",20020106,2002,1,6,-11.4,-4.4,-1.7,1
"03490",20020107,2002,1,7,-1.7,0.6,1.7,0.8
"03490",20020108,2002,1,8,-3,-0.7,2.9,0
"03490",20020109,2002,1,9,-7,-4.6,-0.2,0
"03490",20020110,2002,1,10,-9.4,-5.8,-1.1,0
"03490",20020111,2002,1,11,-6,-2,2,0.2
"03490",20020112,2002,1,12,-5.3,0.3,3,0.5
"03490",20020113,2002,1,13,-2.1,1,8.3,0
"03490",20020114,2002,1,14,-4.6,-2.7,2,0
"03490",20020115,2002,1,15,-4.4,-0.8,1.3,0.6
"03490",20020116,2002,1,16,-1.5,-1,0.5,0.6
"03490",20020117,2002,1,17,-4,1.5,3.4,1
"03490",20020118,2002,1,18,1,2.4,5.3,0.2
"03490",20020119,2002,1,19,0,6.3,7.3,0.5
"03490",20020120,2002,1,20,4.5,7.8,9.5,0.8
"03490",20020121,2002,1,21,7,8.8,11.2,0
"03490",20020122,2002,1,22,1,6.9,10.1,0
"03490",20020123,2002,1,23,6.1,8.7,9.3,1.5
"03490",20020124,2002,1,24,7,8.8,12.2,2.5
"03490",20020125,2002,1,25,3.8,7.1,8.3,0.4
"03490",20020126,2002,1,26,8.2,11.8,12.6,6.1
"03490",20020127,2002,1,27,9.1,12.3,13.9,12.1
"03490",20020128,2002,1,28,11,12,14.6,1.3
"03490",20020129,2002,1,29,8.5,11,14.9,0
"03490",20020130,2002,1,30,8,11.8,13.9,0
"03490",20020131,2002,1,31,7.5,10.4,14,0
"03490",20020201,2002,2,1,9,11.7,13.4,0
"03490",20020202,2002,2,2,8.5,14.1,18.8,0
"03490",20020203,2002,2,3,2.5,10,17.1,0
"03490",20020204,2002,2,4,8.4,11.2,12.3,0
"03490",20020205,2002,2,5,10,11,13.5,0.8
"03490",20020206,2002,2,6,6.2,8.3,10.9,0
"03490",20020207,2002,2,7,5.6,8.2,10,1.3
"03490",20020208,2002,2,8,6.5,9.9,11.1,0.4
"03490",20020209,2002,2,9,8,10.1,12.9,7
"03490",20020210,2002,2,10,6.3,7.6,8.5,3.4
"03490",20020211,2002,2,11,7.9,11.6,12.5,1.5
"03490",20020212,2002,2,12,9.4,11.4,15,18.4
"03490",20020213,2002,2,13,5.8,6.8,9.5,7.5
"03490",20020214,2002,2,14,0,3.2,8,0
"03490",20020215,2002,2,15,-3.6,0.6,8,0
"03490",20020216,2002,2,16,-4.3,1.5,8.9,0
"03490",20020217,2002,2,17,-2.2,3,10.8,0
"03490",20020218,2002,2,18,0.7,3.1,6.6,2.4
"03490",20020219,2002,2,19,2.2,5.3,7.4,10.5
"03490",20020220,2002,2,20,3,6.2,8.9,14.1
"03490",20020221,2002,2,21,-1.5,0.8,5.3,0
"03490",20020222,2002,2,22,-1.7,6.2,10,8.2
"03490",20020223,2002,2,23,2,3.4,9,6
"03490",20020224,2002,2,24,1.3,4,5.8,3.9
"03490",20020225,2002,2,25,3.9,10.2,12.1,2.3
"03490",20020226,2002,2,26,10.5,12,14.8,6.4
"03490",20020227,2002,2,27,5.5,6.8,11,0
"03490",20020228,2002,2,28,4.6,6.6,9.5,0
"03490",20020301,2002,3,1,3.1,5.2,10.3,0
"03490",20020302,2002,3,2,-2.2,0.8,5.8,0
"03490",20020303,2002,3,3,-0.5,3.9,7.4,0
"03490",20020304,2002,3,4,2,4,9.3,0
"03490",20020305,2002,3,5,-1,5.7,10.7,0
"03490",20020306,2002,3,6,2.5,7.3,11,3
"03490",20020307,2002,3,7,8,10.1,13.3,0
"03490",20020308,2002,3,8,2.1,6.8,14,0
"03490",20020309,2002,3,9,2.7,8.4,11.8,1.2
"03490",20020310,2002,3,10,4,9,12.5,0
"03490",20020311,2002,3,11,0.9,7.6,17,1
"03490",20020312,2002,3,12,5.9,11.2,17.1,0.7
"03490",20020313,2002,3,13,5.5,8.6,15.1,5.9
"03490",20020314,2002,3,14,1,2.5,5.5,11.4
"03490",20020315,2002,3,15,2.1,7.4,10.4,0
"03490",20020316,2002,3,16,1.9,8.3,17.1,0
"03490",20020317,2002,3,17,5.1,10.9,18.3,0
"03490",20020318,2002,3,18,6,11.6,15.6,4.8
"03490",20020319,2002,3,19,9.2,9.8,12.1,5.1
"03490",20020320,2002,3,20,7.5,10.8,14.6,4.6
"03490",20020321,2002,3,21,9.6,12.3,15.5,2.5
"03490",20020322,2002,3,22,7.4,9.2,11.7,8.7
"03490",20020323,2002,3,23,3.8,6.6,8.3,0
"03490",20020324,2002,3,24,0.5,2.5,8.2,0
"03490",20020325,2002,3,25,-1.9,1.5,7.6,0
"03490",20020326,2002,3,26,-4.4,3.1,9.8,0
"03490",20020327,2002,3,27,-2,3.2,10.5,0
"03490",20020328,2002,3,28,-3.8,4.6,14.1,0
"03490",20020329,2002,3,29,-0.8,7.4,16.7,0
"03490",20020330,2002,3,30,2.8,7.6,13.5,0
"03490",20020331,2002,3,31,0.9,10.2,18.1,0
"03490",20020401,2002,4,1,6.5,10.4,19,0
"03490",20020402,2002,4,2,3.1,10,20.5,0
"03490",20020403,2002,4,3,2.3,11.7,20.6,0
"03490",20020404,2002,4,4,3.5,10,18.4,0
"03490",20020405,2002,4,5,-0.1,8.8,15.8,0
"03490",20020406,2002,4,6,-2.1,5.8,11,0
"03490",20020407,2002,4,7,-3.5,5.1,13.6,0
"03490",20020408,2002,4,8,-1.4,5.5,13.9,0
"03490",20020409,2002,4,9,-0.2,7,12.8,0
"03490",20020410,2002,4,10,-0.3,6.2,11.9,0
"03490",20020411,2002,4,11,0,6,12.6,0
"03490",20020412,2002,4,12,0.9,9.3,15.6,0
"03490",20020413,2002,4,13,6.8,7.6,10,2.5
"03490",20020414,2002,4,14,5,6.6,11,1.3
"03490",20020415,2002,4,15,4,7.3,10.8,9.4
"03490",20020416,2002,4,16,3.9,7.1,8.5,12.7
"03490",20020417,2002,4,17,7,8,10,6.1
"03490",20020418,2002,4,18,5.5,9.4,15.9,3.6
"03490",20020419,2002,4,19,4.3,7.3,9,5
"03490",20020420,2002,4,20,6,10.2,14.3,0
"03490",20020421,2002,4,21,3.9,11.2,18.6,0
"03490",20020422,2002,4,22,5.9,12.9,19.2,0
"03490",20020423,2002,4,23,10.2,15.4,17.9,0
"03490",20020424,2002,4,24,11.9,14.9,19.2,0
"03490",20020425,2002,4,25,9,14.5,20.6,0
"03490",20020426,2002,4,26,7.2,11.1,15,2.9
"03490",20020427,2002,4,27,7.4,8.6,12.1,3.9
"03490",20020428,2002,4,28,7.6,11.4,12.2,6.5
"03490",20020429,2002,4,29,7.1,9.4,14.5,1.2
"03490",20020430,2002,4,30,8,14.4,18,0.3
"03490",20020501,2002,5,1,12,13.8,17.7,0
"03490",20020502,2002,5,2,9.3,11,14.9,0
"03490",20020503,2002,5,3,7.6,9.6,11.2,3.4
"03490",20020504,2002,5,4,7.2,8.7,9.9,38.3
"03490",20020505,2002,5,5,5,7.8,9.7,0.5
"03490",20020506,2002,5,6,1.7,8.8,13.1,0.6
"03490",20020507,2002,5,7,4.3,12.4,20.5,0
"03490",20020508,2002,5,8,8,16,22.1,0
"03490",20020509,2002,5,9,10.5,17.8,26,0.4
"03490",20020510,2002,5,10,15.4,18,21.8,2.9
"03490",20020511,2002,5,11,13.6,15.3,18.9,7.4
"03490",20020512,2002,5,12,11.5,12.5,16.4,10.2
"03490",20020513,2002,5,13,7.5,14.2,20.1,0
"03490",20020514,2002,5,14,11.5,13.6,18,1.5
"03490",20020515,2002,5,15,9.1,15.3,20.6,0
"03490",20020516,2002,5,16,9.1,17.8,26.3,0
"03490",20020517,2002,5,17,12,20.3,28.1,0
"03490",20020518,2002,5,18,13.3,16,20.5,1.2
"03490",20020519,2002,5,19,9.2,17,21.1,0
"03490",20020520,2002,5,20,10.5,15.4,23,0
"03490",20020521,2002,5,21,8,20.5,25.2,0
"03490",20020522,2002,5,22,12,18.8,24,0
"03490",20020523,2002,5,23,14,14.8,17,2.3
"03490",20020524,2002,5,24,9,15.6,19.5,0.3
"03490",20020525,2002,5,25,10.5,13.3,18.2,0.1
"03490",20020526,2002,5,26,5.5,13.6,19,0
"03490",20020527,2002,5,27,7.6,14,19.5,0
"03490",20020528,2002,5,28,7.5,14.2,21.5,0.7
"03490",20020529,2002,5,29,11,15,18,0.2
"03490",20020530,2002,5,30,6.6,13.3,18.7,0
"03490",20020531,2002,5,31,8,15.1,21,0
"03490",20020601,2002,6,1,7.5,14.9,22,0
"03490",20020602,2002,6,2,6,18.7,25.5,0
"03490",20020603,2002,6,3,9,18.4,25.5,3.9
"03490",20020604,2002,6,4,12.5,20,26.8,0
"03490",20020605,2002,6,5,15,18.6,23.8,8.6
"03490",20020606,2002,6,6,12.5,17.8,22.2,19
"03490",20020607,2002,6,7,14.5,16.6,21.5,0
"03490",20020608,2002,6,8,12.1,17.1,20.9,0
"03490",20020609,2002,6,9,13.5,16.6,22.2,1.5
"03490",20020610,2002,6,10,12,13.9,18.4,3.5
"03490",20020611,2002,6,11,10.6,15.2,20.6,0.6
"03490",20020612,2002,6,12,13.2,18.3,21.9,3
"03490",20020613,2002,6,13,14.5,17.6,20,0.3
"03490",20020614,2002,6,14,14.6,22.4,26.8,2.9
"03490",20020615,2002,6,15,17,19.7,24.3,0
"03490",20020616,2002,6,16,12.6,20.6,27.2,0
"03490",20020617,2002,6,17,14,24.2,33.6,0
"03490",20020618,2002,6,18,19,26.1,36,0
"03490",20020619,2002,6,19,18,21.7,25.6,13
"03490",20020620,2002,6,20,17.5,20.1,27,10
"03490",20020621,2002,6,21,16.5,19.4,22.9,0
"03490",20020622,2002,6,22,15.9,22.6,27.5,0
"03490",20020623,2002,6,23,15.9,18.6,22.5,0
"03490",20020624,2002,6,24,13.6,18.8,21.7,0
"03490",20020625,2002,6,25,9.7,17,23.5,0
"03490",20020626,2002,6,26,12.5,19.3,27.4,0
"03490",20020627,2002,6,27,13.1,17.9,22.5,0
"03490",20020628,2002,6,28,9.6,14.1,18.9,0
"03490",20020629,2002,6,29,11.9,14.6,19,0
"03490",20020630,2002,6,30,9,17.8,24.5,0
"03490",20020701,2002,7,1,12,15.8,17.5,5.5
"03490",20020702,2002,7,2,13,15.8,19.1,1
"03490",20020703,2002,7,3,13.5,15.8,19,7.4
"03490",20020704,2002,7,4,14.5,16.8,20.9,1
"03490",20020705,2002,7,5,11.5,18.2,24.1,0
"03490",20020706,2002,7,6,14.2,17.8,22.3,12.8
"03490",20020707,2002,7,7,14.5,17.8,23.7,0
"03490",20020708,2002,7,8,11.6,20.8,29.5,0
"03490",20020709,2002,7,9,15.7,21.5,31.6,17
"03490",20020710,2002,7,10,13,13.6,17.4,27.5
"03490",20020711,2002,7,11,11.6,16.4,22.6,0.5
"03490",20020712,2002,7,12,10.4,18,23.8,3.8
"03490",20020713,2002,7,13,15.6,17.4,21.1,4.9
"03490",20020714,2002,7,14,15.6,18,19.1,3
"03490",20020715,2002,7,15,17.8,19.2,23.5,0
"03490",20020716,2002,7,16,18.1,19.3,21.2,1.7
"03490",20020717,2002,7,17,16.7,17.7,19.5,1
"03490",20020718,2002,7,18,13.9,15.1,19.6,0
"03490",20020719,2002,7,19,12.9,15,20.6,0
"03490",20020720,2002,7,20,10,19,27.1,3.8
"03490",20020721,2002,7,21,13,16.8,21.6,0
"03490",20020722,2002,7,22,12.5,16,20.6,0
"03490",20020723,2002,7,23,12.8,18.8,22.5,0.2
"03490",20020724,2002,7,24,17.1,17.4,20,3
"03490",20020725,2002,7,25,13.6,17.8,21.2,1
"03490",20020726,2002,7,26,15,19,22,0
"03490",20020727,2002,7,27,16.7,21.2,28,0
"03490",20020728,2002,7,28,13.5,21.3,30,0
"03490",20020729,2002,7,29,15.5,23.4,32.2,0
"03490",20020730,2002,7,30,18.4,22.2,32.6,18.3
"03490",20020731,2002,7,31,17.2,21.3,27,13.5
"03490",20020801,2002,8,1,18.1,19,21.5,0.6
"03490",20020802,2002,8,2,16,18.6,25.2,0.2
"03490",20020803,2002,8,3,13.5,17.4,21.1,2.1
"03490",20020804,2002,8,4,13.4,18.9,23.9,4.9
"03490",20020805,2002,8,5,14.6,17.9,22.5,0.5
"03490",20020806,2002,8,6,12.4,15.8,20.6,14
"03490",20020807,2002,8,7,15.6,18,22.1,0
"03490",20020808,2002,8,8,14.9,18,23.5,0
"03490",20020809,2002,8,9,12.1,16.9,23.5,10.9
"03490",20020810,2002,8,10,14.9,18.3,22.1,0.2
"03490",20020811,2002,8,11,16.8,17.4,19.2,2.2
"03490",20020812,2002,8,12,15.1,19.2,22.5,0
"03490",20020813,2002,8,13,16.9,19.4,22.6,0
"03490",20020814,2002,8,14,14.1,19.5,25.6,0
"03490",20020815,2002,8,15,13.9,20.3,27.9,0
"03490",20020816,2002,8,16,14.6,21.7,28.6,0
"03490",20020817,2002,8,17,15.1,21.4,29.6,0
"03490",20020818,2002,8,18,15.3,21.4,29.9,0
"03490",20020819,2002,8,19,16.9,22.2,30.7,14.8
"03490",20020820,2002,8,20,15,21.1,27.5,18.5
"03490",20020821,2002,8,21,15.2,16.8,20,12
"03490",20020822,2002,8,22,16.2,17,18.1,0.5
"03490",20020823,2002,8,23,16.5,19,23.1,0
"03490",20020824,2002,8,24,16,17.7,22,4.1
"03490",20020825,2002,8,25,12.6,16.8,20.3,0
"03490",20020826,2002,8,26,13.8,20.8,26,0
"03490",20020827,2002,8,27,18.6,19.6,21.4,0
"03490",20020828,2002,8,28,19.2,20.5,24,7
"03490",20020829,2002,8,29,17.6,19.3,23,14.8
"03490",20020830,2002,8,30,15.5,20.5,26.2,0
"03490",20020831,2002,8,31,15.5,18.5,23.2,0.5
"03490",20020901,2002,9,1,12.5,15.6,19.5,0
"03490",20020902,2002,9,2,8.5,14.6,23.5,0
"03490",20020903,2002,9,3,7.5,14.6,22.5,1.4
"03490",20020904,2002,9,4,11.5,17,22,0
"03490",20020905,2002,9,5,12.5,17.1,22,0
"03490",20020906,2002,9,6,11.5,18,23,0
"03490",20020907,2002,9,7,10.5,17.2,23.5,0
"03490",20020908,2002,9,8,11,17.8,25.5,0
"03490",20020909,2002,9,9,12.5,18.5,26,2.9
"03490",20020910,2002,9,10,13.1,14.4,19.2,0.1
"03490",20020911,2002,9,11,11.5,16,18,0
"03490",20020912,2002,9,12,14,17.3,23.5,0
"03490",20020913,2002,9,13,6.5,14.8,23.5,0
"03490",20020914,2002,9,14,9,15.2,21,0
"03490",20020915,2002,9,15,10.6,14,20,0
"03490",20020916,2002,9,16,7,12.6,18,0
"03490",20020917,2002,9,17,9.5,13,17.5,0
"03490",20020918,2002,9,18,8.5,11.5,19,0
"03490",20020919,2002,9,19,6.9,13.5,20.2,0
"03490",20020920,2002,9,20,11.8,14.4,18.2,0
"03490",20020921,2002,9,21,11.5,12.8,15.6,0.6
"03490",20020922,2002,9,22,9.3,11.6,17.6,9
"03490",20020923,2002,9,23,9.3,10.4,13.8,0.5
"03490",20020924,2002,9,24,5.5,8.6,15.9,0
"03490",20020925,2002,9,25,4.5,10.4,12.4,2.9
"03490",20020926,2002,9,26,11.2,11.5,13,4.7
"03490",20020927,2002,9,27,8.5,11.3,16.2,1.5
"03490",20020928,2002,9,28,5.5,10.8,17.2,0
"03490",20020929,2002,9,29,8,10.7,18.6,0
"03490",20020930,2002,9,30,4.3,9,19.6,0
"03490",20021001,2002,10,1,2.7,10.2,19.9,0
"03490",20021002,2002,10,2,6.3,11.8,19,0
"03490",20021003,2002,10,3,10.4,15,19.1,2.7
"03490",20021004,2002,10,4,11.9,13.2,17.5,0
"03490",20021005,2002,10,5,7.5,12.1,15.2,10.5
"03490",20021006,2002,10,6,9.9,10.7,13.3,2.3
"03490",20021007,2002,10,7,4.9,8.7,11.9,0
"03490",20021008,2002,10,8,2.4,6.2,11.4,0
"03490",20021009,2002,10,9,0,9.7,14.4,0
"03490",20021010,2002,10,10,4.4,7.1,14.6,0
"03490",20021011,2002,10,11,1,7.2,10,0
"03490",20021012,2002,10,12,6.6,7.7,10.1,0.5
"03490",20021013,2002,10,13,7,8.6,10.3,0
"03490",20021014,2002,10,14,7.2,10.6,13.7,0
"03490",20021015,2002,10,15,9.8,13,14.9,3.6
"03490",20021016,2002,10,16,10,13.5,16.4,5.9
"03490",20021017,2002,10,17,8,9.8,13.5,11.8
"03490",20021018,2002,10,18,6.1,8.4,11.2,0
"03490",20021019,2002,10,19,5,7,12.1,0
"03490",20021020,2002,10,20,-0.3,6.2,10.4,1.5
"03490",20021021,2002,10,21,6.1,11.8,17.6,2.7
"03490",20021022,2002,10,22,10.5,14.4,18.1,5.5
"03490",20021023,2002,10,23,7.1,10.8,15.1,1
"03490",20021024,2002,10,24,6.5,10.3,14,0.2
"03490",20021025,2002,10,25,9,12.2,14.4,10.3
"03490",20021026,2002,10,26,8.5,10.8,15.4,5.5
"03490",20021027,2002,10,27,6.8,12.6,18.2,0.7
"03490",20021028,2002,10,28,5,7.8,13,0
"03490",20021029,2002,10,29,4,8.1,11,0.6
"03490",20021030,2002,10,30,8.7,11,12.1,3.5
"03490",20021031,2002,10,31,8.2,10.6,12.3,0
"03490",20021101,2002,11,1,6,12.4,16.3,7.5
"03490",20021102,2002,11,2,8.9,11.5,16.5,8.5
"03490",20021103,2002,11,3,9,11.7,15.1,4.2
"03490",20021104,2002,11,4,8.5,9.7,12.5,5.6
"03490",20021105,2002,11,5,8.5,9,10.4,0.2
"03490",20021106,2002,11,6,1.8,7.1,11.1,2.5
"03490",20021107,2002,11,7,5.1,6.8,8,5.5
"03490",20021108,2002,11,8,4.8,6.7,8.1,9
"03490",20021109,2002,11,9,7,9,10.4,0
"03490",20021110,2002,11,10,1.9,6.3,8.3,16.3
"03490",20021111,2002,11,11,7.5,10.8,12.2,0.4
"03490",20021112,2002,11,12,4.1,10.2,12.9,0
"03490",20021113,2002,11,13,5,8,13.1,0.9
"03490",20021114,2002,11,14,5,7.9,12.6,1.5
"03490",20021115,2002,11,15,4.3,7.1,11.1,1.8
"03490",20021116,2002,11,16,6.1,8.2,9.5,9.9
"03490",20021117,2002,11,17,7.1,8.4,12.2,0
"03490",20021118,2002,11,18,3.5,7,10,0
"03490",20021119,2002,11,19,5.2,7.3,9.1,0
"03490",20021120,2002,11,20,2,5.2,10.1,0
"03490",20021121,2002,11,21,3,9,13.6,0
"03490",20021122,2002,11,22,3.8,6.3,12,0.3
"03490",20021123,2002,11,23,1,7.3,10.9,0.3
"03490",20021124,2002,11,24,4.9,7,10.3,0.3
"03490",20021125,2002,11,25,5,7,8.4,2.9
"03490",20021126,2002,11,26,6.1,7.7,11.5,0
"03490",20021127,2002,11,27,2.2,8.2,10.2,0
"03490",20021128,2002,11,28,3.2,8,11.2,1.2
"03490",20021129,2002,11,29,6.2,7.6,12.5,0.8
"03490",20021130,2002,11,30,6,8,10.2,0
"03490",20021201,2002,12,1,6.2,7.6,9.2,4.7
"03490",20021202,2002,12,2,4.4,6.1,8.2,0
"03490",20021203,2002,12,3,4.1,6,8.5,0
"03490",20021204,2002,12,4,3.5,5,9.4,0.3
"03490",20021205,2002,12,5,3.4,5.3,6.5,0.4
"03490",20021206,2002,12,6,1.9,2.5,5.8,0
"03490",20021207,2002,12,7,0,1,2.6,0
"03490",20021208,2002,12,8,-1.3,-0.5,1.2,0
"03490",20021209,2002,12,9,-6.5,-4.8,-1,0
"03490",20021210,2002,12,10,-7.8,-4.6,-2.1,0
"03490",20021211,2002,12,11,-7.7,-5,-2.9,0
"03490",20021212,2002,12,12,-5.4,-4,-0.5,0
"03490",20021213,2002,12,13,-6,0.2,2.1,1
"03490",20021214,2002,12,14,0,1.9,3.2,0
"03490",20021215,2002,12,15,1.7,2.8,3.2,0.5
"03490",20021216,2002,12,16,3,7.7,8.5,0
"03490",20021217,2002,12,17,0.9,1.7,7.3,1.3
"03490",20021218,2002,12,18,-1.1,0,2.3,0
"03490",20021219,2002,12,19,-2.1,-0.8,3,0
"03490",20021220,2002,12,20,-4.2,0.6,2.1,0.9
"03490",20021221,2002,12,21,1.8,4.2,5.3,0.7
"03490",20021222,2002,12,22,4.2,8.7,12.5,8.2
"03490",20021223,2002,12,23,6.2,7.6,10.8,0
"03490",20021224,2002,12,24,7.2,9.8,12.5,1.5
"03490",20021225,2002,12,25,7.9,9.7,13.1,0
"03490",20021226,2002,12,26,6,7.8,11.4,1.8
"03490",20021227,2002,12,27,5.6,10.2,13.4,1
"03490",20021228,2002,12,28,8,10,12.3,2.5
"03490",20021229,2002,12,29,6.8,10.1,13,9.9
"03490",20021230,2002,12,30,11.8,12.6,14.4,11.4
"03490",20021231,2002,12,31,0.5,1.6,11.8,1
"03490",20030101,2003,1,1,0.5,7.7,11.1,5.2
"03490",20030102,2003,1,2,9.5,11.8,14.3,16.2
"03490",20030103,2003,1,3,6.2,8,11.4,2.7
"03490",20030104,2003,1,4,-0.5,0.3,6.9,0
"03490",20030105,2003,1,5,-2.5,-0.8,0.5,0.3
"03490",20030106,2003,1,6,-3.8,-2.7,-0.6,0.5
"03490",20030107,2003,1,7,-8.3,-6.1,-3.6,0.2
"03490",20030108,2003,1,8,-13.2,-10.4,-3.7,0
"03490",20030109,2003,1,9,-14,-9.2,-3.1,0
"03490",20030110,2003,1,10,-12.5,-7.1,-4,0
"03490",20030111,2003,1,11,-7,-4.7,0,0
"03490",20030112,2003,1,12,-8,-5.9,-2,0
"03490",20030113,2003,1,13,-8.2,3.9,5.2,5.6
"03490",20030114,2003,1,14,5.2,6.6,8.5,0
"03490",20030115,2003,1,15,4.4,4.9,6.3,1.1
"03490",20030116,2003,1,16,4.1,5.3,8.2,0
"03490",20030117,2003,1,17,-3.2,1.6,6.2,0
"03490",20030118,2003,1,18,-1.8,1.2,5.5,0
"03490",20030119,2003,1,19,-3.4,6,8,0
"03490",20030120,2003,1,20,7.5,8.4,9.5,0
"03490",20030121,2003,1,21,5.9,7.1,8.5,0.9
"03490",20030122,2003,1,22,5.4,7.1,9.5,0.6
"03490",20030123,2003,1,23,3.6,6.7,7.2,1.6
"03490",20030124,2003,1,24,-0.1,1.6,6.8,0
"03490",20030125,2003,1,25,-4,1.1,5,0.7
"03490",20030126,2003,1,26,1.2,4.5,6.7,4.6
"03490",20030127,2003,1,27,4.5,10.4,11.5,3.3
"03490",20030128,2003,1,28,3,4.3,11.1,4
"03490",20030129,2003,1,29,2,2.8,5.2,4.1
"03490",20030130,2003,1,30,-0.4,0.4,3.1,1.4
"03490",20030131,2003,1,31,-5.9,-3.4,-0.4,0
"03490",20030201,2003,2,1,-7.5,-3,0,0.5
"03490",20030202,2003,2,2,-2.2,3.7,5.1,8.1
"03490",20030203,2003,2,3,0.6,1.8,6.1,10
"03490",20030204,2003,2,4,0.2,2,3.4,2.3
"03490",20030205,2003,2,5,0.5,2.8,3.3,2.6
"03490",20030206,2003,2,6,-1.4,0.3,3.1,0
"03490",20030207,2003,2,7,-1.4,2.7,3.1,0
"03490",20030208,2003,2,8,1.6,4.1,6.4,0
"03490",20030209,2003,2,9,-0.1,1.8,5.3,0
"03490",20030210,2003,2,10,-3.9,-0.8,3.3,0
"03490",20030211,2003,2,11,-4.6,-2.1,1.8,0
"03490",20030212,2003,2,12,-4.8,-3.3,-1.2,0
"03490",20030213,2003,2,13,-7.8,-3.2,2.1,0
"03490",20030214,2003,2,14,-5.5,-2.5,3.4,0
"03490",20030215,2003,2,15,-5.7,-1,2.6,0
"03490",20030216,2003,2,16,-2.9,-1.4,1.5,0
"03490",20030217,2003,2,17,-9.4,-4.4,1.6,0
"03490",20030218,2003,2,18,-9.8,-3.9,3.2,0
"03490",20030219,2003,2,19,-6.8,-1.5,5.1,0
"03490",20030220,2003,2,20,-6.5,-1.4,7.1,0
"03490",20030221,2003,2,21,-6.4,-0.4,8.4,0
"03490",20030222,2003,2,22,-5.5,0.2,8.9,0
"03490",20030223,2003,2,23,-4.4,1.2,12,0
"03490",20030224,2003,2,24,-4.5,1.6,13.6,0
"03490",20030225,2003,2,25,-5.5,0.2,10.5,0
"03490",20030226,2003,2,26,-5.4,2,7.8,0.5
"03490",20030227,2003,2,27,0,7.3,18,0
"03490",20030228,2003,2,28,-0.5,6.4,15.5,1.5
"03490",20030301,2003,3,1,1.5,9.4,10.8,3.1
"03490",20030302,2003,3,2,5.4,7.4,11.1,2
"03490",20030303,2003,3,3,4.5,5.5,7.3,0.3
"03490",20030304,2003,3,4,-0.9,7.2,11.5,0
"03490",20030305,2003,3,5,1,10.1,15.5,0
"03490",20030306,2003,3,6,6.4,7.4,10.2,10.9
"03490",20030307,2003,3,7,0.5,6.2,11.5,0
"03490",20030308,2003,3,8,4,9.1,12.3,0
"03490",20030309,2003,3,9,8,12.5,17.4,0
"03490",20030310,2003,3,10,4.5,10.7,15.9,0
"03490",20030311,2003,3,11,8.2,12.8,16,1.3
"03490",20030312,2003,3,12,7.5,8.2,14,0
"03490",20030313,2003,3,13,1.5,3.8,10.2,0
"03490",20030314,2003,3,14,-1.9,3.8,11.1,0
"03490",20030315,2003,3,15,-2.9,2.5,10.3,0
"03490",20030316,2003,3,16,-3.5,3.7,12.4,0
"03490",20030317,2003,3,17,0.6,5.3,13.3,0
"03490",20030318,2003,3,18,-1.6,5.8,13.5,0
"03490",20030319,2003,3,19,0.6,5.9,13.3,0
"03490",20030320,2003,3,20,1.5,3.7,6.6,0
"03490",20030321,2003,3,21,-2.3,3.4,10.3,0
"03490",20030322,2003,3,22,-4,3.6,13.3,0
"03490",20030323,2003,3,23,-2.5,5.4,17.5,0
"03490",20030324,2003,3,24,-1.7,10.6,22,0
"03490",20030325,2003,3,25,8.7,11.3,16.8,0
"03490",20030326,2003,3,26,6.6,10.5,16.6,0
"03490",20030327,2003,3,27,5,11.8,19.5,0
"03490",20030328,2003,3,28,4,12.8,20.9,0
"03490",20030329,2003,3,29,10,13.1,18.6,6.7
"03490",20030330,2003,3,30,10.4,12.1,17,0
"03490",20030331,2003,3,31,6,8.6,13.5,0
"03490",20030401,2003,4,1,0,8.7,18.1,8.5
"03490",20030402,2003,4,2,3,4,9.6,10
"03490",20030403,2003,4,3,1.5,4.9,9,0.3
"03490",20030404,2003,4,4,0,7.2,10.5,0
"03490",20030405,2003,4,5,5.7,8,12.1,0
"03490",20030406,2003,4,6,3,5,8.1,0
"03490",20030407,2003,4,7,-4.3,0.8,6.6,0
"03490",20030408,2003,4,8,-4.7,1.4,7.8,0
"03490",20030409,2003,4,9,-5.2,1.4,8,0
"03490",20030410,2003,4,10,-1.5,2.1,7,0
"03490",20030411,2003,4,11,-1.8,3.6,11,0
"03490",20030412,2003,4,12,-2.3,8.8,14.4,0
"03490",20030413,2003,4,13,3.4,10.7,19,0
"03490",20030414,2003,4,14,2.5,11.5,21.4,0
"03490",20030415,2003,4,15,3.5,14.8,24.4,0
"03490",20030416,2003,4,16,6,16.3,24.5,0
"03490",20030417,2003,4,17,5.8,14.2,22.5,0
"03490",20030418,2003,4,18,6,12,18.6,0
"03490",20030419,2003,4,19,3.5,6.3,10.9,0
"03490",20030420,2003,4,20,1,9.8,18.3,0
"03490",20030421,2003,4,21,7.5,16,23.9,0.5
"03490",20030422,2003,4,22,12.9,13.3,16,0
"03490",20030423,2003,4,23,7.8,13.9,19.5,0
"03490",20030424,2003,4,24,7.4,14.1,23,0
"03490",20030425,2003,4,25,6.8,17.6,26.1,0
"03490",20030426,2003,4,26,13.1,14.3,18.6,9.8
"03490",20030427,2003,4,27,9.2,12.4,16.5,2.3
"03490",20030428,2003,4,28,10.4,19.2,24.5,0.7
"03490",20030429,2003,4,29,12,15,20.8,0.7
"03490",20030430,2003,4,30,10.5,13.8,16.5,13.3
"03490",20030501,2003,5,1,10.9,13.5,17.5,0
"03490",20030502,2003,5,2,5.5,14,21.5,2.4
"03490",20030503,2003,5,3,10.2,12.6,18,0
"03490",20030504,2003,5,4,4.5,15.2,25.1,0
"03490",20030505,2003,5,5,8.4,18.4,26.1,0
"03490",20030506,2003,5,6,11.9,12.8,18,0
"03490",20030507,2003,5,7,10.2,14.8,21.1,0
"03490",20030508,2003,5,8,8.5,16.3,24,4.2
"03490",20030509,2003,5,9,11.8,13.3,20.4,5.5
"03490",20030510,2003,5,10,11.1,13.1,19,0
"03490",20030511,2003,5,11,6.6,15.5,22.2,0
"03490",20030512,2003,5,12,11,15.3,20.2,2.5
"03490",20030513,2003,5,13,7.8,9,15.1,1
"03490",20030514,2003,5,14,6.6,9.4,13.1,0.9
"03490",20030515,2003,5,15,5.3,9.2,15,0.2
"03490",20030516,2003,5,16,4.1,11.9,19,0
"03490",20030517,2003,5,17,8.9,14.6,18.4,0.1
"03490",20030518,2003,5,18,14.1,15.8,20.6,6.9
"03490",20030519,2003,5,19,10.6,13.1,15.1,10.8
"03490",20030520,2003,5,20,9.8,13,17.2,2.9
"03490",20030521,2003,5,21,9.4,13,16.7,1.8
"03490",20030522,2003,5,22,11,14.2,17.5,0.5
"03490",20030523,2003,5,23,13,16.2,22.3,0.3
"03490",20030524,2003,5,24,10.9,17.1,21.4,6.3
"03490",20030525,2003,5,25,12.9,14.1,18.2,0
"03490",20030526,2003,5,26,9.1,16.1,20.2,0
"03490",20030527,2003,5,27,11.9,17.5,21.5,0
"03490",20030528,2003,5,28,13,18.3,24.6,0
"03490",20030529,2003,5,29,11.6,19.4,27.2,0
"03490",20030530,2003,5,30,14.1,21.8,29.6,0
"03490",20030531,2003,5,31,15.6,20.4,27.3,0
"03490",20030601,2003,6,1,13.6,20.4,28.9,0
"03490",20030602,2003,6,2,15,23.4,29.6,0
"03490",20030603,2003,6,3,16.1,22.6,29.8,0.5
"03490",20030604,2003,6,4,17.6,24.3,31.5,0
"03490",20030605,2003,6,5,16.4,18,23.5,1.2
"03490",20030606,2003,6,6,13.1,20.6,26.3,0
"03490",20030607,2003,6,7,15.8,23.9,29.8,0
"03490",20030608,2003,6,8,18,23.2,31.9,8.5
"03490",20030609,2003,6,9,10.5,17.9,24.5,0
"03490",20030610,2003,6,10,12,22.2,32.1,14.5
"03490",20030611,2003,6,11,18.7,21.3,25.5,0
"03490",20030612,2003,6,12,16.5,23,28.5,0
"03490",20030613,2003,6,13,17,20.9,25.5,0
"03490",20030614,2003,6,14,13.2,19.2,23.5,4.5
"03490",20030615,2003,6,15,13.6,21.7,25.5,0
"03490",20030616,2003,6,16,13.6,19.3,25.7,0
"03490",20030617,2003,6,17,12.9,21.7,30.2,7
"03490",20030618,2003,6,18,17.8,21.2,23.9,0
"03490",20030619,2003,6,19,18,20.5,23.5,0
"03490",20030620,2003,6,20,16.5,18.2,22.5,0
"03490",20030621,2003,6,21,9.1,16,21.6,0
"03490",20030622,2003,6,22,11,21.5,29.5,1.8
"03490",20030623,2003,6,23,14.8,21.8,31.3,0
"03490",20030624,2003,6,24,13.5,19.6,25,0
"03490",20030625,2003,6,25,11.6,18.6,25.5,0
"03490",20030626,2003,6,26,12.5,20.6,28.5,0
"03490",20030627,2003,6,27,13.8,20.8,27.9,8.1
"03490",20030628,2003,6,28,17.5,20,23.5,0
"03490",20030629,2003,6,29,13.9,20.4,27.1,0
"03490",20030630,2003,6,30,14,20.6,23,3.5
"03490",20030701,2003,7,1,13.4,18.4,23,1.9
"03490",20030702,2003,7,2,15.2,18.6,22,1.9
"03490",20030703,2003,7,3,14.5,16.6,20.8,0.7
"03490",20030704,2003,7,4,14,16.2,19.6,2.2
"03490",20030705,2003,7,5,14.8,16.4,18.4,0
"03490",20030706,2003,7,6,14.5,17.8,21.5,0
"03490",20030707,2003,7,7,13.4,18.6,24.3,0
"03490",20030708,2003,7,8,13,20.4,26.6,0
"03490",20030709,2003,7,9,15.2,19,22.5,0
"03490",20030710,2003,7,10,13.5,20.8,26.5,0
"03490",20030711,2003,7,11,14,23.4,30.7,0
"03490",20030712,2003,7,12,15,18.3,23.5,0
"03490",20030713,2003,7,13,12.9,20.3,27.4,0
"03490",20030714,2003,7,14,10.9,21.3,28.7,0
"03490",20030715,2003,7,15,12.6,23.8,32.2,0
"03490",20030716,2003,7,16,15.8,27.4,35.7,0
"03490",20030717,2003,7,17,18.1,21,26.5,0
"03490",20030718,2003,7,18,14.6,21.1,28.2,0
"03490",20030719,2003,7,19,15.4,23.6,32.4,0
"03490",20030720,2003,7,20,15.7,25.5,37.4,0.9
"03490",20030721,2003,7,21,17.8,23.8,29.7,9.3
"03490",20030722,2003,7,22,18.3,21.9,28,0
"03490",20030723,2003,7,23,16.5,22.2,27.5,1
"03490",20030724,2003,7,24,16.5,19.3,28,10.3
"03490",20030725,2003,7,25,15.5,20.5,27.5,0.8
"03490",20030726,2003,7,26,18.4,21,26,0.5
"03490",20030727,2003,7,27,19.1,22.2,26.1,1.7
"03490",20030728,2003,7,28,15,17.8,24.4,0
"03490",20030729,2003,7,29,11.9,19.3,27.5,0
"03490",20030730,2003,7,30,13.8,18.1,22.2,22.3
"03490",20030731,2003,7,31,16.5,20.4,26,0
"03490",20030801,2003,8,1,16.3,22.3,29.9,0
"03490",20030802,2003,8,2,17.2,24.2,30.6,0
"03490",20030803,2003,8,3,17.6,24.3,31.5,0
"03490",20030804,2003,8,4,18.4,24.7,32.6,0
"03490",20030805,2003,8,5,18.6,25.5,33.1,0
"03490",20030806,2003,8,6,18.2,26,35.5,0
"03490",20030807,2003,8,7,18.9,27.2,37,0
"03490",20030808,2003,8,8,21.8,28.2,38.2,0
"03490",20030809,2003,8,9,20.2,26.3,34.4,0
"03490",20030810,2003,8,10,18.2,24,33.2,0
"03490",20030811,2003,8,11,18.1,26,34.7,0
"03490",20030812,2003,8,12,20.3,28.8,38.9,0
"03490",20030813,2003,8,13,22,26.8,31.4,0.1
"03490",20030814,2003,8,14,20,21.2,26.5,0
"03490",20030815,2003,8,15,13.8,17.3,25.1,0
"03490",20030816,2003,8,16,12,18.6,25.6,0
"03490",20030817,2003,8,17,13,20.6,28.5,1.7
"03490",20030818,2003,8,18,15.9,18.6,21.8,4.8
"03490",20030819,2003,8,19,15.5,19.8,25.6,0
"03490",20030820,2003,8,20,12.1,17.5,24,0
"03490",20030821,2003,8,21,11.4,18.6,26.3,0
"03490",20030822,2003,8,22,13.2,19.7,24.9,0
"03490",20030823,2003,8,23,13.1,19.9,25.4,0
"03490",20030824,2003,8,24,13.1,16.3,22.9,0
"03490",20030825,2003,8,25,10,17.3,24,0
"03490",20030826,2003,8,26,11.1,18.4,26.8,0
"03490",20030827,2003,8,27,13.4,15.4,19.5,0.1
"03490",20030828,2003,8,28,10.5,17.6,25.2,11.1
"03490",20030829,2003,8,29,14,15.8,19.2,11.2
"03490",20030830,2003,8,30,13.2,15,20.6,0.9
"03490",20030831,2003,8,31,11.1,14.6,18.7,1
"03490",20030901,2003,9,1,8.6,12.6,18.2,0.9
"03490",20030902,2003,9,2,10,12.4,18.9,0
"03490",20030903,2003,9,3,6.1,13,20.5,0
"03490",20030904,2003,9,4,8.2,14.3,23.6,0
"03490",20030905,2003,9,5,8,16.4,25.7,0
"03490",20030906,2003,9,6,14.2,16.8,24.7,0.1
"03490",20030907,2003,9,7,13.5,16.8,21.5,22
"03490",20030908,2003,9,8,12.4,14.1,19.6,1.3
"03490",20030909,2003,9,9,9.6,14.4,20,0
"03490",20030910,2003,9,10,11.8,14,18.2,5.4
"03490",20030911,2003,9,11,12.2,14.9,18.3,0.4
"03490",20030912,2003,9,12,13.8,16.6,20,0
"03490",20030913,2003,9,13,10,13.1,19.5,0
"03490",20030914,2003,9,14,6.4,13.3,21.9,0
"03490",20030915,2003,9,15,8,14.1,22.4,0
"03490",20030916,2003,9,16,9.5,15.8,23,0
"03490",20030917,2003,9,17,10.8,15.6,26.8,0
"03490",20030918,2003,9,18,8.3,17.4,28.7,0
"03490",20030919,2003,9,19,9.6,18.7,30,0
"03490",20030920,2003,9,20,10.6,18.1,31.4,0
"03490",20030921,2003,9,21,12.1,20.4,30.1,0
"03490",20030922,2003,9,22,9,20.2,27.9,8.3
"03490",20030923,2003,9,23,10.2,11.7,21,2
"03490",20030924,2003,9,24,4.5,8.7,15.5,0
"03490",20030925,2003,9,25,2.2,9.4,19.2,0
"03490",20030926,2003,9,26,4,12,21.5,0
"03490",20030927,2003,9,27,9,12.6,18.2,0
"03490",20030928,2003,9,28,9.2,13.7,19.9,2
"03490",20030929,2003,9,29,9,11.6,16,0
"03490",20030930,2003,9,30,4,9.4,17.8,0
"03490",20031001,2003,10,1,4,10.3,13,7.4
"03490",20031002,2003,10,2,10.5,13.4,18,5
"03490",20031003,2003,10,3,10,16,21,6.5
"03490",20031004,2003,10,4,10,11.5,15.2,0.5
"03490",20031005,2003,10,5,8,9.2,12.5,0
"03490",20031006,2003,10,6,5.5,9,10.2,2
"03490",20031007,2003,10,7,6,8,11.1,11.7
"03490",20031008,2003,10,8,7.6,11.5,12.7,9.1
"03490",20031009,2003,10,9,10.5,13,15,0.1
"03490",20031010,2003,10,10,12.5,14.6,16,1.8
"03490",20031011,2003,10,11,11,12.2,15.5,0.1
"03490",20031012,2003,10,12,5,8,16,0
"03490",20031013,2003,10,13,0.5,7.6,15,0
"03490",20031014,2003,10,14,2.1,5.4,13.2,0
"03490",20031015,2003,10,15,-1.5,5.1,14.5,0
"03490",20031016,2003,10,16,-1.8,5,14,0
"03490",20031017,2003,10,17,1,4.2,12.8,0
"03490",20031018,2003,10,18,-1,4.4,12.6,0
"03490",20031019,2003,10,19,-0.4,4.4,12,0
"03490",20031020,2003,10,20,1.4,4.4,8.1,0
"03490",20031021,2003,10,21,4,5,8,0.8
"03490",20031022,2003,10,22,0.2,3.4,6.8,0
"03490",20031023,2003,10,23,-2.1,1.1,7.4,0
"03490",20031024,2003,10,24,-4.1,2.4,7.2,0
"03490",20031025,2003,10,25,2.8,5.7,8.2,0.4
"03490",20031026,2003,10,26,5.5,6.2,9.1,0
"03490",20031027,2003,10,27,3.8,5.3,7.8,1.5
"03490",20031028,2003,10,28,0.5,3.5,9.8,0.2
"03490",20031029,2003,10,29,1.8,6.4,9.6,0.4
"03490",20031030,2003,10,30,2.9,5.4,10,0.9
"03490",20031031,2003,10,31,1,8,11.1,6.4
"03490",20031101,2003,11,1,7.3,9.8,13.4,0
"03490",20031102,2003,11,2,5.1,10.4,11.9,1.5
"03490",20031103,2003,11,3,10.9,12,15,3.6
"03490",20031104,2003,11,4,6,8.6,15.4,0
"03490",20031105,2003,11,5,2.8,8.9,14,0
"03490",20031106,2003,11,6,0.7,5.4,13.8,0
"03490",20031107,2003,11,7,-1,7.4,11.8,0
"03490",20031108,2003,11,8,2.2,7.6,11.2,0
"03490",20031109,2003,11,9,-1.1,8.6,13.9,0
"03490",20031110,2003,11,10,3,5.8,14.1,0
"03490",20031111,2003,11,11,2,4.9,5.5,0
"03490",20031112,2003,11,12,0,4.7,9.5,0.6
"03490",20031113,2003,11,13,4.8,7.4,13.4,0
"03490",20031114,2003,11,14,1,7.2,9.2,0.4
"03490",20031115,2003,11,15,3.3,5.4,12.1,0
"03490",20031116,2003,11,16,0.5,4.6,6.2,12.8
"03490",20031117,2003,11,17,5.5,7.6,9.3,4.9
"03490",20031118,2003,11,18,7.1,11.4,12.6,0
"03490",20031119,2003,11,19,11.8,13.2,15.5,0
"03490",20031120,2003,11,20,6.5,9.1,13,0
"03490",20031121,2003,11,21,3.3,8.3,12.8,0
"03490",20031122,2003,11,22,6.4,13.8,16.5,0
"03490",20031123,2003,11,23,11,13.6,17.4,0
"03490",20031124,2003,11,24,8.5,13.6,17.2,0
"03490",20031125,2003,11,25,9.5,10.3,13.1,0.1
"03490",20031126,2003,11,26,7.9,10.8,12.9,3.4
"03490",20031127,2003,11,27,7.9,8.3,10.9,11.9
"03490",20031128,2003,11,28,5.8,6.3,8.5,0
"03490",20031129,2003,11,29,1.5,4.2,9.5,0
"03490",20031130,2003,11,30,2.1,7.8,10,0
"03490",20031201,2003,12,1,5.9,8.4,10.1,0
"03490",20031202,2003,12,2,1.9,4.7,10.2,0
"03490",20031203,2003,12,3,0.9,4.6,6.7,0
"03490",20031204,2003,12,4,3.9,4,5.6,0
"03490",20031205,2003,12,5,4,4.6,5.5,0.5
"03490",20031206,2003,12,6,-2,2,6.6,0.8
"03490",20031207,2003,12,7,-5,-2.6,3.5,0
"03490",20031208,2003,12,8,-7.5,-3.4,2.9,0
"03490",20031209,2003,12,9,-7.3,-2.9,5.5,0
"03490",20031210,2003,12,10,-5.4,-2.6,3,0
"03490",20031211,2003,12,11,-5.1,2.2,5.1,2.9
"03490",20031212,2003,12,12,5.1,6,8,1.4
"03490",20031213,2003,12,13,5.9,12.1,13.1,7.7
"03490",20031214,2003,12,14,6.5,7.6,12.1,2.8
"03490",20031215,2003,12,15,2.4,3.4,7.2,2.5
"03490",20031216,2003,12,16,2.5,4.7,5.8,0
"03490",20031217,2003,12,17,1.5,2.8,5.9,0
"03490",20031218,2003,12,18,-3.1,1.6,6.8,0
"03490",20031219,2003,12,19,-0.9,5.4,8.1,0
"03490",20031220,2003,12,20,6.5,9.3,10.9,1.1
"03490",20031221,2003,12,21,5,5.6,11.8,5
"03490",20031222,2003,12,22,-0.5,0.5,5.6,2
"03490",20031223,2003,12,23,-2.2,0.9,3.5,0.6
"03490",20031224,2003,12,24,1.6,3.2,5.9,0
"03490",20031225,2003,12,25,3.4,6,6.9,0
"03490",20031226,2003,12,26,6,7.9,8.6,0
"03490",20031227,2003,12,27,6.2,7.6,9.7,3.3
"03490",20031228,2003,12,28,4.5,6.6,11.4,0.8
"03490",20031229,2003,12,29,-1,1.6,4.9,0
"03490",20031230,2003,12,30,-2.3,-1.2,3.2,0
"03490",20031231,2003,12,31,-3.1,-1.1,1.1,0
"03490",20040101,2004,1,1,-6.5,-1.2,0.6,0.8
"03490",20040102,2004,1,2,-6.8,-3.5,0,0
"03490",20040103,2004,1,3,-8.5,-5.8,-1.5,0
"03490",20040104,2004,1,4,-7.4,1.6,4.2,1.5
"03490",20040105,2004,1,5,2.2,3.1,4.4,0.9
"03490",20040106,2004,1,6,1.7,5.2,6.3,2.4
"03490",20040107,2004,1,7,2.5,4.4,8.6,0
"03490",20040108,2004,1,8,-0.9,4,5.8,2.9
"03490",20040109,2004,1,9,3.9,5.4,8.3,1.8
"03490",20040110,2004,1,10,3.4,5,8,0
"03490",20040111,2004,1,11,4.2,9.9,13.1,2.4
"03490",20040112,2004,1,12,4.9,6.1,8.2,13.4
"03490",20040113,2004,1,13,6.2,8.4,11.1,2.8
"03490",20040114,2004,1,14,4.2,5.7,8.5,5
"03490",20040115,2004,1,15,3,5.1,5.6,0.5
"03490",20040116,2004,1,16,3.5,5.6,8.1,1.4
"03490",20040117,2004,1,17,3.8,5,7,0.5
"03490",20040118,2004,1,18,-0.2,1.6,4.5,0
"03490",20040119,2004,1,19,-2.1,3.6,4.6,26.9
"03490",20040120,2004,1,20,1.8,3.4,7.9,0
"03490",20040121,2004,1,21,-2,-0.6,2.2,0
"03490",20040122,2004,1,22,-4.9,-0.2,1.8,0
"03490",20040123,2004,1,23,-3.1,-1.4,3.4,0
"03490",20040124,2004,1,24,-4.1,0.9,3.5,4.6
"03490",20040125,2004,1,25,0.1,2.2,6.2,0.5
"03490",20040126,2004,1,26,-1.1,1.3,2.3,0
"03490",20040127,2004,1,27,-1.1,-0.2,1,0.2
"03490",20040128,2004,1,28,-0.8,1.2,2.7,2.7
"03490",20040129,2004,1,29,-1.8,0.6,1.9,1.5
"03490",20040130,2004,1,30,0.6,1.5,2.6,0
"03490",20040131,2004,1,31,-0.2,8,9.8,0
"03490",20040201,2004,2,1,7.7,10.6,11.6,8.1
"03490",20040202,2004,2,2,9.9,11.7,12.9,3.9
"03490",20040203,2004,2,3,6,12.6,15.6,0
"03490",20040204,2004,2,4,12.2,14.4,15.7,0
"03490",20040205,2004,2,5,12,13.8,15.2,0
"03490",20040206,2004,2,6,9.8,14.1,16.4,0
"03490",20040207,2004,2,7,6.7,8,14.2,4
"03490",20040208,2004,2,8,2,4.1,7,4.9
"03490",20040209,2004,2,9,1.9,2.7,4.7,1.6
"03490",20040210,2004,2,10,-1.4,1.9,4.5,8
"03490",20040211,2004,2,11,2.3,6,8.1,1.4
"03490",20040212,2004,2,12,1.9,4.2,6,0
"03490",20040213,2004,2,13,4.5,6.6,7.9,0
"03490",20040214,2004,2,14,5.4,6.5,8,0
"03490",20040215,2004,2,15,4.9,5.3,6.9,0.2
"03490",20040216,2004,2,16,2,3.6,5.5,0
"03490",20040217,2004,2,17,1.7,3.1,3.7,0
"03490",20040218,2004,2,18,1.8,3.2,6.5,0.2
"03490",20040219,2004,2,19,-2,1,3.1,0
"03490",20040220,2004,2,20,-2.5,0.3,5.4,0
"03490",20040221,2004,2,21,-2,2.2,3.2,0
"03490",20040222,2004,2,22,0,2.4,3.8,0
"03490",20040223,2004,2,23,-1.9,-0.4,3,1.3
"03490",20040224,2004,2,24,-4.9,0.8,3.8,3
"03490",20040225,2004,2,25,-0.4,1.1,3.6,1
"03490",20040226,2004,2,26,-3.2,-1.6,3.8,1.6
"03490",20040227,2004,2,27,-8.3,-2.8,1.5,0.2
"03490",20040228,2004,2,28,-3.8,-1.8,2.2,0
"03490",20040229,2004,2,29,-5.2,-2.1,2.3,0.5
"03490",20040301,2004,3,1,-6.1,-0.6,2.1,0.3
"03490",20040302,2004,3,2,1.3,4.8,6.9,0
"03490",20040303,2004,3,3,0,2.1,8.5,0
"03490",20040304,2004,3,4,-3.6,5.6,11.2,0
"03490",20040305,2004,3,5,0,5.4,8.5,0.5
"03490",20040306,2004,3,6,0.2,2.8,6.7,2.8
"03490",20040307,2004,3,7,0.5,4.6,8.1,2.2
"03490",20040308,2004,3,8,0.5,2.1,6,0.3
"03490",20040309,2004,3,9,-0.5,0.5,3.4,1
"03490",20040310,2004,3,10,-1,0.7,2.7,3.9
"03490",20040311,2004,3,11,-1.2,1.8,2.8,0.7
"03490",20040312,2004,3,12,-3.2,3.2,5.2,0.4
"03490",20040313,2004,3,13,4.1,8.5,12.5,0
"03490",20040314,2004,3,14,2.4,10.4,15.2,0
"03490",20040315,2004,3,15,8,10.1,14.2,0
"03490",20040316,2004,3,16,5,11.4,19.5,0
"03490",20040317,2004,3,17,2.5,12.6,24.5,0
"03490",20040318,2004,3,18,7.2,13.6,21.8,0
"03490",20040319,2004,3,19,9,12.1,13,1.9
"03490",20040320,2004,3,20,9,12.8,15.6,4.4
"03490",20040321,2004,3,21,7.2,8.4,13,2.4
"03490",20040322,2004,3,22,3.5,5.2,10.3,2.5
"03490",20040323,2004,3,23,1.9,4.5,8.6,1.6
"03490",20040324,2004,3,24,1.4,4.7,9,0
"03490",20040325,2004,3,25,0.5,2.8,6,0
"03490",20040326,2004,3,26,-2.2,0.4,5.7,0
"03490",20040327,2004,3,27,-3.5,1.1,7.4,0
"03490",20040328,2004,3,28,-2.4,3.2,11.7,0
"03490",20040329,2004,3,29,-0.5,5.4,13.8,0
"03490",20040330,2004,3,30,-1.3,7.7,17.6,0
"03490",20040331,2004,3,31,1.2,9.6,19.6,0
"03490",20040401,2004,4,1,3.3,11.5,20.6,0
"03490",20040402,2004,4,2,7,14.5,20.4,1.7
"03490",20040403,2004,4,3,9.6,12.6,17,0
"03490",20040404,2004,4,4,12,13.1,15.1,2.8
"03490",20040405,2004,4,5,6.9,7.8,13.1,4.7
"03490",20040406,2004,4,6,3,5.4,9.2,1.9
"03490",20040407,2004,4,7,3.8,5.5,8,6.3
"03490",20040408,2004,4,8,3.6,6,10.1,1.5
"03490",20040409,2004,4,9,3.5,6.3,8,0
"03490",20040410,2004,4,10,3.3,6.9,10,1.4
"03490",20040411,2004,4,11,2.2,4.4,9,0
"03490",20040412,2004,4,12,-0.8,7,14.1,0
"03490",20040413,2004,4,13,6.8,9,11.5,1.1
"03490",20040414,2004,4,14,5.6,9.5,14.5,0
"03490",20040415,2004,4,15,2.2,10.2,18.5,0
"03490",20040416,2004,4,16,2,11.8,21.1,0
"03490",20040417,2004,4,17,4.9,14.6,22.6,0.6
"03490",20040418,2004,4,18,8.2,12,15,0
"03490",20040419,2004,4,19,5,8.5,13.5,0
"03490",20040420,2004,4,20,1.6,9.2,14.5,0.6
"03490",20040421,2004,4,21,5,13.3,19.1,0
"03490",20040422,2004,4,22,7.5,15,21.2,18.2
"03490",20040423,2004,4,23,8.9,11,15.2,1.4
"03490",20040424,2004,4,24,6,10.3,16.6,0
"03490",20040425,2004,4,25,4.4,10.4,18,0
"03490",20040426,2004,4,26,5.5,11.9,19.9,0
"03490",20040427,2004,4,27,5.9,14.3,21.5,0.5
"03490",20040428,2004,4,28,8.2,12.3,21,16.1
"03490",20040429,2004,4,29,9.8,14.7,20,0
"03490",20040430,2004,4,30,11,17.6,24.8,2.8
"03490",20040501,2004,5,1,11.8,14,18.8,11.1
"03490",20040502,2004,5,2,9.8,13.2,18.6,0
"03490",20040503,2004,5,3,8.5,13.5,19.4,0
"03490",20040504,2004,5,4,8,13.6,17.7,0
"03490",20040505,2004,5,5,7.8,10,15.4,0
"03490",20040506,2004,5,6,4,10.6,15.6,5.7
"03490",20040507,2004,5,7,8.1,8.6,9.7,20.9
"03490",20040508,2004,5,8,6.1,8.3,10.4,1.3
"03490",20040509,2004,5,9,7.8,9.8,13.1,4.4
"03490",20040510,2004,5,10,9.3,11.2,15.5,0.2
"03490",20040511,2004,5,11,9.8,12.2,17.8,0
"03490",20040512,2004,5,12,8.4,11,13.6,0
"03490",20040513,2004,5,13,8.3,10.2,12.6,0
"03490",20040514,2004,5,14,10,11.6,16.4,0
"03490",20040515,2004,5,15,6.1,15.4,18.8,0
"03490",20040516,2004,5,16,11.6,13.4,17.6,0
"03490",20040517,2004,5,17,8.4,15.9,22.5,0
"03490",20040518,2004,5,18,11.1,16.6,23,0
"03490",20040519,2004,5,19,11.3,16.9,24.4,0
"03490",20040520,2004,5,20,10.3,17.1,23.2,3.5
"03490",20040521,2004,5,21,10.5,11.6,14.9,1.7
"03490",20040522,2004,5,22,5.3,9.9,13.5,1
"03490",20040523,2004,5,23,6.6,8.8,14.1,0
"03490",20040524,2004,5,24,3.2,11.4,15.2,0
"03490",20040525,2004,5,25,6.5,13.7,18.7,0
"03490",20040526,2004,5,26,8.8,11,15.9,0
"03490",20040527,2004,5,27,5.1,9.9,15.8,0
"03490",20040528,2004,5,28,5.2,12.6,19.3,0
"03490",20040529,2004,5,29,5.9,14.9,23.1,0
"03490",20040530,2004,5,30,7.2,16.5,24.7,5.1
"03490",20040531,2004,5,31,11.5,13.2,16.9,9.8
"03490",20040601,2004,6,1,9.5,15,21.6,0
"03490",20040602,2004,6,2,10.1,15.1,21,18.2
"03490",20040603,2004,6,3,12.2,14.6,18.5,1.1
"03490",20040604,2004,6,4,12,14,15.7,6.6
"03490",20040605,2004,6,5,12.8,13.8,15.8,0
"03490",20040606,2004,6,6,10.6,15.2,21.1,0
"03490",20040607,2004,6,7,9.1,19.1,26.3,0
"03490",20040608,2004,6,8,12.9,23.2,31.2,0
"03490",20040609,2004,6,9,17.5,22.7,29.8,2.3
"03490",20040610,2004,6,10,17.3,19.7,25.4,2.3
"03490",20040611,2004,6,11,15.2,17,21.5,7.1
"03490",20040612,2004,6,12,11.9,14.6,18.9,5.4
"03490",20040613,2004,6,13,12,13.5,15.8,0.3
"03490",20040614,2004,6,14,8,16.4,21.9,0
"03490",20040615,2004,6,15,13.9,19.4,25.7,0
"03490",20040616,2004,6,16,11.8,14.6,18.8,0
"03490",20040617,2004,6,17,10.1,17.9,25.1,5.8
"03490",20040618,2004,6,18,13.6,15.4,19.5,0.5
"03490",20040619,2004,6,19,10.1,11.7,16.6,0.5
"03490",20040620,2004,6,20,6.2,12.4,17.4,1.9
"03490",20040621,2004,6,21,8.7,13.7,19.5,0.9
"03490",20040622,2004,6,22,10.6,15.4,18.8,2.9
"03490",20040623,2004,6,23,14,19.6,23.5,2.4
"03490",20040624,2004,6,24,13.9,16,19.6,3.9
"03490",20040625,2004,6,25,11,14.8,17.5,0
"03490",20040626,2004,6,26,8.1,16.8,22.6,5.3
"03490",20040627,2004,6,27,13.8,19.8,26.2,2.1
"03490",20040628,2004,6,28,12.6,16.2,21.7,0
"03490",20040629,2004,6,29,10.4,17.2,22.1,0
"03490",20040630,2004,6,30,12.9,19.5,26.2,0
"03490",20040701,2004,7,1,15.2,16.7,20.6,0.3
"03490",20040702,2004,7,2,11.6,17,19.1,0.5
"03490",20040703,2004,7,3,13.8,16.6,21.2,0
"03490",20040704,2004,7,4,8.3,15.6,20,3
"03490",20040705,2004,7,5,10.8,16.6,21.1,1.1
"03490",20040706,2004,7,6,10.1,16.4,22.3,0
"03490",20040707,2004,7,7,9.4,17.8,24.5,3.5
"03490",20040708,2004,7,8,14.8,17.2,22.4,2.1
"03490",20040709,2004,7,9,12.7,15.4,18.5,7.4
"03490",20040710,2004,7,10,11.6,14.7,18.9,5.9
"03490",20040711,2004,7,11,10.4,15,19,0.3
"03490",20040712,2004,7,12,11.8,13.7,16.8,1.7
"03490",20040713,2004,7,13,10.7,13.8,17,0.4
"03490",20040714,2004,7,14,10.3,17.1,22.6,1.5
"03490",20040715,2004,7,15,15.7,18,21.2,2.6
"03490",20040716,2004,7,16,13.9,19.5,25.9,0
"03490",20040717,2004,7,17,13.4,20.8,28,3.9
"03490",20040718,2004,7,18,16,19.3,25.6,18.2
"03490",20040719,2004,7,19,15.8,19.3,24.3,5.4
"03490",20040720,2004,7,20,15.1,18.6,23.8,1.2
"03490",20040721,2004,7,21,14.5,20.2,27,5.3
"03490",20040722,2004,7,22,14.8,21.7,28,3.3
"03490",20040723,2004,7,23,17.3,22.9,28.6,2.8
"03490",20040724,2004,7,24,16,18.7,23.3,0
"03490",20040725,2004,7,25,14.6,17.6,23.5,1.9
"03490",20040726,2004,7,26,13.2,15.4,19.5,5.8
"03490",20040727,2004,7,27,10,15.9,22.5,0
"03490",20040728,2004,7,28,10,17.2,25.3,0
"03490",20040729,2004,7,29,10.6,19.1,27,0
"03490",20040730,2004,7,30,11.6,21.6,29.7,0
"03490",20040731,2004,7,31,16.5,21.4,27.8,0
"03490",20040801,2004,8,1,16,20.3,26.8,0
"03490",20040802,2004,8,2,14.9,21.4,28.5,0
"03490",20040803,2004,8,3,15,22.5,31,0
"03490",20040804,2004,8,4,17.9,20.3,24.4,1.2
"03490",20040805,2004,8,5,16.3,21.9,31.5,0
"03490",20040806,2004,8,6,15.8,24.5,32.6,0
"03490",20040807,2004,8,7,19,21.8,29,39
"03490",20040808,2004,8,8,18.7,21.8,30.5,0
"03490",20040809,2004,8,9,15,22.5,31.2,0
"03490",20040810,2004,8,10,14.5,20.8,27.3,34.4
"03490",20040811,2004,8,11,17,21,28.5,0
"03490",20040812,2004,8,12,14.6,20.3,28.8,0.6
"03490",20040813,2004,8,13,16.8,18.8,23.2,7
"03490",20040814,2004,8,14,16.1,18.8,22,0.2
"03490",20040815,2004,8,15,15.6,20,26.5,0
"03490",20040816,2004,8,16,13.5,20.5,25.2,0.6
"03490",20040817,2004,8,17,17,19.8,25.8,25.4
"03490",20040818,2004,8,18,17,22,29,18.6
"03490",20040819,2004,8,19,15.6,20.9,25.5,0
"03490",20040820,2004,8,20,16,19,22.4,0
"03490",20040821,2004,8,21,13.5,14.8,20.5,11.5
"03490",20040822,2004,8,22,10.8,13.7,21.1,0.7
"03490",20040823,2004,8,23,9.2,17,24.6,0
"03490",20040824,2004,8,24,13.9,16.9,21.6,1.4
"03490",20040825,2004,8,25,14,16.2,21,3
"03490",20040826,2004,8,26,14,16,20.2,0
"03490",20040827,2004,8,27,11.5,17.2,20.5,3.3
"03490",20040828,2004,8,28,14.5,17.1,20.6,12.6
"03490",20040829,2004,8,29,13.7,17.6,23,2.1
"03490",20040830,2004,8,30,12.8,14.8,19.2,4.7
"03490",20040831,2004,8,31,11.1,14.3,20.1,0
"03490",20040901,2004,9,1,7,12.9,21,0
"03490",20040902,2004,9,2,6.8,14.9,24.8,0
"03490",20040903,2004,9,3,9.6,17.9,26.5,0
"03490",20040904,2004,9,4,13.7,19.6,27.4,0
"03490",20040905,2004,9,5,13.3,19.1,27.1,0
"03490",20040906,2004,9,6,11.5,18,26.2,0
"03490",20040907,2004,9,7,11.6,18.2,26.5,0
"03490",20040908,2004,9,8,9.9,16,24,0
"03490",20040909,2004,9,9,5.9,14.1,23.7,0
"03490",20040910,2004,9,10,5.3,16.5,26.9,0
"03490",20040911,2004,9,11,13.8,20.3,24.7,0
"03490",20040912,2004,9,12,11.3,16.4,19.4,0
"03490",20040913,2004,9,13,10.7,16.1,21.9,0
"03490",20040914,2004,9,14,10.1,15.6,20.7,0
"03490",20040915,2004,9,15,7.4,13.4,18.6,0.4
"03490",20040916,2004,9,16,4.6,11,18.3,0
"03490",20040917,2004,9,17,1.8,11.1,21.6,0
"03490",20040918,2004,9,18,3.9,15,24.4,2.4
"03490",20040919,2004,9,19,7.1,14.6,20.6,0
"03490",20040920,2004,9,20,7.2,13.6,17.1,0.7
"03490",20040921,2004,9,21,12.1,14.5,17.4,0
"03490",20040922,2004,9,22,10.7,12.9,14.9,28.1
"03490",20040923,2004,9,23,10.3,12.5,17.6,15
"03490",20040924,2004,9,24,9.9,11.7,15.4,1.4
"03490",20040925,2004,9,25,9.4,11.7,15,0.7
"03490",20040926,2004,9,26,9.7,12.7,16.8,0.1
"03490",20040927,2004,9,27,10.5,14.1,17.1,0.1
"03490",20040928,2004,9,28,10.1,15.8,19.8,0.3
"03490",20040929,2004,9,29,10.7,14.2,17.7,0
"03490",20040930,2004,9,30,5.8,11.9,17.4,0.1
"03490",20041001,2004,10,1,9.4,12.8,19.1,1.1
"03490",20041002,2004,10,2,6.7,12.3,17.6,0
"03490",20041003,2004,10,3,3.9,11.5,19.6,0
"03490",20041004,2004,10,4,6.7,14.1,22.8,0
"03490",20041005,2004,10,5,13.9,18.8,23.8,4.5
"03490",20041006,2004,10,6,9.9,13.3,16.5,0
"03490",20041007,2004,10,7,4,10.8,17.2,0
"03490",20041008,2004,10,8,3.9,9.1,14.3,0
"03490",20041009,2004,10,9,5.3,8.4,15.5,0
"03490",20041010,2004,10,10,0.6,6.8,14.3,0
"03490",20041011,2004,10,11,0.4,8,13.7,0
"03490",20041012,2004,10,12,4.8,8.6,12.8,0
"03490",20041013,2004,10,13,2.9,9.1,14.8,0.3
"03490",20041014,2004,10,14,7.1,10.6,15.9,0.4
"03490",20041015,2004,10,15,6.3,9.4,13.8,4.6
"03490",20041016,2004,10,16,1.7,6.8,11,1.3
"03490",20041017,2004,10,17,6,9.2,12.3,0.2
"03490",20041018,2004,10,18,6.7,10.2,13.9,0.1
"03490",20041019,2004,10,19,0.3,6.9,13.6,0
"03490",20041020,2004,10,20,6.3,14,19.7,9.2
"03490",20041021,2004,10,21,8,14.1,18,0
"03490",20041022,2004,10,22,4.9,11.4,18.4,0
"03490",20041023,2004,10,23,5.7,16.5,21.3,0
"03490",20041024,2004,10,24,12.9,18.1,22,7.1
"03490",20041025,2004,10,25,8.1,14.1,17.5,0
"03490",20041026,2004,10,26,5.9,9.5,12.7,0
"03490",20041027,2004,10,27,4.2,8.6,11.9,0.6
"03490",20041028,2004,10,28,10.3,12.4,14.8,0
"03490",20041029,2004,10,29,5,11.6,17.6,0.1
"03490",20041030,2004,10,30,4.5,9.1,13.1,2
"03490",20041031,2004,10,31,5.7,10,12.2,0
"03490",20041101,2004,11,1,4.2,8.6,11.9,0
"03490",20041102,2004,11,2,9,9.8,11.3,0
"03490",20041103,2004,11,3,7.4,10.3,14,1.1
"03490",20041104,2004,11,4,7.8,10.1,13,1.5
"03490",20041105,2004,11,5,4.8,8.9,12.1,0
"03490",20041106,2004,11,6,5.5,8.4,10.8,3.1
"03490",20041107,2004,11,7,3,6.3,9.5,0
"03490",20041108,2004,11,8,1.1,4.7,7.2,0.4
"03490",20041109,2004,11,9,-0.9,1.9,5.1,9.9
"03490",20041110,2004,11,10,1.1,2.5,4.1,3
"03490",20041111,2004,11,11,0.7,3.5,5.1,0
"03490",20041112,2004,11,12,-1.4,4.2,7.8,4.6
"03490",20041113,2004,11,13,1.5,4.9,7.9,2
"03490",20041114,2004,11,14,0.5,3.4,5.7,0
"03490",20041115,2004,11,15,-1.9,2.8,6.4,0
"03490",20041116,2004,11,16,6.4,8.7,10.5,0
"03490",20041117,2004,11,17,8.7,11.2,13,0.4
"03490",20041118,2004,11,18,6.8,9,11.9,26.3
"03490",20041119,2004,11,19,1.1,3.5,9.3,1.3
"03490",20041120,2004,11,20,1,2.6,4.6,0.1
"03490",20041121,2004,11,21,-3.6,1.1,4.7,2.2
"03490",20041122,2004,11,22,2.9,10.3,12.8,0.5
"03490",20041123,2004,11,23,1.9,8.4,11.1,3.3
"03490",20041124,2004,11,24,-3.2,0.7,2.6,0
"03490",20041125,2004,11,25,-4.3,-1.5,4.5,0
"03490",20041126,2004,11,26,-5.3,1.1,6.8,2.2
"03490",20041127,2004,11,27,5.9,8,9.8,0
"03490",20041128,2004,11,28,4.8,8.1,9.8,0
"03490",20041129,2004,11,29,3.6,5.4,8.3,0
"03490",20041130,2004,11,30,-0.8,2.6,7.6,0
"03490",20041201,2004,12,1,-0.2,3.2,6.8,0
"03490",20041202,2004,12,2,-0.1,2.9,4.6,2.9
"03490",20041203,2004,12,3,-1.6,1.7,3.6,0
"03490",20041204,2004,12,4,-1,0.2,2,0
"03490",20041205,2004,12,5,-2.6,0.4,2.6,0
"03490",20041206,2004,12,6,1.5,4,6.8,0
"03490",20041207,2004,12,7,-0.2,3.5,6.3,0
"03490",20041208,2004,12,8,-0.2,5,6.3,0
"03490",20041209,2004,12,9,-4.3,-0.2,4.9,0
"03490",20041210,2004,12,10,-4.6,-2.2,3.1,0
"03490",20041211,2004,12,11,-2.8,-1.4,-0.1,0
"03490",20041212,2004,12,12,-4.4,-1.9,-0.9,0
"03490",20041213,2004,12,13,-7.8,-4.5,0,0
"03490",20041214,2004,12,14,-8.2,-4.8,0.8,0
"03490",20041215,2004,12,15,-8,-3.9,2.3,0
"03490",20041216,2004,12,16,-5.7,0.6,7.3,0.1
"03490",20041217,2004,12,17,1.7,5.7,7.3,10
"03490",20041218,2004,12,18,2.8,4.1,5.2,1.5
"03490",20041219,2004,12,19,-4.4,0.9,4.2,0
"03490",20041220,2004,12,20,-9.2,-4.4,-0.5,0
"03490",20041221,2004,12,21,-10.4,-7.1,-1.8,0
"03490",20041222,2004,12,22,-10.4,-1.3,3.7,1.9
"03490",20041223,2004,12,23,3.4,7.1,10.2,0.1
"03490",20041224,2004,12,24,7.6,9.2,11.4,3.4
"03490",20041225,2004,12,25,1,5.4,11,0
"03490",20041226,2004,12,26,-1.3,1.5,3.7,0
"03490",20041227,2004,12,27,-2.2,0.4,1.3,0
"03490",20041228,2004,12,28,-3.4,1,4.2,2.2
"03490",20041229,2004,12,29,1.3,3.5,5,0.7
"03490",20041230,2004,12,30,0.5,4.8,6.5,0
"03490",20041231,2004,12,31,5.8,8,9.7,0.7
"03490",20050101,2005,1,1,4.9,8.1,10.8,1.1
"03490",20050102,2005,1,2,4.6,6.5,11.3,0
"03490",20050103,2005,1,3,4.2,6.4,8.5,0.1
"03490",20050104,2005,1,4,4.6,7.2,8.8,0.3
"03490",20050105,2005,1,5,4.9,6.2,7.5,4.3
"03490",20050106,2005,1,6,4.2,7.4,9,0
"03490",20050107,2005,1,7,6.5,10.3,11.9,0
"03490",20050108,2005,1,8,6.8,9.2,11,0.4
"03490",20050109,2005,1,9,5.5,7.5,11.3,0
"03490",20050110,2005,1,10,9,11.8,15.4,0
"03490",20050111,2005,1,11,7.8,9.9,12,0
"03490",20050112,2005,1,12,2,8.7,10.9,1.1
"03490",20050113,2005,1,13,1.4,5,7.3,0
"03490",20050114,2005,1,14,-2.7,2.3,7.4,0
"03490",20050115,2005,1,15,-4.5,-1.1,4.3,0
"03490",20050116,2005,1,16,-6.4,-2.2,4.5,0
"03490",20050117,2005,1,17,-4,3,8.7,1.5
"03490",20050118,2005,1,18,1.8,5.5,8.5,5.7
"03490",20050119,2005,1,19,2.7,4.6,6,0.2
"03490",20050120,2005,1,20,5,9.7,12.1,14
"03490",20050121,2005,1,21,4.2,5.7,8.5,0.2
"03490",20050122,2005,1,22,1.4,4.1,6.5,0.5
"03490",20050123,2005,1,23,0.6,2.2,4.6,4.9
"03490",20050124,2005,1,24,-1.5,-0.1,0.9,0.3
"03490",20050125,2005,1,25,-2.2,-1.4,-0.3,0.1
"03490",20050126,2005,1,26,-2.6,-1.1,0.9,0
"03490",20050127,2005,1,27,-4.9,-2.3,0,0.3
"03490",20050128,2005,1,28,-2,-0.1,1.6,0
"03490",20050129,2005,1,29,-7.3,-3.1,1,0
"03490",20050130,2005,1,30,-2,-0.6,0.9,3.2
"03490",20050131,2005,1,31,0.6,4.8,7.5,7.8
"03490",20050201,2005,2,1,2.8,3.9,5.3,0.8
"03490",20050202,2005,2,2,3.5,5,6.2,3.5
"03490",20050203,2005,2,3,3.3,5.1,6,1.9
"03490",20050204,2005,2,4,-2.9,1.8,6.9,0
"03490",20050205,2005,2,5,-2.2,1.2,4.7,0
"03490",20050206,2005,2,6,-3.9,-0.1,5.1,0
"03490",20050207,2005,2,7,-4.5,-0.9,2.5,0
"03490",20050208,2005,2,8,-6.2,-1.9,3.7,0
"03490",20050209,2005,2,9,-3.8,1.9,7.6,0
"03490",20050210,2005,2,10,5.5,7.7,9.3,3.2
"03490",20050211,2005,2,11,6.6,8.5,10.3,2.2
"03490",20050212,2005,2,12,4.3,10,13.5,13.8
"03490",20050213,2005,2,13,1.3,3.3,5.6,5.4
"03490",20050214,2005,2,14,0,2.4,5,7.1
"03490",20050215,2005,2,15,-0.8,0.4,2.2,0.3
"03490",20050216,2005,2,16,-1.6,-0.6,0.9,0
"03490",20050217,2005,2,17,-1.6,-0.8,0.8,0
"03490",20050218,2005,2,18,-2.2,-0.7,0.9,1.4
"03490",20050219,2005,2,19,-0.3,1.6,3.8,4
"03490",20050220,2005,2,20,-0.4,1.5,3.4,3.8
"03490",20050221,2005,2,21,-2.2,0.1,2.1,0.7
"03490",20050222,2005,2,22,-3.2,-0.7,0.3,0.8
"03490",20050223,2005,2,23,-4.7,-2.4,-0.1,0.2
"03490",20050224,2005,2,24,-5.9,-2.7,0.2,0
"03490",20050225,2005,2,25,-7.6,-2.6,2.6,0
"03490",20050226,2005,2,26,-2.3,-0.2,1.5,2.1
"03490",20050227,2005,2,27,-10.2,-4.3,-0.1,0
"03490",20050228,2005,2,28,-12.2,-7.2,-1.8,0
"03490",20050301,2005,3,1,-10.7,-4.8,-0.7,0
"03490",20050302,2005,3,2,-3.3,-0.3,3,0
"03490",20050303,2005,3,3,-3.4,-0.5,2.8,0
"03490",20050304,2005,3,4,-3.6,-0.8,1.5,0.1
"03490",20050305,2005,3,5,-2.4,-0.9,0.9,0.9
"03490",20050306,2005,3,6,-7.6,-2.3,0.5,0.3
"03490",20050307,2005,3,7,-0.5,1.8,3.9,2.1
"03490",20050308,2005,3,8,2.5,3.9,5.2,2.3
"03490",20050309,2005,3,9,2.6,3.9,5.6,1.6
"03490",20050310,2005,3,10,-0.2,2.8,7.8,0
"03490",20050311,2005,3,11,0.8,4.1,6.4,5.6
"03490",20050312,2005,3,12,0.9,2.8,4.8,2.6
"03490",20050313,2005,3,13,2.2,4.8,7.8,0.1
"03490",20050314,2005,3,14,2,5.2,8.3,0
"03490",20050315,2005,3,15,-1.7,6.8,14.7,0
"03490",20050316,2005,3,16,6.5,14.7,20.9,0
"03490",20050317,2005,3,17,13,15.6,18.1,0
"03490",20050318,2005,3,18,9.3,14.2,19.2,0
"03490",20050319,2005,3,19,9.9,11.9,13,0
"03490",20050320,2005,3,20,4.9,9.7,14.4,0
"03490",20050321,2005,3,21,2.6,9.3,16.1,0
"03490",20050322,2005,3,22,8,12.6,19.7,1.4
"03490",20050323,2005,3,23,5.4,12.3,18.8,0
"03490",20050324,2005,3,24,4.2,11.5,19.1,5.6
"03490",20050325,2005,3,25,7,11.5,15.9,2.7
"03490",20050326,2005,3,26,4.4,11.4,18.1,0.6
"03490",20050327,2005,3,27,8.3,12.1,16.5,0.5
"03490",20050328,2005,3,28,7.6,10.9,17.2,2.6
"03490",20050329,2005,3,29,8.3,10.8,16.4,12.1
"03490",20050330,2005,3,30,8.6,10.7,13,5.1
"03490",20050331,2005,3,31,3.7,10,14.6,0
"03490",20050401,2005,4,1,0.5,7.9,16.6,0
"03490",20050402,2005,4,2,0,8.2,18.7,0
"03490",20050403,2005,4,3,2.7,11.9,21.4,0
"03490",20050404,2005,4,4,3.7,13.6,20.8,2.6
"03490",20050405,2005,4,5,5.2,9.8,13.7,1
"03490",20050406,2005,4,6,1.2,9.6,14.9,7.7
"03490",20050407,2005,4,7,6.8,10.6,14.1,0.4
"03490",20050408,2005,4,8,5.2,7.5,11.5,5.9
"03490",20050409,2005,4,9,1.7,4.4,8.3,0.9
"03490",20050410,2005,4,10,4.5,7.3,11.2,1
"03490",20050411,2005,4,11,3.9,7.8,12.4,0
"03490",20050412,2005,4,12,3.9,9.6,14.7,0
"03490",20050413,2005,4,13,6,11.8,17.5,0
"03490",20050414,2005,4,14,5,11.4,18.1,0
"03490",20050415,2005,4,15,4.8,11.9,19,1.4
"03490",20050416,2005,4,16,7.9,8.9,10.1,0.6
"03490",20050417,2005,4,17,9.2,10.4,12,0
"03490",20050418,2005,4,18,10.3,13.2,18.1,7.9
"03490",20050419,2005,4,19,5.9,8.7,11.2,19.8
"03490",20050420,2005,4,20,1.9,8,12.4,4.6
"03490",20050421,2005,4,21,0.9,6.9,13.8,0
"03490",20050422,2005,4,22,0.5,8.1,16.4,0
"03490",20050423,2005,4,23,1.8,9.7,19.8,1.2
"03490",20050424,2005,4,24,5.9,12,19.4,1.8
"03490",20050425,2005,4,25,10.8,12.3,15.1,26.1
"03490",20050426,2005,4,26,10.1,12.9,17.7,0.6
"03490",20050427,2005,4,27,5.5,11.6,17.1,0.1
"03490",20050428,2005,4,28,3.5,12.1,19.9,4.1
"03490",20050429,2005,4,29,10,14.2,18.4,1.4
"03490",20050430,2005,4,30,11.3,17,23.1,0
"03490",20050501,2005,5,1,8.9,19.3,30.4,0
"03490",20050502,2005,5,2,12.2,19.1,27.1,1.5
"03490",20050503,2005,5,3,9.4,15.1,21.8,7.9
"03490",20050504,2005,5,4,9.4,12.6,16.5,8.6
"03490",20050505,2005,5,5,7.5,11.1,14.7,3.4
"03490",20050506,2005,5,6,7.2,10.5,14.4,1
"03490",20050507,2005,5,7,5.5,9.1,13.1,5.6
"03490",20050508,2005,5,8,3.1,7.2,12.8,3.4
"03490",20050509,2005,5,9,2.8,7.8,12.6,1
"03490",20050510,2005,5,10,3.4,7.5,13.2,0.7
"03490",20050511,2005,5,11,4.1,8.2,13.2,0
"03490",20050512,2005,5,12,1.7,9,17,0
"03490",20050513,2005,5,13,2.4,10,16,1.9
"03490",20050514,2005,5,14,8.9,10.4,11.7,17.6
"03490",20050515,2005,5,15,6.7,9.4,11.9,0.1
"03490",20050516,2005,5,16,5.1,11.6,17.8,0
"03490",20050517,2005,5,17,3.6,7.9,10.9,0.4
"03490",20050518,2005,5,18,1.9,7.7,13.8,0
"03490",20050519,2005,5,19,2.7,11.7,20.6,0.1
"03490",20050520,2005,5,20,10,16.6,24.2,7.2
"03490",20050521,2005,5,21,12.3,16.7,21,0
"03490",20050522,2005,5,22,12.2,16.6,20.1,0.1
"03490",20050523,2005,5,23,7.1,13.7,18.4,9.2
"03490",20050524,2005,5,24,6.1,13.8,19.9,0
"03490",20050525,2005,5,25,11,18.1,25.4,0
"03490",20050526,2005,5,26,9.9,20.8,30.5,0
"03490",20050527,2005,5,27,12.8,22.9,32.2,0
"03490",20050528,2005,5,28,15,24.2,33.4,0
"03490",20050529,2005,5,29,14,19.9,25.6,9.7
"03490",20050530,2005,5,30,10.1,12.6,15.2,1.1
"03490",20050531,2005,5,31,6.4,12.8,19.5,0
"03490",20050601,2005,6,1,7.4,13.4,19.3,0.1
"03490",20050602,2005,6,2,8.2,16.1,24.4,0
"03490",20050603,2005,6,3,10.4,19.2,28.6,11.2
"03490",20050604,2005,6,4,12.2,15.4,18.9,0.1
"03490",20050605,2005,6,5,11.3,14.4,18.3,2.3
"03490",20050606,2005,6,6,9.5,12.9,15.4,1.7
"03490",20050607,2005,6,7,6.3,10.6,13.9,0
"03490",20050608,2005,6,8,4.5,10.7,17.2,0
"03490",20050609,2005,6,9,5.4,12.7,19.2,0
"03490",20050610,2005,6,10,7.1,14.1,20.4,0.2
"03490",20050611,2005,6,11,9.3,11.9,15.5,0
"03490",20050612,2005,6,12,6.3,11.6,17.7,0
"03490",20050613,2005,6,13,6.7,13.4,19.6,0.1
"03490",20050614,2005,6,14,6.9,15.5,23.1,0
"03490",20050615,2005,6,15,10,19.3,26.5,0
"03490",20050616,2005,6,16,15.6,20.1,24.2,0.2
"03490",20050617,2005,6,17,16.5,19.9,23.4,0.3
"03490",20050618,2005,6,18,11.9,20.9,27.1,0
"03490",20050619,2005,6,19,10.4,20.4,29.9,0
"03490",20050620,2005,6,20,12.6,23,32.7,0
"03490",20050621,2005,6,21,14.4,22.7,30.1,0
"03490",20050622,2005,6,22,14.5,20.3,26.3,0
"03490",20050623,2005,6,23,13.4,22.7,31.5,0.1
"03490",20050624,2005,6,24,17.9,25,32.6,0
"03490",20050625,2005,6,25,18.1,23.1,25.9,1.5
"03490",20050626,2005,6,26,15.8,20,25.3,0
"03490",20050627,2005,6,27,13.8,21.2,28.8,0
"03490",20050628,2005,6,28,15,22.3,30,7.2
"03490",20050629,2005,6,29,16.4,20.3,26.7,12
"03490",20050630,2005,6,30,14.6,18.9,24.8,8.2
"03490",20050701,2005,7,1,13.9,17,22.4,1.8
"03490",20050702,2005,7,2,13.2,17.9,22.5,3.3
"03490",20050703,2005,7,3,15.7,21.2,27.8,0
"03490",20050704,2005,7,4,11.3,18.9,27.1,8.7
"03490",20050705,2005,7,5,8.1,14.6,20.6,0
"03490",20050706,2005,7,6,8.1,15.3,20,2.6
"03490",20050707,2005,7,7,11.9,14.8,18,0
"03490",20050708,2005,7,8,11.1,14.7,19.7,0.4
"03490",20050709,2005,7,9,10.3,16.6,24.2,0
"03490",20050710,2005,7,10,12.8,20.4,28,0
"03490",20050711,2005,7,11,16,21.3,28.3,0
"03490",20050712,2005,7,12,15.5,21.6,28.1,0
"03490",20050713,2005,7,13,15.8,22.9,30,0
"03490",20050714,2005,7,14,17,22.9,29.3,0
"03490",20050715,2005,7,15,13.9,22.9,30.1,0
"03490",20050716,2005,7,16,15.3,21.2,26.7,0
"03490",20050717,2005,7,17,13.1,19.2,26,0
"03490",20050718,2005,7,18,11.4,21,30.9,5
"03490",20050719,2005,7,19,16.2,18.4,21.4,0
"03490",20050720,2005,7,20,10.4,17,23,4
"03490",20050721,2005,7,21,12.9,16.4,19.4,0
"03490",20050722,2005,7,22,13.5,15.5,17.9,0
"03490",20050723,2005,7,23,9.9,15.7,20.3,0
"03490",20050724,2005,7,24,10.5,17,24.4,3.5
"03490",20050725,2005,7,25,14,19.3,25.1,7.1
"03490",20050726,2005,7,26,13.4,16.7,20,0.7
"03490",20050727,2005,7,27,14.1,21.4,30.7,8
"03490",20050728,2005,7,28,16.8,23,32.3,11.4
"03490",20050729,2005,7,29,17.7,22.1,28.6,4.9
"03490",20050730,2005,7,30,12.5,18.5,23.3,0
"03490",20050731,2005,7,31,10.5,16.5,22.1,0
"03490",20050801,2005,8,1,13.7,17.2,21.8,0
"03490",20050802,2005,8,2,11.1,16.3,21.8,0
"03490",20050803,2005,8,3,9.3,16.6,24,0.4
"03490",20050804,2005,8,4,11,16.2,21.9,0
"03490",20050805,2005,8,5,9.1,15.6,20.5,6
"03490",20050806,2005,8,6,10,14.8,20.6,4.5
"03490",20050807,2005,8,7,9.4,12.8,17.7,3.5
"03490",20050808,2005,8,8,12.1,14.4,18,0.1
"03490",20050809,2005,8,9,8.8,15.7,20.6,0
"03490",20050810,2005,8,10,8.3,14.2,19.9,0
"03490",20050811,2005,8,11,12.6,17.1,22.9,2.5
"03490",20050812,2005,8,12,12.4,16.7,22.8,2.3
"03490",20050813,2005,8,13,8.8,16,22.5,6.5
"03490",20050814,2005,8,14,13.4,15.1,18.2,30
"03490",20050815,2005,8,15,13.4,14.4,15.4,5.5
"03490",20050816,2005,8,16,12.2,15.6,20.6,0
"03490",20050817,2005,8,17,11.2,17.1,25.2,0
"03490",20050818,2005,8,18,11.3,19.1,27.3,0
"03490",20050819,2005,8,19,14,19.4,25.9,0.8
"03490",20050820,2005,8,20,11.8,16.7,22.2,0
"03490",20050821,2005,8,21,12.9,15.9,17.6,0.6
"03490",20050822,2005,8,22,15.5,17.1,18.4,0
"03490",20050823,2005,8,23,14.1,16.9,22.3,6.8
"03490",20050824,2005,8,24,12.7,16.5,21.5,0
"03490",20050825,2005,8,25,11.2,14.8,17.4,2.6
"03490",20050826,2005,8,26,8.7,14.6,19.5,0
"03490",20050827,2005,8,27,6.4,14.1,21.4,0
"03490",20050828,2005,8,28,8.5,15.8,23.4,0
"03490",20050829,2005,8,29,10,17.9,27,0
"03490",20050830,2005,8,30,11.8,19.4,29,0
"03490",20050831,2005,8,31,12.2,19.9,29.8,0
"03490",20050901,2005,9,1,13.2,20,27.8,1.2
"03490",20050902,2005,9,2,15.3,19.3,25.3,0
"03490",20050903,2005,9,3,10.9,18.3,26.3,0
"03490",20050904,2005,9,4,8.9,16.6,26.5,0
"03490",20050905,2005,9,5,8.4,17.2,27.9,0
"03490",20050906,2005,9,6,8.8,18.7,28.8,0
"03490",20050907,2005,9,7,14.5,21.3,30,0
"03490",20050908,2005,9,8,14.1,21.4,30.2,0.9
"03490",20050909,2005,9,9,13.5,19.5,26.5,2.8
"03490",20050910,2005,9,10,16.1,19.5,25.8,18.3
"03490",20050911,2005,9,11,16.3,17.5,18.7,11.1
"03490",20050912,2005,9,12,15.1,16.2,17,8
"03490",20050913,2005,9,13,9.7,15.1,20.8,0
"03490",20050914,2005,9,14,9.1,16.3,21.6,0
"03490",20050915,2005,9,15,13.1,18.6,23.1,7.3
"03490",20050916,2005,9,16,9.6,13.9,17.9,2
"03490",20050917,2005,9,17,5.8,10,15.6,0
"03490",20050918,2005,9,18,4.2,9.5,17.6,0
"03490",20050919,2005,9,19,3.2,10,18.9,0
"03490",20050920,2005,9,20,4.3,11,19.6,0
"03490",20050921,2005,9,21,5.1,11.7,20.5,0
"03490",20050922,2005,9,22,6.1,12.1,20.8,0
"03490",20050923,2005,9,23,6.3,13.3,23.3,0
"03490",20050924,2005,9,24,6.1,12.9,18.3,0
"03490",20050925,2005,9,25,7,14.7,24,0.9
"03490",20050926,2005,9,26,8.4,14.4,20.1,0
"03490",20050927,2005,9,27,11.5,15.8,21.6,3.1
"03490",20050928,2005,9,28,9.3,13.5,18,1.5
"03490",20050929,2005,9,29,9.2,12.4,16.1,2.6
"03490",20050930,2005,9,30,8.8,12.4,15.7,9.6
"03490",20051001,2005,10,1,6.9,12.4,15.7,4
"03490",20051002,2005,10,2,5.7,10.3,15.2,0.1
"03490",20051003,2005,10,3,8.3,10.8,13.1,0
"03490",20051004,2005,10,4,10.4,12.8,17.4,0
"03490",20051005,2005,10,5,10.6,14.4,20.9,0
"03490",20051006,2005,10,6,10,13.8,21.8,0
"03490",20051007,2005,10,7,7.5,12,19.4,0
"03490",20051008,2005,10,8,5.5,12.2,20.5,0
"03490",20051009,2005,10,9,6,11.9,22.6,0
"03490",20051010,2005,10,10,6.2,11.9,20.5,0
"03490",20051011,2005,10,11,5.8,12.3,20,0
"03490",20051012,2005,10,12,5.1,11.7,22.2,0
"03490",20051013,2005,10,13,3.1,10.5,20.3,0
"03490",20051014,2005,10,14,4.1,10.4,21.4,0
"03490",20051015,2005,10,15,2.5,9.2,19,0
"03490",20051016,2005,10,16,2,8.3,17.8,0
"03490",20051017,2005,10,17,-0.9,6.7,14.2,0
"03490",20051018,2005,10,18,3.7,8.6,14.2,0
"03490",20051019,2005,10,19,5.2,7.7,9.5,3.5
"03490",20051020,2005,10,20,5,10.7,15.3,0
"03490",20051021,2005,10,21,8.6,14.3,18.5,11.1
"03490",20051022,2005,10,22,10,14.2,18,1.5
"03490",20051023,2005,10,23,8.3,13,16.3,0.5
"03490",20051024,2005,10,24,9.7,13,15.5,1.2
"03490",20051025,2005,10,25,11.3,15.7,18,0.4
"03490",20051026,2005,10,26,7.7,14.4,19.9,0
"03490",20051027,2005,10,27,6.9,14.4,23.6,0
"03490",20051028,2005,10,28,7.1,13.3,23.9,0
"03490",20051029,2005,10,29,7.4,13.6,20.5,0
"03490",20051030,2005,10,30,5.6,11.5,22.4,0
"03490",20051031,2005,10,31,5,12.8,20.5,3.8
"03490",20051101,2005,11,1,3.3,11.5,16.9,0.2
"03490",20051102,2005,11,2,1.8,11.1,17.2,2
"03490",20051103,2005,11,3,10.5,14.7,18.8,2.2
"03490",20051104,2005,11,4,9,13.4,17.1,4.4
"03490",20051105,2005,11,5,2.2,7.9,12.2,0.2
"03490",20051106,2005,11,6,2.5,7.3,14.8,0
"03490",20051107,2005,11,7,2.5,7.4,11.4,1.2
"03490",20051108,2005,11,8,3,8.9,17.1,0
"03490",20051109,2005,11,9,0.6,8,14.2,1
"03490",20051110,2005,11,10,6,9.8,13.3,0.7
"03490",20051111,2005,11,11,9.1,10.7,12.4,0.8
"03490",20051112,2005,11,12,4.4,8.5,11.1,0.2
"03490",20051113,2005,11,13,7,8.7,10,1
"03490",20051114,2005,11,14,3.4,6.5,8.2,0
"03490",20051115,2005,11,15,2.5,6.6,9.1,7.7
"03490",20051116,2005,11,16,3.9,6.4,8.1,0.4
"03490",20051117,2005,11,17,1.8,5.1,7.6,0
"03490",20051118,2005,11,18,-1.3,3.5,6.3,1.2
"03490",20051119,2005,11,19,-0.7,2,6.9,0.1
"03490",20051120,2005,11,20,0.3,3.8,6.5,0
"03490",20051121,2005,11,21,-2.2,4.9,7.4,2
"03490",20051122,2005,11,22,-2.8,-0.8,4,0
"03490",20051123,2005,11,23,-2.8,-0.3,1.6,0
"03490",20051124,2005,11,24,0.6,2.7,5.8,3
"03490",20051125,2005,11,25,1.1,1.9,2.9,0
"03490",20051126,2005,11,26,1.2,2.4,3.8,0.2
"03490",20051127,2005,11,27,0.1,2.3,4.9,4.5
"03490",20051128,2005,11,28,-1.7,1.2,3.6,0
"03490",20051129,2005,11,29,0,2.5,6,0
"03490",20051130,2005,11,30,0,2.7,5.4,0
"03490",20051201,2005,12,1,-4.1,0.8,5.4,0
"03490",20051202,2005,12,2,-1.3,0.9,3,1.7
"03490",20051203,2005,12,3,2.2,6.1,9.3,0.4
"03490",20051204,2005,12,4,4.7,8.2,10,2.1
"03490",20051205,2005,12,5,5.6,7.1,8,0
"03490",20051206,2005,12,6,0.9,5.3,7.9,1.5
"03490",20051207,2005,12,7,3.9,5.6,8.3,0.7
"03490",20051208,2005,12,8,0,3.1,6.4,0.5
"03490",20051209,2005,12,9,1.6,3.5,4.7,0
"03490",20051210,2005,12,10,-4.8,-0.7,3.2,0
"03490",20051211,2005,12,11,-5.3,-1.2,2.4,0
"03490",20051212,2005,12,12,1.3,2.8,4.9,0.4
"03490",20051213,2005,12,13,1.8,4.2,6,0
"03490",20051214,2005,12,14,3.9,5.5,6.5,2.4
"03490",20051215,2005,12,15,4.7,6.5,7.8,3.9
"03490",20051216,2005,12,16,2.5,6.5,9.7,5.2
"03490",20051217,2005,12,17,0.3,2,3.2,0.3
"03490",20051218,2005,12,18,-0.4,1.2,3.3,0.1
"03490",20051219,2005,12,19,-0.2,2,5.2,3.6
"03490",20051220,2005,12,20,-0.5,3.3,5.2,0
"03490",20051221,2005,12,21,-3.1,1.4,4.5,0.5
"03490",20051222,2005,12,22,2.2,4.9,6.8,5.3
"03490",20051223,2005,12,23,6.1,6.8,7.7,0
"03490",20051224,2005,12,24,6,7.1,8.4,0.2
"03490",20051225,2005,12,25,1.1,4.5,6.5,2.2
"03490",20051226,2005,12,26,-2.1,1.8,4.1,4.8
"03490",20051227,2005,12,27,-3.4,-2.1,-1.3,4
"03490",20051228,2005,12,28,-3.9,-2.2,-0.9,1.6
"03490",20051229,2005,12,29,-4,-2.1,-0.7,0
"03490",20051230,2005,12,30,-5.7,-2,-0.6,3.4
"03490",20051231,2005,12,31,-1.3,4.4,7.6,0.5
"03490",20060101,2006,1,1,-0.8,3.7,6.9,0
"03490",20060102,2006,1,2,-0.7,2.7,4,0.1
"03490",20060103,2006,1,3,-1.4,2,3.3,0
"03490",20060104,2006,1,4,-2.7,-0.3,2.9,0
"03490",20060105,2006,1,5,-1.4,1.1,2.1,0
"03490",20060106,2006,1,6,-4,-0.6,1,0
"03490",20060107,2006,1,7,-1.5,0.8,4.1,0
"03490",20060108,2006,1,8,-3,2,4.6,0
"03490",20060109,2006,1,9,-5.7,-2.5,2.2,0
"03490",20060110,2006,1,10,-6.5,-3.4,1.3,0
"03490",20060111,2006,1,11,-6.4,-1.3,4.5,3.2
"03490",20060112,2006,1,12,0.6,1.7,3.2,0
"03490",20060113,2006,1,13,-4.7,-0.5,2.1,0
"03490",20060114,2006,1,14,-6.6,-3.4,3,0
"03490",20060115,2006,1,15,-8.5,-5.2,-2,0
"03490",20060116,2006,1,16,-8.8,-3.4,3.4,0.3
"03490",20060117,2006,1,17,-0.3,3,5.7,3.1
"03490",20060118,2006,1,18,1.7,4.8,6.2,0.9
"03490",20060119,2006,1,19,-1.9,2.1,7.4,0
"03490",20060120,2006,1,20,2.7,7.3,9.6,1.7
"03490",20060121,2006,1,21,2.9,5.3,6.4,6.4
"03490",20060122,2006,1,22,-3.6,1.1,2.9,0
"03490",20060123,2006,1,23,-6.5,-4.2,-1.4,0
"03490",20060124,2006,1,24,-6.4,-3.6,0.2,0
"03490",20060125,2006,1,25,-8.5,-2.2,2.5,4
"03490",20060126,2006,1,26,-7.6,-2.7,1.4,0
"03490",20060127,2006,1,27,-9.9,-5.5,-2.6,0
"03490",20060128,2006,1,28,-10.7,-5.8,2.5,0
"03490",20060129,2006,1,29,-9,-4.5,3.8,0
"03490",20060130,2006,1,30,-8.4,-3.9,3.2,0
"03490",20060131,2006,1,31,-4.5,-2,0,0
"03490",20060201,2006,2,1,-9.9,-4.2,3.5,0
"03490",20060202,2006,2,2,-9.7,-5.7,-2.8,0
"03490",20060203,2006,2,3,-5.5,-3.7,-1.6,0
"03490",20060204,2006,2,4,-1.6,-0.3,1.4,0.5
"03490",20060205,2006,2,5,-2.8,-0.1,1.7,2.6
"03490",20060206,2006,2,6,0,1.4,3.7,1.1
"03490",20060207,2006,2,7,2.8,5.1,6.7,0.1
"03490",20060208,2006,2,8,1.9,4.1,5.7,12.7
"03490",20060209,2006,2,9,0.5,2.6,3.4,0.5
"03490",20060210,2006,2,10,1,2.1,2.9,0.8
"03490",20060211,2006,2,11,-0.3,1.1,4.3,0
"03490",20060212,2006,2,12,-0.5,1.6,4.5,0
"03490",20060213,2006,2,13,0.4,2.6,5.1,0
"03490",20060214,2006,2,14,2.1,4.7,8,0
"03490",20060215,2006,2,15,2.6,6.9,9.3,7.5
"03490",20060216,2006,2,16,2.9,6.7,10.3,9.4
"03490",20060217,2006,2,17,0.9,5.9,8.8,0
"03490",20060218,2006,2,18,0.2,5.1,8.9,4.5
"03490",20060219,2006,2,19,0.1,5.1,8.8,1.7
"03490",20060220,2006,2,20,2.1,3.2,4.1,4.2
"03490",20060221,2006,2,21,1.3,2.7,4,1.4
"03490",20060222,2006,2,22,0.6,1.9,3,0
"03490",20060223,2006,2,23,-0.9,0.3,1.3,0
"03490",20060224,2006,2,24,-1.3,1.8,5.8,0
"03490",20060225,2006,2,25,-4.4,-0.7,4.7,0
"03490",20060226,2006,2,26,-2.9,-1.4,1.4,0
"03490",20060227,2006,2,27,-4.8,-0.3,3.7,0.2
"03490",20060228,2006,2,28,-0.1,2,4.1,5.3
"03490",20060301,2006,3,1,-1.6,-0.1,2.2,0.6
"03490",20060302,2006,3,2,-2.5,0.1,3.2,0
"03490",20060303,2006,3,3,-3.4,-0.8,1.3,3.6
"03490",20060304,2006,3,4,-5.5,-1.7,3,0
"03490",20060305,2006,3,5,-3.4,0.2,3.7,0.4
"03490",20060306,2006,3,6,0.2,1.9,5.2,0.9
"03490",20060307,2006,3,7,-2.1,1.5,5.4,0
"03490",20060308,2006,3,8,-2.2,1.7,6.8,9.3
"03490",20060309,2006,3,9,6.4,8.8,11.4,1.8
"03490",20060310,2006,3,10,2.9,5.7,7.8,7.5
"03490",20060311,2006,3,11,-4.6,0.8,4.4,2.5
"03490",20060312,2006,3,12,-6.4,-3.7,0,0
"03490",20060313,2006,3,13,-9,-3.2,3.2,0
"03490",20060314,2006,3,14,-6.8,-0.8,6,0
"03490",20060315,2006,3,15,-4.1,0.7,6.6,0
"03490",20060316,2006,3,16,-0.1,1.1,2.8,0
"03490",20060317,2006,3,17,-1.4,1.8,4.4,0
"03490",20060318,2006,3,18,-2.5,2.4,8.6,0
"03490",20060319,2006,3,19,-4.5,2,11.5,0
"03490",20060320,2006,3,20,-3.3,0.7,6.2,1.5
"03490",20060321,2006,3,21,0.4,2,4,2.3
"03490",20060322,2006,3,22,-2.4,2.1,7.7,0
"03490",20060323,2006,3,23,-4.2,2.4,9.6,0
"03490",20060324,2006,3,24,2.3,5.8,10.1,0.2
"03490",20060325,2006,3,25,5.9,11.7,16.1,1.3
"03490",20060326,2006,3,26,11.2,15.2,17.8,0
"03490",20060327,2006,3,27,8.7,15,18.5,0.4
"03490",20060328,2006,3,28,7.7,10.9,15.5,1.4
"03490",20060329,2006,3,29,5.4,8.9,12,1.1
"03490",20060330,2006,3,30,5.5,11.8,17.1,9.4
"03490",20060331,2006,3,31,7.8,12.3,15.7,1.3
"03490",20060401,2006,4,1,4.9,11,16.1,3
"03490",20060402,2006,4,2,3,8.7,14.2,1.1
"03490",20060403,2006,4,3,5.6,8.2,11.4,3.1
"03490",20060404,2006,4,4,2.1,6.2,9.8,0.4
"03490",20060405,2006,4,5,-1.1,3.1,8.2,0.1
"03490",20060406,2006,4,6,-1.1,4.8,11,0
"03490",20060407,2006,4,7,-1.5,6.9,13.1,0
"03490",20060408,2006,4,8,0.1,8.2,14.6,0.7
"03490",20060409,2006,4,9,4.3,7.5,11.6,0
"03490",20060410,2006,4,10,2.7,6,9.6,0
"03490",20060411,2006,4,11,0,5.6,10.4,1
"03490",20060412,2006,4,12,2.8,7.3,12.4,0.6
"03490",20060413,2006,4,13,3.6,9.2,12.5,5.1
"03490",20060414,2006,4,14,7.1,10.2,13.8,3.5
"03490",20060415,2006,4,15,5.6,11.3,15.6,0.8
"03490",20060416,2006,4,16,10.8,12.3,14.9,1.6
"03490",20060417,2006,4,17,5.1,10.4,13.4,0.3
"03490",20060418,2006,4,18,1.9,8.8,15.2,0
"03490",20060419,2006,4,19,3.3,9.7,16.2,0
"03490",20060420,2006,4,20,4.5,10.5,17.1,0
"03490",20060421,2006,4,21,5.4,13.4,21.9,0.1
"03490",20060422,2006,4,22,7.7,10.8,14,0
"03490",20060423,2006,4,23,3.5,9.6,15.5,0
"03490",20060424,2006,4,24,6.4,13,21.1,0
"03490",20060425,2006,4,25,6.5,14.5,22.8,3.3
"03490",20060426,2006,4,26,11.4,13.8,16.4,0
"03490",20060427,2006,4,27,7.1,11.9,15.1,0
"03490",20060428,2006,4,28,5,9,14.9,0
"03490",20060429,2006,4,29,3.8,5.8,10.5,4.2
"03490",20060430,2006,4,30,0.5,5.4,11.4,7.5
"03490",20060501,2006,5,1,0,8,12.9,2.3
"03490",20060502,2006,5,2,5.6,13.3,20.6,0
"03490",20060503,2006,5,3,5.9,16.5,26,0
"03490",20060504,2006,5,4,9.9,17.3,24.9,0
"03490",20060505,2006,5,5,8.6,16.8,24.9,0
"03490",20060506,2006,5,6,6.6,15.8,23.7,0
"03490",20060507,2006,5,7,4.5,15.1,23.8,0
"03490",20060508,2006,5,8,5.4,16,23.4,0
"03490",20060509,2006,5,9,8.5,16.2,24,3.8
"03490",20060510,2006,5,10,9,15.4,24.4,0
"03490",20060511,2006,5,11,7.9,16.6,25.5,0
"03490",20060512,2006,5,12,6,17.5,26.6,0
"03490",20060513,2006,5,13,11.4,15.5,18.4,6.9
"03490",20060514,2006,5,14,7.6,12.7,16.1,0
"03490",20060515,2006,5,15,6.7,15.4,23,0
"03490",20060516,2006,5,16,11,16.9,22.2,7.3
"03490",20060517,2006,5,17,11,15.8,20.8,5.1
"03490",20060518,2006,5,18,12.1,16,20.5,5.5
"03490",20060519,2006,5,19,11.2,13.6,17.3,2
"03490",20060520,2006,5,20,8.2,12.5,16.1,7.1
"03490",20060521,2006,5,21,11.2,14.7,18.6,1.1
"03490",20060522,2006,5,22,9.9,15.5,19.5,2.1
"03490",20060523,2006,5,23,4.9,11.2,15.8,2.2
"03490",20060524,2006,5,24,2.6,10.5,16.9,4
"03490",20060525,2006,5,25,9.2,12.1,15.6,1.7
"03490",20060526,2006,5,26,7.4,13.3,17.2,10.8
"03490",20060527,2006,5,27,13.8,16.5,19,10.9
"03490",20060528,2006,5,28,9.7,14.7,18.5,0
"03490",20060529,2006,5,29,7.4,10.3,15.7,6.6
"03490",20060530,2006,5,30,6.2,8.3,12.8,1
"03490",20060531,2006,5,31,5.6,8.7,11.6,1.2
"03490",20060601,2006,6,1,7.2,8.9,12.3,3.1
"03490",20060602,2006,6,2,7.6,11.4,16.2,0.1
"03490",20060603,2006,6,3,6.8,13.6,18.3,0
"03490",20060604,2006,6,4,8.9,12.7,16.6,0
"03490",20060605,2006,6,5,7.3,12.1,16.7,0
"03490",20060606,2006,6,6,5.4,12.5,19.6,0
"03490",20060607,2006,6,7,7,14.8,21.9,0
"03490",20060608,2006,6,8,8.6,16.5,23.9,0
"03490",20060609,2006,6,9,9.7,18.1,25.8,0
"03490",20060610,2006,6,10,11.2,19.3,27.1,0
"03490",20060611,2006,6,11,9.7,19.3,27.5,0
"03490",20060612,2006,6,12,8.6,19.8,29.3,0
"03490",20060613,2006,6,13,10.9,22.5,31.8,0
"03490",20060614,2006,6,14,14,22.2,28.4,8.3
"03490",20060615,2006,6,15,15.2,19.1,25.1,2.3
"03490",20060616,2006,6,16,10.8,15.3,20.8,0
"03490",20060617,2006,6,17,9.2,16.5,23.7,0
"03490",20060618,2006,6,18,10.2,21.6,30.4,0
"03490",20060619,2006,6,19,15.6,21.4,28.1,0.3
"03490",20060620,2006,6,20,15.7,21.2,25.6,0
"03490",20060621,2006,6,21,15.2,20.6,25.2,0.1
"03490",20060622,2006,6,22,11.3,16.5,20.5,0
"03490",20060623,2006,6,23,8.9,15.7,22,0
"03490",20060624,2006,6,24,9.7,19.2,27.7,0
"03490",20060625,2006,6,25,14.9,21.5,31.1,5.5
"03490",20060626,2006,6,26,13.5,20.7,25.6,0
"03490",20060627,2006,6,27,13.5,16.4,20.5,2.5
"03490",20060628,2006,6,28,13,17.6,22.5,0
"03490",20060629,2006,6,29,12,19,26.2,0
"03490",20060630,2006,6,30,13.6,20.9,28.6,0
"03490",20060701,2006,7,1,13.4,21.6,30.1,0
"03490",20060702,2006,7,2,11.7,21.2,29.4,0
"03490",20060703,2006,7,3,10.3,21.1,30.1,0
"03490",20060704,2006,7,4,15,23.6,32.9,0
"03490",20060705,2006,7,5,15.6,23.4,33,0
"03490",20060706,2006,7,6,17.3,21.9,28.6,10.8
"03490",20060707,2006,7,7,17.3,20.4,24.5,3.4
"03490",20060708,2006,7,8,15.5,20.1,25.6,0
"03490",20060709,2006,7,9,12,20.8,27.8,0
"03490",20060710,2006,7,10,14.1,21.1,27.8,0
"03490",20060711,2006,7,11,16.4,23,31.6,0.9
"03490",20060712,2006,7,12,16.9,22.5,28.3,0
"03490",20060713,2006,7,13,17,23.7,30.3,0
"03490",20060714,2006,7,14,10.5,19.6,25.9,0
"03490",20060715,2006,7,15,10.5,19.2,28.7,0
"03490",20060716,2006,7,16,11.7,21.1,29.7,0
"03490",20060717,2006,7,17,9.7,21.4,31.4,0
"03490",20060718,2006,7,18,14.1,24,34.1,0
"03490",20060719,2006,7,19,15.6,25.7,36.8,0
"03490",20060720,2006,7,20,16.6,25.5,33.7,0
"03490",20060721,2006,7,21,18.8,26,33.8,0
"03490",20060722,2006,7,22,17.2,22.3,34.9,17.4
"03490",20060723,2006,7,23,17.7,23.5,30.7,0
"03490",20060724,2006,7,24,16.7,23.6,30.7,0
"03490",20060725,2006,7,25,17.4,25.5,33.8,0
"03490",20060726,2006,7,26,19.3,24.8,33.4,1.1
"03490",20060727,2006,7,27,18.9,24.4,30.8,0.1
"03490",20060728,2006,7,28,17.8,21.5,25.9,0.2
"03490",20060729,2006,7,29,16.7,22.1,28.2,0
"03490",20060730,2006,7,30,15.1,22.8,31.6,0.2
"03490",20060731,2006,7,31,13.7,20,25.2,0
"03490",20060801,2006,8,1,13.2,18.2,24.6,0.2
"03490",20060802,2006,8,2,10.6,16.6,22.2,1.3
"03490",20060803,2006,8,3,9.3,15.3,20.3,0.5
"03490",20060804,2006,8,4,12.3,16.8,22.7,23.9
"03490",20060805,2006,8,5,13.9,18.8,24.8,0.8
"03490",20060806,2006,8,6,17.1,19.7,24.3,0
"03490",20060807,2006,8,7,12.9,19.5,24.9,0.7
"03490",20060808,2006,8,8,15.7,18,21.4,0
"03490",20060809,2006,8,9,12.3,16.7,22.5,2.1
"03490",20060810,2006,8,10,9.2,14.2,19.1,0.8
"03490",20060811,2006,8,11,11,13.7,18.9,1.7
"03490",20060812,2006,8,12,8.8,13.3,18,0.4
"03490",20060813,2006,8,13,7.2,13.1,19.9,0.2
"03490",20060814,2006,8,14,7,14,21.1,11.6
"03490",20060815,2006,8,15,11.7,17.1,22.9,0
"03490",20060816,2006,8,16,10.5,16,22.7,0
"03490",20060817,2006,8,17,11.1,18.6,26.3,5.6
"03490",20060818,2006,8,18,13.1,18,23.6,0
"03490",20060819,2006,8,19,10.8,17.6,26.1,0.1
"03490",20060820,2006,8,20,15.1,18.2,21.6,0.8
"03490",20060821,2006,8,21,12,16.1,21.3,20.3
"03490",20060822,2006,8,22,12.3,15.8,20,0
"03490",20060823,2006,8,23,10.4,16.3,23.5,0
"03490",20060824,2006,8,24,12.3,16.1,20.6,14.7
"03490",20060825,2006,8,25,12.9,15.9,19.7,10.6
"03490",20060826,2006,8,26,10.2,15.5,21.3,1.8
"03490",20060827,2006,8,27,11.5,15.1,20.2,5.7
"03490",20060828,2006,8,28,11.3,13.6,17.6,5.4
"03490",20060829,2006,8,29,9.7,13.2,18.3,2.8
"03490",20060830,2006,8,30,9.3,13.6,19.2,1.5
"03490",20060831,2006,8,31,6.8,14.9,20.5,0
"03490",20060901,2006,9,1,14.8,19.3,25.4,0
"03490",20060902,2006,9,2,12,18.9,24.4,0
"03490",20060903,2006,9,3,18.8,21.3,24,0.2
"03490",20060904,2006,9,4,13.9,20,24.4,0
"03490",20060905,2006,9,5,11.5,17.7,25,0
"03490",20060906,2006,9,6,12.6,19.6,28.5,0
"03490",20060907,2006,9,7,11.5,16.9,24.8,1.2
"03490",20060908,2006,9,8,8.8,13.8,19.9,0
"03490",20060909,2006,9,9,6.5,13.1,22.3,0
"03490",20060910,2006,9,10,6.1,15.3,25.5,0
"03490",20060911,2006,9,11,9,17.9,28.7,0
"03490",20060912,2006,9,12,12.8,19.6,29.2,0
"03490",20060913,2006,9,13,11.9,19.8,29.7,0
"03490",20060914,2006,9,14,11.6,19,27.1,0
"03490",20060915,2006,9,15,11.5,19,25.9,0
"03490",20060916,2006,9,16,14.3,19.7,26.3,0
"03490",20060917,2006,9,17,15.8,18.2,20.7,9.1
"03490",20060918,2006,9,18,14.7,16.3,17.5,0.2
"03490",20060919,2006,9,19,8.4,14.3,20.2,1
"03490",20060920,2006,9,20,7.3,12.6,22.1,0
"03490",20060921,2006,9,21,6,15.8,26.4,0
"03490",20060922,2006,9,22,9.3,18.2,28.2,0
"03490",20060923,2006,9,23,11.4,17.6,26.1,0
"03490",20060924,2006,9,24,14.8,17.9,23.6,0.2
"03490",20060925,2006,9,25,13.8,17.3,21.5,0.1
"03490",20060926,2006,9,26,12.6,15.8,19.5,0
"03490",20060927,2006,9,27,10,15.2,21.5,0
"03490",20060928,2006,9,28,8,14.5,21.3,0
"03490",20060929,2006,9,29,8,15.2,23.2,0.2
"03490",20060930,2006,9,30,10.7,16.2,22.7,0
"03490",20061001,2006,10,1,12.2,16.7,22.1,0.8
"03490",20061002,2006,10,2,13.2,16.4,18.1,1.5
"03490",20061003,2006,10,3,12.1,13.8,16.4,1.4
"03490",20061004,2006,10,4,9.4,13.1,15.8,0.1
"03490",20061005,2006,10,5,9.1,13.5,17,2
"03490",20061006,2006,10,6,12.9,16,19.3,2.8
"03490",20061007,2006,10,7,6.5,12.5,16.8,0.4
"03490",20061008,2006,10,8,3.2,9.8,18,0
"03490",20061009,2006,10,9,3.6,11.2,21,0
"03490",20061010,2006,10,10,6.9,13.1,22.1,0
"03490",20061011,2006,10,11,6.3,13.3,23.5,0
"03490",20061012,2006,10,12,7.8,15,22.1,0.1
"03490",20061013,2006,10,13,11.5,14.9,15.9,0
"03490",20061014,2006,10,14,4.7,12.4,15.4,0
"03490",20061015,2006,10,15,3.4,9.1,17.7,0
"03490",20061016,2006,10,16,1.9,8.8,16.8,0
"03490",20061017,2006,10,17,0.4,8.8,19.2,0
"03490",20061018,2006,10,18,3.3,10.8,20.3,0
"03490",20061019,2006,10,19,7,12.6,16.4,1
"03490",20061020,2006,10,20,10.9,16.1,20.3,0
"03490",20061021,2006,10,21,9.3,14.4,18.6,0
"03490",20061022,2006,10,22,12.2,16.3,20.2,0.4
"03490",20061023,2006,10,23,15.4,17.5,19.8,6.7
"03490",20061024,2006,10,24,8.7,14,16.8,4.1
"03490",20061025,2006,10,25,7.1,12.3,16.8,0
"03490",20061026,2006,10,26,8.2,16.7,24.1,0
"03490",20061027,2006,10,27,12.1,16.5,19.7,0
"03490",20061028,2006,10,28,10.9,14.5,17,1
"03490",20061029,2006,10,29,11.2,15.4,18.7,0
"03490",20061030,2006,10,30,3.7,10.5,17.8,0
"03490",20061031,2006,10,31,2.4,9.8,16.1,1.2
"03490",20061101,2006,11,1,2.9,7.5,10.6,0.7
"03490",20061102,2006,11,2,-1.9,4.1,7.2,3.6
"03490",20061103,2006,11,3,4.3,6.5,8.4,0.2
"03490",20061104,2006,11,4,7.1,8.9,11.8,0
"03490",20061105,2006,11,5,8.8,10.5,11.7,0
"03490",20061106,2006,11,6,3.9,9.4,12.2,0
"03490",20061107,2006,11,7,-0.4,4.7,10.7,0
"03490",20061108,2006,11,8,-1.5,7.1,14.8,3.6
"03490",20061109,2006,11,9,4.7,9.9,13.4,0.2
"03490",20061110,2006,11,10,0.4,5.2,10.9,0
"03490",20061111,2006,11,11,1.1,7.6,11,1.5
"03490",20061112,2006,11,12,6.1,8.1,10.1,2.4
"03490",20061113,2006,11,13,6.6,10.4,13.7,0.8
"03490",20061114,2006,11,14,11.2,13.8,16,0.4
"03490",20061115,2006,11,15,8.7,13.3,16.4,0
"03490",20061116,2006,11,16,9.2,16,19.6,1.3
"03490",20061117,2006,11,17,9.6,12.7,16.2,0.5
"03490",20061118,2006,11,18,2.5,8.5,12.1,1.3
"03490",20061119,2006,11,19,4.8,7,11.8,5.3
"03490",20061120,2006,11,20,3.5,7.7,9.7,3.3
"03490",20061121,2006,11,21,1.8,8.2,11.8,1
"03490",20061122,2006,11,22,0.4,5.5,8.4,3.8
"03490",20061123,2006,11,23,5.5,10.4,14.9,6.4
"03490",20061124,2006,11,24,3.9,9.6,13.7,0.1
"03490",20061125,2006,11,25,11.3,15.9,18.7,0
"03490",20061126,2006,11,26,2.5,9.9,14.1,0
"03490",20061127,2006,11,27,3.2,7.8,16.9,0
"03490",20061128,2006,11,28,3.5,7.5,13.7,1.8
"03490",20061129,2006,11,29,0.4,6.8,12.5,0
"03490",20061130,2006,11,30,-0.3,5,9.3,0
"03490",20061201,2006,12,1,0.4,6.6,11.3,0
"03490",20061202,2006,12,2,0,6.5,12.3,0
"03490",20061203,2006,12,3,5.9,11.4,14.1,0.5
"03490",20061204,2006,12,4,9.1,10.6,13.6,0.9
"03490",20061205,2006,12,5,11.4,14.5,15.7,1.3
"03490",20061206,2006,12,6,7.2,10.3,12.1,0
"03490",20061207,2006,12,7,7.3,9.2,11.4,1.2
"03490",20061208,2006,12,8,8.6,10.6,13.5,4.6
"03490",20061209,2006,12,9,3,7.2,9.4,0.3
"03490",20061210,2006,12,10,1.5,5.3,8.3,0
"03490",20061211,2006,12,11,5,6.5,8.5,2.8
"03490",20061212,2006,12,12,3.7,7.1,9.5,0.1
"03490",20061213,2006,12,13,6.8,8.3,9.7,0
"03490",20061214,2006,12,14,0.6,6.6,11,0
"03490",20061215,2006,12,15,-2,1.3,8.8,0
"03490",20061216,2006,12,16,-2.2,5.5,10.5,3.5
"03490",20061217,2006,12,17,1.2,4.6,6.7,1.8
"03490",20061218,2006,12,18,0.5,3.2,4.9,0
"03490",20061219,2006,12,19,0.2,3,6,0
"03490",20061220,2006,12,20,-3.2,0.7,3.3,0.1
"03490",20061221,2006,12,21,3.2,4.3,5.7,0.5
"03490",20061222,2006,12,22,-0.4,1.4,4.7,0
"03490",20061223,2006,12,23,-1.3,2.5,3.8,0
"03490",20061224,2006,12,24,-1.4,-0.2,0.8,0
"03490",20061225,2006,12,25,-1.5,0.2,2.3,0
"03490",20061226,2006,12,26,-3.9,0.2,2.2,0
"03490",20061227,2006,12,27,-5.9,-1.8,0.2,0
"03490",20061228,2006,12,28,0.2,1.9,5,2.3
"03490",20061229,2006,12,29,-1.1,1.5,5.3,0
"03490",20061230,2006,12,30,-1.4,6.4,12.5,0.9
"03490",20061231,2006,12,31,9,10.6,13.1,3.5
"03490",20070101,2007,1,1,4.8,8.5,13.4,5.6
"03490",20070102,2007,1,2,4.6,5.7,6.9,2.5
"03490",20070103,2007,1,3,5.9,6.9,7.7,0.3
"03490",20070104,2007,1,4,7.5,8.4,9.5,2.5
"03490",20070105,2007,1,5,7.8,9,10.4,0
"03490",20070106,2007,1,6,9.4,11.4,12.9,1.9
"03490",20070107,2007,1,7,6.2,8.7,11.9,0
"03490",20070108,2007,1,8,6.4,10.2,12.2,0.2
"03490",20070109,2007,1,9,11.1,13.6,14.9,0
"03490",20070110,2007,1,10,6.7,11.7,14.4,3.2
"03490",20070111,2007,1,11,3.4,8,11.1,3.6
"03490",20070112,2007,1,12,7.8,9.9,12.8,0
"03490",20070113,2007,1,13,11.2,12,13,0.9
"03490",20070114,2007,1,14,1.1,7.3,11.8,0
"03490",20070115,2007,1,15,-2.6,1.3,6.7,0
"03490",20070116,2007,1,16,2.3,5.8,9.2,0.1
"03490",20070117,2007,1,17,5.9,10.7,13,14.2
"03490",20070118,2007,1,18,8.5,12.3,15.8,11.6
"03490",20070119,2007,1,19,5.6,9.8,12.9,4.1
"03490",20070120,2007,1,20,6.9,11.7,14.2,2.7
"03490",20070121,2007,1,21,3.2,7,9,0.9
"03490",20070122,2007,1,22,-2.8,3.7,6.1,0.3
"03490",20070123,2007,1,23,-6.6,-2.6,0.6,0
"03490",20070124,2007,1,24,-6.6,-2.7,1.3,0
"03490",20070125,2007,1,25,-7.1,-2.6,0.4,0
"03490",20070126,2007,1,26,-5.3,-1.2,3.4,0.3
"03490",20070127,2007,1,27,2.4,4.1,5.2,0.3
"03490",20070128,2007,1,28,4.3,5.7,7.3,1.1
"03490",20070129,2007,1,29,6.9,8,9.4,0
"03490",20070130,2007,1,30,5.6,6.8,8.3,1.6
"03490",20070131,2007,1,31,5.7,7.4,9.6,0.4
"03490",20070201,2007,2,1,6.3,7.9,9.3,0.9
"03490",20070202,2007,2,2,6.1,8.6,9.4,0
"03490",20070203,2007,2,3,3.9,5.9,7.2,0
"03490",20070204,2007,2,4,-1.1,4.4,8.8,0
"03490",20070205,2007,2,5,-2.2,2.8,5.8,0.1
"03490",20070206,2007,2,6,-0.6,2.5,5.4,2.4
"03490",20070207,2007,2,7,-1.4,0.7,1.8,0.1
"03490",20070208,2007,2,8,-2.7,2.4,6.9,2.4
"03490",20070209,2007,2,9,1.8,5,7.2,0.4
"03490",20070210,2007,2,10,2.6,6,10,0.1
"03490",20070211,2007,2,11,5.3,8.4,10.4,3.9
"03490",20070212,2007,2,12,5.9,8.6,11.7,2.6
"03490",20070213,2007,2,13,3.5,7.9,10.6,0.3
"03490",20070214,2007,2,14,3.1,6.2,8.7,1
"03490",20070215,2007,2,15,-0.6,6.1,10.8,0
"03490",20070216,2007,2,16,-1.9,4.9,11.8,0
"03490",20070217,2007,2,17,0.1,6,10.8,0
"03490",20070218,2007,2,18,-1.6,3.2,7.2,0
"03490",20070219,2007,2,19,-0.7,4.1,6.5,0
"03490",20070220,2007,2,20,-1.2,4.1,14.3,0
"03490",20070221,2007,2,21,-1.4,5.5,14.6,0.3
"03490",20070222,2007,2,22,1.2,6.6,12,0
"03490",20070223,2007,2,23,1.9,8.4,13.9,2.2
"03490",20070224,2007,2,24,6.8,9.5,12.4,3
"03490",20070225,2007,2,25,5.5,8.5,10.9,3.6
"03490",20070226,2007,2,26,5.7,7.4,9.5,4.1
"03490",20070227,2007,2,27,4.7,7,11.6,3.3
"03490",20070228,2007,2,28,8.2,10.4,12.6,4.2
"03490",20070301,2007,3,1,7.1,9.6,12.1,2.8
"03490",20070302,2007,3,2,0.4,6.3,10.7,1.6
"03490",20070303,2007,3,3,3,6.4,10.4,0.9
"03490",20070304,2007,3,4,-0.3,8.1,14.5,0
"03490",20070305,2007,3,5,5.3,10.1,13.5,3.5
"03490",20070306,2007,3,6,6.6,10.4,14.5,0.2
"03490",20070307,2007,3,7,3.2,9.1,12.5,0.4
"03490",20070308,2007,3,8,1.8,7.1,13.1,0
"03490",20070309,2007,3,9,0.4,5.6,10.9,6.6
"03490",20070310,2007,3,10,3.1,6.8,12.9,0
"03490",20070311,2007,3,11,1.5,7.4,15.5,0
"03490",20070312,2007,3,12,0,7.5,17.2,0
"03490",20070313,2007,3,13,0,8.6,16.3,0
"03490",20070314,2007,3,14,3,9,13.6,0
"03490",20070315,2007,3,15,0.3,7.5,15.9,0
"03490",20070316,2007,3,16,1.7,8,13,0
"03490",20070317,2007,3,17,7.6,9.4,10.7,1
"03490",20070318,2007,3,18,2.6,7.6,10.2,5.4
"03490",20070319,2007,3,19,1.1,3.9,7.4,1.1
"03490",20070320,2007,3,20,0.5,3.1,7.6,2.2
"03490",20070321,2007,3,21,1.9,3.9,7.5,8.9
"03490",20070322,2007,3,22,1,3,5.1,21.4
"03490",20070323,2007,3,23,2.6,3.4,4.9,2
"03490",20070324,2007,3,24,3.2,5.5,7.3,0.2
"03490",20070325,2007,3,25,2.7,7.7,13.1,0
"03490",20070326,2007,3,26,1.4,8.9,18.3,0
"03490",20070327,2007,3,27,0.7,8.3,16.7,0
"03490",20070328,2007,3,28,0.4,8.8,17.6,0
"03490",20070329,2007,3,29,0.3,7.4,15.7,1
"03490",20070330,2007,3,30,2.6,9,14.5,0.1
"03490",20070331,2007,3,31,4.2,9.2,15.5,0.4
"03490",20070401,2007,4,1,3.1,10.4,18.1,0
"03490",20070402,2007,4,2,3.7,11.1,19.4,0
"03490",20070403,2007,4,3,4.8,6.6,9.2,0.2
"03490",20070404,2007,4,4,2.3,7.2,13.1,0
"03490",20070405,2007,4,5,-0.1,7.4,14.5,0
"03490",20070406,2007,4,6,3.7,11,18.2,0
"03490",20070407,2007,4,7,2.9,7.8,11.3,0
"03490",20070408,2007,4,8,0.7,8.4,16.7,0
"03490",20070409,2007,4,9,1.8,10.6,18,0
"03490",20070410,2007,4,10,6,11.6,16.9,0
"03490",20070411,2007,4,11,6.7,12.3,18.2,0
"03490",20070412,2007,4,12,4.9,13.9,23.7,0
"03490",20070413,2007,4,13,8.2,16.1,26.1,0
"03490",20070414,2007,4,14,9.3,17.8,28.4,0
"03490",20070415,2007,4,15,8.3,17.7,27.7,0
"03490",20070416,2007,4,16,8.3,17.8,27.3,0
"03490",20070417,2007,4,17,8,12.8,17.8,0
"03490",20070418,2007,4,18,4.4,9,13.8,0
"03490",20070419,2007,4,19,1.2,10.6,18.6,0
"03490",20070420,2007,4,20,1.6,8.8,14.1,0
"03490",20070421,2007,4,21,0,8.5,17.1,0
"03490",20070422,2007,4,22,3.1,13.8,24.5,0
"03490",20070423,2007,4,23,7.7,16.7,24.5,0
"03490",20070424,2007,4,24,12.3,18.3,25.1,0
"03490",20070425,2007,4,25,10.9,18.8,27.2,0
"03490",20070426,2007,4,26,9.5,17.5,26.3,0
"03490",20070427,2007,4,27,9.5,18.1,27.1,0
"03490",20070428,2007,4,28,10.5,18.9,27.5,0
"03490",20070429,2007,4,29,10.2,17.4,24.9,0
"03490",20070430,2007,4,30,3.2,13.2,21.5,0
"03490",20070501,2007,5,1,2.3,13,21.5,0
"03490",20070502,2007,5,2,0.5,11.7,21.3,0
"03490",20070503,2007,5,3,4.9,13.9,22.1,0
"03490",20070504,2007,5,4,7.4,15.8,24.1,0
"03490",20070505,2007,5,5,10.6,15,21.9,0.5
"03490",20070506,2007,5,6,7.2,15.2,22,0.2
"03490",20070507,2007,5,7,13,15.4,18.4,5
"03490",20070508,2007,5,8,11.3,14.2,17.7,2.4
"03490",20070509,2007,5,9,10.5,12.1,14.1,9.3
"03490",20070510,2007,5,10,12.5,17,21.6,0.1
"03490",20070511,2007,5,11,9.4,14.8,19.3,2.8
"03490",20070512,2007,5,12,9.9,14.9,19.3,0.3
"03490",20070513,2007,5,13,7.2,15.7,24.8,5.8
"03490",20070514,2007,5,14,8.8,14.7,18.8,6.3
"03490",20070515,2007,5,15,9,12.4,17.2,0.2
"03490",20070516,2007,5,16,8.7,11.9,15.2,11.2
"03490",20070517,2007,5,17,7.4,10.1,13.3,0.7
"03490",20070518,2007,5,18,4.7,14.4,21.8,0.6
"03490",20070519,2007,5,19,13.2,16.8,20.3,0.3
"03490",20070520,2007,5,20,12.7,18.4,26.1,0.3
"03490",20070521,2007,5,21,13.1,20.3,27.8,0
"03490",20070522,2007,5,22,14.5,19.4,26.4,6.4
"03490",20070523,2007,5,23,14.2,17.6,22.2,0
"03490",20070524,2007,5,24,12.8,20.2,27.8,0
"03490",20070525,2007,5,25,13.9,20.4,27.8,5.7
"03490",20070526,2007,5,26,12.7,18.6,23.7,12.1
"03490",20070527,2007,5,27,11,15,18.9,3.9
"03490",20070528,2007,5,28,10.4,11.7,13.4,4.7
"03490",20070529,2007,5,29,4.2,11,13.6,0.1
"03490",20070530,2007,5,30,1.2,12.2,19.3,2.5
"03490",20070531,2007,5,31,10.1,13.7,18.8,3.5
"03490",20070601,2007,6,1,9.8,14.1,18.4,0.8
"03490",20070602,2007,6,2,10.6,16.9,23.1,0
"03490",20070603,2007,6,3,13.2,17.8,21.4,0
"03490",20070604,2007,6,4,14.2,18.6,23.6,0
"03490",20070605,2007,6,5,12.9,18.6,25.4,0
"03490",20070606,2007,6,6,12.4,19.8,27,0
"03490",20070607,2007,6,7,15.3,22,30,0
"03490",20070608,2007,6,8,16.6,23.4,31.8,0
"03490",20070609,2007,6,9,14.8,19,23.7,0.7
"03490",20070610,2007,6,10,13.9,18.8,25.7,3.3
"03490",20070611,2007,6,11,13.6,18.9,26.3,0
"03490",20070612,2007,6,12,12.8,17.8,21.4,0
"03490",20070613,2007,6,13,12,19.1,25.4,0
"03490",20070614,2007,6,14,15,21,27.4,0.5
"03490",20070615,2007,6,15,15,18.8,23.6,6.8
"03490",20070616,2007,6,16,13,17.4,21.7,0
"03490",20070617,2007,6,17,9.6,19,26.3,5.9
"03490",20070618,2007,6,18,12.6,18.9,25.3,1.4
"03490",20070619,2007,6,19,11.2,20.7,30.1,4.5
"03490",20070620,2007,6,20,16.6,20.9,26.2,0.4
"03490",20070621,2007,6,21,12.3,16.2,18.7,33.1
"03490",20070622,2007,6,22,13.1,16.1,20.7,2.1
"03490",20070623,2007,6,23,14.2,17.3,21.8,0.9
"03490",20070624,2007,6,24,14,18.1,22.7,6.7
"03490",20070625,2007,6,25,10.4,16.9,21.5,2
"03490",20070626,2007,6,26,10.8,13.7,16.9,1.2
"03490",20070627,2007,6,27,9.4,13.6,18,0.2
"03490",20070628,2007,6,28,12.8,14.9,18.3,0.3
"03490",20070629,2007,6,29,15,16.4,19.4,0.3
"03490",20070630,2007,6,30,13.4,18,22.3,0
"03490",20070701,2007,7,1,12.3,19.9,25.9,0.1
"03490",20070702,2007,7,2,11,18.2,23.1,1
"03490",20070703,2007,7,3,10.8,15,18.1,3.8
"03490",20070704,2007,7,4,11.8,14.7,19,3.4
"03490",20070705,2007,7,5,12.3,15.3,18.2,5
"03490",20070706,2007,7,6,13.4,16.9,20.6,0
"03490",20070707,2007,7,7,11.5,17,22.8,0
"03490",20070708,2007,7,8,10.3,18.4,25.1,0.4
"03490",20070709,2007,7,9,13.4,16.2,21.1,0
"03490",20070710,2007,7,10,10.1,13.8,19.5,3.2
"03490",20070711,2007,7,11,10.5,14.5,20.8,1
"03490",20070712,2007,7,12,12.7,17.1,21.8,0.1
"03490",20070713,2007,7,13,14,20.5,27.5,1.9
"03490",20070714,2007,7,14,12.6,23.3,31.2,0
"03490",20070715,2007,7,15,15.2,26,35.4,0
"03490",20070716,2007,7,16,14.2,24.9,33.2,0
"03490",20070717,2007,7,17,14.4,22,27.1,0
"03490",20070718,2007,7,18,13.5,20.1,27.2,0
"03490",20070719,2007,7,19,12.3,17.8,22.8,0.8
"03490",20070720,2007,7,20,13.5,20.2,26.4,0
"03490",20070721,2007,7,21,10.4,18.4,25.2,0
"03490",20070722,2007,7,22,10,18.4,23.7,0.4
"03490",20070723,2007,7,23,8.5,15.9,21.2,1.3
"03490",20070724,2007,7,24,11.9,16.4,19.9,0.9
"03490",20070725,2007,7,25,11.5,18.4,25.6,0
"03490",20070726,2007,7,26,10.7,20.3,27.3,0.7
"03490",20070727,2007,7,27,17.2,20.7,24.9,0.7
"03490",20070728,2007,7,28,15.1,19.7,23,2.3
"03490",20070729,2007,7,29,11,15.6,20.3,5.1
"03490",20070730,2007,7,30,7.9,13.3,18.4,0
"03490",20070731,2007,7,31,7.5,13.8,20.4,0
"03490",20070801,2007,8,1,7.4,16,24.7,0.4
"03490",20070802,2007,8,2,10.8,16,22,9.4
"03490",20070803,2007,8,3,11.8,16.6,22.8,0
"03490",20070804,2007,8,4,8.1,18.5,27.9,0
"03490",20070805,2007,8,5,10.6,20.7,30.8,0
"03490",20070806,2007,8,6,11.5,21.5,33.7,1.6
"03490",20070807,2007,8,7,15.6,16.9,18,4.9
"03490",20070808,2007,8,8,13.5,15.6,16.9,12.7
"03490",20070809,2007,8,9,12.7,14.8,17.1,20.5
"03490",20070810,2007,8,10,15.4,17.1,18.7,0.3
"03490",20070811,2007,8,11,12.8,17.2,22.2,0.1
"03490",20070812,2007,8,12,10.5,17.8,25.8,0.5
"03490",20070813,2007,8,13,13,18.2,24.5,0
"03490",20070814,2007,8,14,10.8,19.5,26.6,0
"03490",20070815,2007,8,15,16.7,21.9,25.7,9.3
"03490",20070816,2007,8,16,14.8,17.9,21.5,0
"03490",20070817,2007,8,17,9.9,15.8,21.1,0
"03490",20070818,2007,8,18,8.6,15.3,22.8,0
"03490",20070819,2007,8,19,9.6,16,24,4.3
"03490",20070820,2007,8,20,9.9,15.7,19.4,0.2
"03490",20070821,2007,8,21,9.3,14.7,19.4,34.6
"03490",20070822,2007,8,22,15,16.1,19.4,1.6
"03490",20070823,2007,8,23,12.4,18.4,25.1,0
"03490",20070824,2007,8,24,11.7,18.6,26.3,0
"03490",20070825,2007,8,25,14,19.5,25.8,0
"03490",20070826,2007,8,26,14.2,19,24.9,0
"03490",20070827,2007,8,27,10.7,15.6,20,0
"03490",20070828,2007,8,28,9.6,13.6,18.3,0
"03490",20070829,2007,8,29,8,13.2,19.6,0
"03490",20070830,2007,8,30,6,13.7,19.4,0.1
"03490",20070831,2007,8,31,13.8,16.3,19.7,1.1
"03490",20070901,2007,9,1,10.4,15.9,19.9,0.2
"03490",20070902,2007,9,2,11.6,16.5,21.2,0.1
"03490",20070903,2007,9,3,10.7,14.9,18.5,15
"03490",20070904,2007,9,4,8.6,11.9,15.9,0.8
"03490",20070905,2007,9,5,6.7,11.7,15.5,0.1
"03490",20070906,2007,9,6,11,14.3,20.2,0.5
"03490",20070907,2007,9,7,13.1,15.2,17.3,0.1
"03490",20070908,2007,9,8,11.2,15.1,17.9,1
"03490",20070909,2007,9,9,10.7,14.2,16.4,0
"03490",20070910,2007,9,10,8.9,12.9,17.3,6.6
"03490",20070911,2007,9,11,11.5,13.8,16.5,0
"03490",20070912,2007,9,12,9.1,13.1,17.8,0
"03490",20070913,2007,9,13,8.9,12.8,18.8,0
"03490",20070914,2007,9,14,5.5,14.1,22,0.2
"03490",20070915,2007,9,15,6.1,13.2,19.2,0
"03490",20070916,2007,9,16,3.8,13.1,22.9,0
"03490",20070917,2007,9,17,7.1,14.4,22.8,9.2
"03490",20070918,2007,9,18,4.6,10.3,13,6.1
"03490",20070919,2007,9,19,5.5,11,16.1,0
"03490",20070920,2007,9,20,7.4,13.2,19.3,0
"03490",20070921,2007,9,21,4.3,12,21.6,0
"03490",20070922,2007,9,22,4.9,13.7,24.1,0
"03490",20070923,2007,9,23,8.5,15.6,25.3,0
"03490",20070924,2007,9,24,8.1,14.8,22.5,3.4
"03490",20070925,2007,9,25,8.2,12,17.4,0
"03490",20070926,2007,9,26,6.2,10.3,13.7,0.9
"03490",20070927,2007,9,27,9.2,10.4,11.7,41.6
"03490",20070928,2007,9,28,10,12,14.7,0
"03490",20070929,2007,9,29,11.8,13.6,17.3,0.8
"03490",20070930,2007,9,30,6.4,12.6,18.2,0
"03490",20071001,2007,10,1,8.5,13,18.1,0.7
"03490",20071002,2007,10,2,11.9,15.1,18.2,0.3
"03490",20071003,2007,10,3,12.3,15.9,19.5,0
"03490",20071004,2007,10,4,11.2,14.9,19.1,0
"03490",20071005,2007,10,5,6.8,12.5,17.2,0
"03490",20071006,2007,10,6,4.7,9.4,17.8,0
"03490",20071007,2007,10,7,4.6,9.2,17.6,0
"03490",20071008,2007,10,8,2.8,9.2,16.7,0
"03490",20071009,2007,10,9,7.8,10.7,14.8,0
"03490",20071010,2007,10,10,6.6,11.8,17.3,0
"03490",20071011,2007,10,11,7,10.7,17.2,0
"03490",20071012,2007,10,12,10,13.1,16.3,0
"03490",20071013,2007,10,13,4.5,11.1,16.4,0
"03490",20071014,2007,10,14,2.4,7.9,18.1,0
"03490",20071015,2007,10,15,1.2,9.2,21.6,0
"03490",20071016,2007,10,16,6.5,13,20.1,0
"03490",20071017,2007,10,17,4.5,10.9,17.5,1.1
"03490",20071018,2007,10,18,6.7,9.2,12.3,0.4
"03490",20071019,2007,10,19,4.5,8.1,10,0.3
"03490",20071020,2007,10,20,0.8,5.3,10.1,0
"03490",20071021,2007,10,21,0.2,5.2,7.6,1.6
"03490",20071022,2007,10,22,-2.7,3.1,9.3,0
"03490",20071023,2007,10,23,-4.2,1.4,10.1,0
"03490",20071024,2007,10,24,-0.4,4.7,8.3,0
"03490",20071025,2007,10,25,6.1,8,10.1,0
"03490",20071026,2007,10,26,6.5,7.9,9.7,0
"03490",20071027,2007,10,27,6.8,8.1,9.9,0
"03490",20071028,2007,10,28,5.5,8.2,10.9,0
"03490",20071029,2007,10,29,5.7,8.3,9.9,27.3
"03490",20071030,2007,10,30,5.4,8.7,11.3,0
"03490",20071031,2007,10,31,0.1,5.1,10.9,0
"03490",20071101,2007,11,1,0.1,4.8,8.2,0
"03490",20071102,2007,11,2,8,10.1,12.3,3.1
"03490",20071103,2007,11,3,11.1,12.2,13.5,0.7
"03490",20071104,2007,11,4,7.5,9.5,11.2,0
"03490",20071105,2007,11,5,6.9,8.7,11,2.7
"03490",20071106,2007,11,6,5.9,8.3,9.9,1.3
"03490",20071107,2007,11,7,5.9,9.2,11.2,0.6
"03490",20071108,2007,11,8,6.7,10.3,11.6,8
"03490",20071109,2007,11,9,2.9,5,7.3,4.2
"03490",20071110,2007,11,10,4.7,7.4,10.1,10.7
"03490",20071111,2007,11,11,4,8.6,11,4.4
"03490",20071112,2007,11,12,3.7,5.7,8.2,0.8
"03490",20071113,2007,11,13,3.6,4.6,6.3,10.2
"03490",20071114,2007,11,14,-0.1,2.4,5,1.8
"03490",20071115,2007,11,15,-1,1.1,2.4,0
"03490",20071116,2007,11,16,-2.8,0.7,4.5,0
"03490",20071117,2007,11,17,0.4,2.9,6.2,0
"03490",20071118,2007,11,18,0.6,3.1,6,0
"03490",20071119,2007,11,19,2.3,3.2,4.4,1.9
"03490",20071120,2007,11,20,2.6,5.9,11.7,0
"03490",20071121,2007,11,21,3,8.7,13.3,0.3
"03490",20071122,2007,11,22,3.7,7.5,13.5,0
"03490",20071123,2007,11,23,2.3,6.1,9.2,1.6
"03490",20071124,2007,11,24,-1.3,2.9,6.3,0.3
"03490",20071125,2007,11,25,4.3,5.7,8.5,6.8
"03490",20071126,2007,11,26,3.7,4.8,5.7,0.1
"03490",20071127,2007,11,27,-1.1,4.4,6.5,0
"03490",20071128,2007,11,28,-2.9,-0.4,4.3,0
"03490",20071129,2007,11,29,-3.6,2.3,6.3,0.2
"03490",20071130,2007,11,30,1.2,6.2,9.1,0
"03490",20071201,2007,12,1,7.3,9.1,10.6,1.1
"03490",20071202,2007,12,2,7.1,9.6,11.6,7.9
"03490",20071203,2007,12,3,4.5,7.1,8.6,6.7
"03490",20071204,2007,12,4,4.8,6.9,9.7,0.9
"03490",20071205,2007,12,5,9.4,10.9,12.6,0.3
"03490",20071206,2007,12,6,8.1,10.5,13.5,3
"03490",20071207,2007,12,7,5.6,10.5,14.2,0.6
"03490",20071208,2007,12,8,5.5,6.6,7.5,0.8
"03490",20071209,2007,12,9,6.1,7.9,9.6,1.7
"03490",20071210,2007,12,10,5.2,6.5,7.9,11.6
"03490",20071211,2007,12,11,4.5,5.3,6.2,2.3
"03490",20071212,2007,12,12,3.4,4.3,5.2,0
"03490",20071213,2007,12,13,-0.7,3.9,6.3,0
"03490",20071214,2007,12,14,-1.2,0.9,2,0
"03490",20071215,2007,12,15,-3.5,0,2.2,0
"03490",20071216,2007,12,16,-6.1,-3.3,0.8,0
"03490",20071217,2007,12,17,-7.2,-2.8,1.3,0
"03490",20071218,2007,12,18,-7.1,-3.8,1.9,0
"03490",20071219,2007,12,19,-7.4,-3.6,1.5,0
"03490",20071220,2007,12,20,-7.7,-4.6,1.1,0
"03490",20071221,2007,12,21,-8.1,-5,0.7,0
"03490",20071222,2007,12,22,-9.9,-6.6,-1.1,0
"03490",20071223,2007,12,23,-8.8,-4.2,0,0
"03490",20071224,2007,12,24,-4.7,-1.6,0.9,0
"03490",20071225,2007,12,25,-6,-3.2,0.2,1.2
"03490",20071226,2007,12,26,-5,-0.8,1.5,1.1
"03490",20071227,2007,12,27,-0.4,2.7,5.9,0
"03490",20071228,2007,12,28,-1.4,4.8,8.4,0
"03490",20071229,2007,12,29,-1.9,4.5,6.9,0.1
"03490",20071230,2007,12,30,4.4,5.7,6.7,1.7
"03490",20071231,2007,12,31,1.1,3.6,5.7,0.8
"03490",20080101,2008,1,1,-1.8,1.3,2.6,0
"03490",20080102,2008,1,2,-6,-1.8,0.2,0
"03490",20080103,2008,1,3,-1.2,0.4,1.8,0
"03490",20080104,2008,1,4,0.5,2,5.2,0
"03490",20080105,2008,1,5,2.6,6.7,9,4.6
"03490",20080106,2008,1,6,-2.1,3.5,7.9,0.2
"03490",20080107,2008,1,7,0.2,6.4,9.7,1.6
"03490",20080108,2008,1,8,-1.4,5,8.2,0
"03490",20080109,2008,1,9,-1.5,5.6,7.9,0.3
"03490",20080110,2008,1,10,4.1,7.8,11.1,0
"03490",20080111,2008,1,11,7,10.4,13.6,0.8
"03490",20080112,2008,1,12,0.8,6.2,9.1,0
"03490",20080113,2008,1,13,-3.2,1.8,8.6,0
"03490",20080114,2008,1,14,-1,5.7,8.7,0.1
"03490",20080115,2008,1,15,7.8,8.8,10,0.5
"03490",20080116,2008,1,16,5,8,9.7,0.8
"03490",20080117,2008,1,17,2.9,7.3,9.7,1.5
"03490",20080118,2008,1,18,8,9.9,13.3,1.5
"03490",20080119,2008,1,19,12.1,13,13.7,0.3
"03490",20080120,2008,1,20,11.6,12.4,13.5,0
"03490",20080121,2008,1,21,9,10.4,11.8,3.6
"03490",20080122,2008,1,22,0,5.4,10.1,0.8
"03490",20080123,2008,1,23,-2.6,3.2,7.4,0
"03490",20080124,2008,1,24,1.4,5.9,9.8,1.3
"03490",20080125,2008,1,25,-2.3,4.3,9,0
"03490",20080126,2008,1,26,2.5,7.4,11.5,0
"03490",20080127,2008,1,27,0,5.9,9,0
"03490",20080128,2008,1,28,5.5,6.6,8,0
"03490",20080129,2008,1,29,0.2,4.3,7.3,0
"03490",20080130,2008,1,30,-1.4,1.7,4.1,3.8
"03490",20080131,2008,1,31,-2.2,2.5,5.4,1.3
"03490",20080201,2008,2,1,3.3,5,6.7,3.4
"03490",20080202,2008,2,2,-2.7,2.2,4.7,3.8
"03490",20080203,2008,2,3,-4.6,1.5,6.2,0
"03490",20080204,2008,2,4,2.9,5.2,8.8,1.3
"03490",20080205,2008,2,5,1.5,7,11.5,0.5
"03490",20080206,2008,2,6,5.3,8.6,11.9,1.7
"03490",20080207,2008,2,7,-1.9,4.1,10.3,0
"03490",20080208,2008,2,8,-3.6,1.8,11.5,0
"03490",20080209,2008,2,9,-2,2.9,13.4,0
"03490",20080210,2008,2,10,-2.7,2.6,11.8,0
"03490",20080211,2008,2,11,-1.3,3.8,13.1,0
"03490",20080212,2008,2,12,-1.6,3.6,12.5,0
"03490",20080213,2008,2,13,-4,1.1,8.6,0
"03490",20080214,2008,2,14,-2,0.1,1.4,0
"03490",20080215,2008,2,15,-4.8,1.6,6.3,0
"03490",20080216,2008,2,16,-7.9,-2.8,4.1,0
"03490",20080217,2008,2,17,-7,-1.2,8.3,0
"03490",20080218,2008,2,18,-7.3,-0.3,9.3,0
"03490",20080219,2008,2,19,-4.8,1,11.4,0
"03490",20080220,2008,2,20,-2.3,1.8,6.3,2.4
"03490",20080221,2008,2,21,-1.7,6.4,12.1,0
"03490",20080222,2008,2,22,9.4,10.5,11.9,0
"03490",20080223,2008,2,23,2.3,9.8,14.6,0
"03490",20080224,2008,2,24,0,5.8,13.2,0.6
"03490",20080225,2008,2,25,3.6,9.6,13.4,0
"03490",20080226,2008,2,26,3.4,11.1,13.6,0.7
"03490",20080227,2008,2,27,2.3,7.5,10.8,0
"03490",20080228,2008,2,28,0.7,6.5,11.6,14.5
"03490",20080229,2008,2,29,6.5,8.6,10.9,7.8
"03490",20080301,2008,3,1,6.5,9.4,12.5,0.9
"03490",20080302,2008,3,2,8.7,11.7,14.2,0.3
"03490",20080303,2008,3,3,0.3,6.6,9.7,15.2
"03490",20080304,2008,3,4,-0.1,2.1,4.9,4.3
"03490",20080305,2008,3,5,-1.1,1,4.5,0.1
"03490",20080306,2008,3,6,-3.4,3.6,6.8,0
"03490",20080307,2008,3,7,2.1,6.2,10.5,0
"03490",20080308,2008,3,8,0.3,5.6,11.5,0
"03490",20080309,2008,3,9,2.7,7.7,10.3,0
"03490",20080310,2008,3,10,3,7.5,10.9,2.6
"03490",20080311,2008,3,11,5.6,8.6,13.5,3.3
"03490",20080312,2008,3,12,5.8,8.3,11.9,3
"03490",20080313,2008,3,13,5.7,7.8,10.3,6.9
"03490",20080314,2008,3,14,2.3,8.4,12,0.2
"03490",20080315,2008,3,15,0,8.1,15.7,0.9
"03490",20080316,2008,3,16,7.1,9.7,12.1,10.1
"03490",20080317,2008,3,17,2.6,5,7.1,0.1
"03490",20080318,2008,3,18,1.1,4,7.9,1.1
"03490",20080319,2008,3,19,1,3.3,7.2,3
"03490",20080320,2008,3,20,2.6,4.1,6.6,8.3
"03490",20080321,2008,3,21,1.7,4.3,7.2,5.1
"03490",20080322,2008,3,22,0.4,2.5,6.6,2.2
"03490",20080323,2008,3,23,-4.4,-0.2,3.9,0
"03490",20080324,2008,3,24,-5.1,-0.7,4.9,6.2
"03490",20080325,2008,3,25,-2.2,0.6,4.3,3.4
"03490",20080326,2008,3,26,-0.5,2.3,4.6,7.6
"03490",20080327,2008,3,27,1.3,4.2,8,0.7
"03490",20080328,2008,3,28,1.8,7.3,11.2,1.6
"03490",20080329,2008,3,29,5.9,9.2,13.7,0
"03490",20080330,2008,3,30,3.7,12.2,20.4,0.4
"03490",20080331,2008,3,31,6.9,10.3,13.8,0
"03490",20080401,2008,4,1,2.8,9.9,16.2,0
"03490",20080402,2008,4,2,6.7,9.3,10.8,0.8
"03490",20080403,2008,4,3,5.4,6.8,8.7,2.3
"03490",20080404,2008,4,4,5.7,7.9,10.5,1.1
"03490",20080405,2008,4,5,3.6,6.9,10.7,13.8
"03490",20080406,2008,4,6,1.1,3.8,6.8,0.4
"03490",20080407,2008,4,7,0,4.1,8.9,0.4
"03490",20080408,2008,4,8,-2.2,3,8,0
"03490",20080409,2008,4,9,2.3,5.3,8.9,1.8
"03490",20080410,2008,4,10,2.1,7.2,11.9,0
"03490",20080411,2008,4,11,2,7.3,11.7,0
"03490",20080412,2008,4,12,-0.9,8,14.8,0
"03490",20080413,2008,4,13,6.3,9,13.7,5.8
"03490",20080414,2008,4,14,5.5,6.8,7.7,11.8
"03490",20080415,2008,4,15,2.7,6.1,9.6,3.3
"03490",20080416,2008,4,16,0.2,4,9.6,0
"03490",20080417,2008,4,17,-1.6,4.8,11.7,0
"03490",20080418,2008,4,18,0.1,7.6,14.8,0
"03490",20080419,2008,4,19,3.5,7.2,9.1,0.2
"03490",20080420,2008,4,20,5.9,10.3,16.3,0
"03490",20080421,2008,4,21,2.5,11.5,18.1,0
"03490",20080422,2008,4,22,4.9,10.3,13.9,0
"03490",20080423,2008,4,23,4.3,12.2,19.4,1.8
"03490",20080424,2008,4,24,8.2,12.9,18.5,2.2
"03490",20080425,2008,4,25,7.5,11.7,16.8,0
"03490",20080426,2008,4,26,5.6,12.4,19.8,0
"03490",20080427,2008,4,27,3.9,13,20.9,1.1
"03490",20080428,2008,4,28,8.5,11.9,18,11.4
"03490",20080429,2008,4,29,7.7,11.2,15.9,0
"03490",20080430,2008,4,30,8,12.7,17.3,0.1
"03490",20080501,2008,5,1,8,11.5,16.3,0
"03490",20080502,2008,5,2,6.1,11,15.9,0.6
"03490",20080503,2008,5,3,4.8,12.3,20.3,0
"03490",20080504,2008,5,4,3.4,12.9,21.2,0
"03490",20080505,2008,5,5,3.1,12.9,22.1,0
"03490",20080506,2008,5,6,5.2,NA,23,0
"03490",20080507,2008,5,7,8.1,NA,23.5,0
"03490",20080508,2008,5,8,8,16.2,24.2,0
"03490",20080509,2008,5,9,7.5,16.9,26,0
"03490",20080510,2008,5,10,8.8,17.5,26.3,0
"03490",20080511,2008,5,11,6.5,16.6,24.6,0
"03490",20080512,2008,5,12,8.5,17.3,25.8,0
"03490",20080513,2008,5,13,9.3,17.5,26.7,0
"03490",20080514,2008,5,14,10.2,17.3,26.9,0.7
"03490",20080515,2008,5,15,12.4,16.3,23.9,7.1
"03490",20080516,2008,5,16,13.1,16.7,22.5,6.9
"03490",20080517,2008,5,17,12.8,15.2,18.9,0.6
"03490",20080518,2008,5,18,9.6,11.7,13.4,0.2
"03490",20080519,2008,5,19,8.5,12.2,17.1,0
"03490",20080520,2008,5,20,6.7,12.5,18.4,0
"03490",20080521,2008,5,21,6.6,12.4,18.8,0
"03490",20080522,2008,5,22,10,14.3,18.7,0
"03490",20080523,2008,5,23,7.8,15.2,21.6,0
"03490",20080524,2008,5,24,6.7,15.7,21.4,0.1
"03490",20080525,2008,5,25,13.5,18.8,25.7,1
"03490",20080526,2008,5,26,14.8,19.1,24,0.2
"03490",20080527,2008,5,27,15.1,19.6,24.5,0
"03490",20080528,2008,5,28,16.7,21.8,27,0
"03490",20080529,2008,5,29,16.1,20.4,27.2,16.7
"03490",20080530,2008,5,30,15.9,19,22.2,3.9
"03490",20080531,2008,5,31,14.4,15.9,17.9,2.7
"03490",20080601,2008,6,1,12.9,19.7,26.1,0
"03490",20080602,2008,6,2,15.7,21.9,30.1,15.4
"03490",20080603,2008,6,3,14.4,19.6,24.8,0
"03490",20080604,2008,6,4,13.5,18,22.1,0.7
"03490",20080605,2008,6,5,16.5,18.4,22.5,0
"03490",20080606,2008,6,6,15.6,18.5,23.8,15.6
"03490",20080607,2008,6,7,14.4,15.9,19.1,0.4
"03490",20080608,2008,6,8,13.9,17.1,23.4,3.6
"03490",20080609,2008,6,9,13.5,20.1,27.4,0
"03490",20080610,2008,6,10,13.2,20.6,26.2,0
"03490",20080611,2008,6,11,8.7,15.2,18.9,0
"03490",20080612,2008,6,12,7.4,11,14.4,8.1
"03490",20080613,2008,6,13,9.1,12.3,16.1,0.4
"03490",20080614,2008,6,14,6.8,12.1,17.4,0.3
"03490",20080615,2008,6,15,6.6,12.8,18.4,0.2
"03490",20080616,2008,6,16,6.9,13.2,19.2,0
"03490",20080617,2008,6,17,7.9,15,22.1,0
"03490",20080618,2008,6,18,10.4,17.7,24.1,0
"03490",20080619,2008,6,19,10.9,18,23.8,3.2
"03490",20080620,2008,6,20,7.7,16.4,22.5,0.4
"03490",20080621,2008,6,21,12.7,17.8,25.4,0
"03490",20080622,2008,6,22,14.2,21.6,30.3,14.9
"03490",20080623,2008,6,23,11.2,17.8,23.4,0
"03490",20080624,2008,6,24,10.8,19.3,26.9,2.2
"03490",20080625,2008,6,25,11.6,19.6,24.1,3.2
"03490",20080626,2008,6,26,10.4,17.9,25.2,0
"03490",20080627,2008,6,27,12,17.4,22.8,0
"03490",20080628,2008,6,28,14,19.5,24.3,0
"03490",20080629,2008,6,29,11.6,19.5,27.4,0
"03490",20080630,2008,6,30,12.1,18.6,25.2,0
"03490",20080701,2008,7,1,11.5,20.9,30.1,0
"03490",20080702,2008,7,2,14.2,23.2,34.6,26.5
"03490",20080703,2008,7,3,12.8,17.5,22.1,8.2
"03490",20080704,2008,7,4,11.8,16.5,22.4,0
"03490",20080705,2008,7,5,10.7,18.6,25.9,0.3
"03490",20080706,2008,7,6,15.4,19.1,22.9,0.2
"03490",20080707,2008,7,7,15,17.1,20.7,1.7
"03490",20080708,2008,7,8,12.5,16.4,19.8,1.8
"03490",20080709,2008,7,9,12.3,16.3,20.5,1.3
"03490",20080710,2008,7,10,14,21.1,27.4,0
"03490",20080711,2008,7,11,16.5,18.6,22.9,3.4
"03490",20080712,2008,7,12,12.9,16.3,20.9,4
"03490",20080713,2008,7,13,11,15.3,20.1,0
"03490",20080714,2008,7,14,9.6,15.8,22.3,0
"03490",20080715,2008,7,15,10,19.5,27.1,0
"03490",20080716,2008,7,16,12.5,18.4,23.7,6.7
"03490",20080717,2008,7,17,12.2,15.5,19.6,2
"03490",20080718,2008,7,18,12.9,15.6,19.2,0.1
"03490",20080719,2008,7,19,12.2,18.3,23.9,3.1
"03490",20080720,2008,7,20,7.8,15.2,21.3,0.9
"03490",20080721,2008,7,21,7.7,12.6,15.5,9.6
"03490",20080722,2008,7,22,11.5,14.1,19.9,0.2
"03490",20080723,2008,7,23,9.4,16.1,23.6,0
"03490",20080724,2008,7,24,10.8,18.9,26.5,0
"03490",20080725,2008,7,25,11.5,20.9,29.3,0
"03490",20080726,2008,7,26,16.3,21.2,30,3.1
"03490",20080727,2008,7,27,15.3,20.8,28.9,3.8
"03490",20080728,2008,7,28,16.4,22.8,30.6,0
"03490",20080729,2008,7,29,15.5,21,27.9,6.3
"03490",20080730,2008,7,30,15.9,22,29.9,0
"03490",20080731,2008,7,31,14.4,22.8,31.3,0
"03490",20080801,2008,8,1,13.3,21.5,25.7,0
"03490",20080802,2008,8,2,12.3,19.3,24.9,0.2
"03490",20080803,2008,8,3,15.3,21.3,26.1,4.8
"03490",20080804,2008,8,4,12.7,19.2,23.8,0
"03490",20080805,2008,8,5,10.3,17.9,24.3,0
"03490",20080806,2008,8,6,12.3,22.3,31.3,0
"03490",20080807,2008,8,7,15.8,21.4,28.9,3
"03490",20080808,2008,8,8,15.6,18.4,23.1,1.6
"03490",20080809,2008,8,9,13.6,17.8,23.7,0
"03490",20080810,2008,8,10,16.2,19.4,23.4,0.9
"03490",20080811,2008,8,11,13.3,19,24.5,1
"03490",20080812,2008,8,12,11.8,17.7,24.3,13.1
"03490",20080813,2008,8,13,10.2,16.4,22.2,0.8
"03490",20080814,2008,8,14,9,16.3,23.3,0
"03490",20080815,2008,8,15,10.6,16.4,22.9,0
"03490",20080816,2008,8,16,9.6,16.2,24.5,0
"03490",20080817,2008,8,17,8.6,17.9,25.1,0
"03490",20080818,2008,8,18,10.9,18.9,26.5,0
"03490",20080819,2008,8,19,12.2,18.9,23.1,0
"03490",20080820,2008,8,20,14.9,18.3,21.7,0.2
"03490",20080821,2008,8,21,11.8,19,24.4,0
"03490",20080822,2008,8,22,13.7,16.6,19.9,17.8
"03490",20080823,2008,8,23,8.9,14.1,18.1,1.5
"03490",20080824,2008,8,24,10.6,15.8,21.3,2.3
"03490",20080825,2008,8,25,12.8,16.2,21.3,0.2
"03490",20080826,2008,8,26,13.8,18,24,0
"03490",20080827,2008,8,27,13.4,18.3,23.9,0
"03490",20080828,2008,8,28,16.5,18.3,20.7,0
"03490",20080829,2008,8,29,14.2,18.4,22.9,0
"03490",20080830,2008,8,30,11.8,18.1,27,0
"03490",20080831,2008,8,31,10.1,19.9,29.4,0.8
"03490",20080901,2008,9,1,10.6,18.3,22.9,0
"03490",20080902,2008,9,2,9.8,17.1,22.6,12.3
"03490",20080903,2008,9,3,10.8,13.4,17,4.5
"03490",20080904,2008,9,4,7.8,13.9,18.4,0
"03490",20080905,2008,9,5,10.2,15.8,20.3,18.1
"03490",20080906,2008,9,6,11.7,16.8,20.2,0
"03490",20080907,2008,9,7,9.4,15.2,19.2,0.1
"03490",20080908,2008,9,8,10.8,15.6,21.3,0
"03490",20080909,2008,9,9,7.8,16.5,26.7,0.5
"03490",20080910,2008,9,10,11.7,17.4,25.6,0
"03490",20080911,2008,9,11,10.6,17.7,25.8,0.5
"03490",20080912,2008,9,12,13.8,15.6,17.2,11.6
"03490",20080913,2008,9,13,6.1,12,14.3,2.4
"03490",20080914,2008,9,14,4.4,9.9,17.6,0
"03490",20080915,2008,9,15,4,9.1,13.2,0
"03490",20080916,2008,9,16,5.8,10.2,14.5,0
"03490",20080917,2008,9,17,2.7,9.1,15.2,0
"03490",20080918,2008,9,18,2.5,7.8,15.4,0
"03490",20080919,2008,9,19,1.7,8.9,17.7,0
"03490",20080920,2008,9,20,3.5,9.5,16.9,0
"03490",20080921,2008,9,21,5.3,9.2,14.3,0
"03490",20080922,2008,9,22,7.8,10.9,13.8,0.1
"03490",20080923,2008,9,23,10,11.6,14.4,3.8
"03490",20080924,2008,9,24,8.9,11.9,15.9,0.6
"03490",20080925,2008,9,25,5.9,11.2,17.1,0
"03490",20080926,2008,9,26,5,10.2,18.5,0
"03490",20080927,2008,9,27,3.9,10.1,19.4,0
"03490",20080928,2008,9,28,3.7,11.3,20.4,0
"03490",20080929,2008,9,29,5.6,10.3,16.4,0.2
"03490",20080930,2008,9,30,5.6,11.4,13.1,3.2
"03490",20081001,2008,10,1,8.6,13.1,15.8,4.9
"03490",20081002,2008,10,2,5.5,10.1,13.9,1.1
"03490",20081003,2008,10,3,5.2,8.5,13.2,0.9
"03490",20081004,2008,10,4,7.4,9.4,12.4,0
"03490",20081005,2008,10,5,9.3,11.8,14.7,2.7
"03490",20081006,2008,10,6,11.5,14.2,16.7,0.8
"03490",20081007,2008,10,7,10.9,14.7,18.5,0.2
"03490",20081008,2008,10,8,11.3,12.3,14.7,3.5
"03490",20081009,2008,10,9,7.9,11.3,15,0
"03490",20081010,2008,10,10,5.4,10.4,19.5,0
"03490",20081011,2008,10,11,4.7,10.2,18.8,0
"03490",20081012,2008,10,12,4.5,11.1,20.6,0
"03490",20081013,2008,10,13,7.3,13.5,20.9,0
"03490",20081014,2008,10,14,9.4,14.3,18,0.1
"03490",20081015,2008,10,15,7.2,13.1,15.8,1.6
"03490",20081016,2008,10,16,7.2,11,15.5,7.6
"03490",20081017,2008,10,17,4,8.2,13.3,0
"03490",20081018,2008,10,18,0.6,6.2,14.6,0
"03490",20081019,2008,10,19,0.1,6.5,15.9,0
"03490",20081020,2008,10,20,-0.7,10.9,19.5,0
"03490",20081021,2008,10,21,8,12.8,17.9,4
"03490",20081022,2008,10,22,4.8,8.1,11.8,0
"03490",20081023,2008,10,23,-0.5,5.5,13.8,0
"03490",20081024,2008,10,24,-0.3,6.4,12.3,0.1
"03490",20081025,2008,10,25,3,9.8,14.1,0
"03490",20081026,2008,10,26,2.7,11.1,16.5,6.3
"03490",20081027,2008,10,27,5.5,9.5,13.3,6.7
"03490",20081028,2008,10,28,0.7,5.2,9.1,0
"03490",20081029,2008,10,29,1.3,3.9,8.9,0.1
"03490",20081030,2008,10,30,3.1,4.1,5.5,0.4
"03490",20081031,2008,10,31,3.7,5.7,9.1,1.9
"03490",20081101,2008,11,1,5.4,7.6,10.4,0.1
"03490",20081102,2008,11,2,5.5,8.7,12.8,0
"03490",20081103,2008,11,3,2.7,7.8,14,0
"03490",20081104,2008,11,4,2.8,7.6,16.3,0
"03490",20081105,2008,11,5,7.8,8.9,10.4,0.3
"03490",20081106,2008,11,6,3.6,8.1,14,0
"03490",20081107,2008,11,7,2,7.1,14.2,0
"03490",20081108,2008,11,8,1.2,7.3,12.3,0
"03490",20081109,2008,11,9,6.1,10.6,12.9,1.6
"03490",20081110,2008,11,10,12.2,14,15.6,0.5
"03490",20081111,2008,11,11,5,11.8,16.1,3.3
"03490",20081112,2008,11,12,1.7,6.9,12.1,0
"03490",20081113,2008,11,13,2.1,6.2,9.7,0
"03490",20081114,2008,11,14,0.1,5.8,9.6,0
"03490",20081115,2008,11,15,7.7,10.1,12.4,0
"03490",20081116,2008,11,16,4.7,10.2,13.2,3.2
"03490",20081117,2008,11,17,1.3,4.5,8.6,0
"03490",20081118,2008,11,18,1,5.7,9.3,0.3
"03490",20081119,2008,11,19,5.4,8.6,10.3,0
"03490",20081120,2008,11,20,8.1,10,11.7,1.6
"03490",20081121,2008,11,21,-0.1,5.9,9.6,11.4
"03490",20081122,2008,11,22,-0.1,1.4,3,0.3
"03490",20081123,2008,11,23,-0.7,1.1,2.7,3.3
"03490",20081124,2008,11,24,-0.7,2.4,5.2,2.9
"03490",20081125,2008,11,25,-0.9,2.3,4.3,0.1
"03490",20081126,2008,11,26,2.3,4.2,6.5,0
"03490",20081127,2008,11,27,2.5,4.2,6.4,0
"03490",20081128,2008,11,28,-2.2,0.6,3.8,0
"03490",20081129,2008,11,29,-3.7,0.8,5.7,0.2
"03490",20081130,2008,11,30,-3.6,0.9,5.1,0.6
"03490",20081201,2008,12,1,-2.9,2.1,6.1,2.1
"03490",20081202,2008,12,2,2.7,3.8,5.2,1.9
"03490",20081203,2008,12,3,-3.7,1.5,3.6,2.4
"03490",20081204,2008,12,4,-4.4,1.3,6.4,2.4
"03490",20081205,2008,12,5,0.8,4.2,7.4,1.8
"03490",20081206,2008,12,6,3.5,5.3,6.7,1.1
"03490",20081207,2008,12,7,-0.5,4,6.7,0
"03490",20081208,2008,12,8,-2.9,-0.8,1.6,0
"03490",20081209,2008,12,9,-4.5,-0.3,2.7,3.2
"03490",20081210,2008,12,10,-1.4,2.2,3.9,0.2
"03490",20081211,2008,12,11,-2.1,-0.6,1.4,0
"03490",20081212,2008,12,12,-5.2,-1.6,2.1,0
"03490",20081213,2008,12,13,-5.7,-0.8,1.1,0
"03490",20081214,2008,12,14,-3.8,0.5,5.1,0
"03490",20081215,2008,12,15,-4.5,-1.2,1.8,0.1
"03490",20081216,2008,12,16,-1.9,-0.2,1.2,0
"03490",20081217,2008,12,17,-5.3,-1.3,1,2.1
"03490",20081218,2008,12,18,-1.3,2.5,5.6,0.8
"03490",20081219,2008,12,19,-0.4,5.3,7.5,3.6
"03490",20081220,2008,12,20,3.5,7.7,10.7,11.3
"03490",20081221,2008,12,21,5.8,8.5,10.8,2.3
"03490",20081222,2008,12,22,5.1,8.8,10.6,0.2
"03490",20081223,2008,12,23,2.8,6,7.4,0
"03490",20081224,2008,12,24,2.1,4.8,6.6,0.3
"03490",20081225,2008,12,25,-0.1,4.4,6.5,0
"03490",20081226,2008,12,26,-5.4,-1.2,2.9,0
"03490",20081227,2008,12,27,-6.8,-3.2,-0.9,0
"03490",20081228,2008,12,28,-8,-3.1,0.5,0
"03490",20081229,2008,12,29,-8.8,-5.6,1.8,0
"03490",20081230,2008,12,30,-8.2,-5.5,0.7,0
"03490",20081231,2008,12,31,-8.5,-3.8,0.3,0
"03490",20090101,2009,1,1,-5.1,-3.3,-0.3,0
"03490",20090102,2009,1,2,-3.2,-1.4,-0.2,0
"03490",20090103,2009,1,3,-5.8,-3.2,-0.5,0
"03490",20090104,2009,1,4,-2.5,-0.1,1.2,1.1
"03490",20090105,2009,1,5,-8.3,-1.3,0.1,3.1
"03490",20090106,2009,1,6,-13.8,-10.1,-4.3,0
"03490",20090107,2009,1,7,-15.5,-9.9,-4.2,0.6
"03490",20090108,2009,1,8,-13,-6.2,-2.5,0
"03490",20090109,2009,1,9,-13.7,-10.5,-3,0
"03490",20090110,2009,1,10,-13.9,-9.9,-2.4,0
"03490",20090111,2009,1,11,-13.7,-9.5,-1.7,0
"03490",20090112,2009,1,12,-12.5,-5.2,2.4,0
"03490",20090113,2009,1,13,-2.4,0.8,4.3,0.4
"03490",20090114,2009,1,14,-3.1,0.8,5,0
"03490",20090115,2009,1,15,-6,0,6.2,0
"03490",20090116,2009,1,16,-5.3,0,4.3,0.7
"03490",20090117,2009,1,17,0.1,3.8,7.9,0
"03490",20090118,2009,1,18,2.7,6,8.3,2.9
"03490",20090119,2009,1,19,1.9,6.5,10.6,0.4
"03490",20090120,2009,1,20,-3.8,2.6,6.5,0
"03490",20090121,2009,1,21,-4.6,-0.2,5.1,0
"03490",20090122,2009,1,22,-2.1,3.5,6.6,0.8
"03490",20090123,2009,1,23,3.6,5.1,8.6,7.4
"03490",20090124,2009,1,24,-1.2,3.4,5.2,0
"03490",20090125,2009,1,25,-4.3,-0.1,6.2,0
"03490",20090126,2009,1,26,-6.2,-1.8,4.3,0
"03490",20090127,2009,1,27,-6.6,-2.1,2.5,0
"03490",20090128,2009,1,28,-5.1,-1.1,3.7,0
"03490",20090129,2009,1,29,-6.4,-0.9,3.9,0
"03490",20090130,2009,1,30,-6.8,-2.2,1.7,0
"03490",20090131,2009,1,31,-3.2,-0.6,1.6,0
"03490",20090201,2009,2,1,-1.7,-0.4,0.6,0
"03490",20090202,2009,2,2,-2.5,1.9,5.2,0
"03490",20090203,2009,2,3,-1.5,2.6,8,0.2
"03490",20090204,2009,2,4,-2.6,1.5,4.8,0
"03490",20090205,2009,2,5,-3.2,2.8,10.3,0.1
"03490",20090206,2009,2,6,-1.6,2.8,8.9,0
"03490",20090207,2009,2,7,-0.1,2.7,5.5,0.3
"03490",20090208,2009,2,8,0.6,2.7,4.4,0
"03490",20090209,2009,2,9,1.4,2.9,4.5,4.3
"03490",20090210,2009,2,10,1.6,4.7,9.1,9.3
"03490",20090211,2009,2,11,1.3,2.9,5.4,1.5
"03490",20090212,2009,2,12,-0.5,0.9,2.8,2.1
"03490",20090213,2009,2,13,0.3,1.5,3.4,3.5
"03490",20090214,2009,2,14,-2.8,0.1,2.4,0
"03490",20090215,2009,2,15,-5.3,-0.7,3.2,1.9
"03490",20090216,2009,2,16,1.4,3.8,6.1,12.1
"03490",20090217,2009,2,17,-2.6,4.8,6.7,3.1
"03490",20090218,2009,2,18,-6.6,-2.3,1.8,0
"03490",20090219,2009,2,19,-2.8,0.6,4.8,0.5
"03490",20090220,2009,2,20,0.9,4,5.9,3.3
"03490",20090221,2009,2,21,3.5,4.7,6,2.9
"03490",20090222,2009,2,22,4,6.3,7.6,0.6
"03490",20090223,2009,2,23,4.1,5.7,6.6,0
"03490",20090224,2009,2,24,0.1,4.3,6.1,0
"03490",20090225,2009,2,25,-2,3.4,9.4,0
"03490",20090226,2009,2,26,5.6,7.2,9.2,0.6
"03490",20090227,2009,2,27,6,8.1,10.1,0.1
"03490",20090228,2009,2,28,7.4,10.1,13.8,0
"03490",20090301,2009,3,1,4.2,9.6,14.8,2.2
"03490",20090302,2009,3,2,1.7,7.3,9.9,0.7
"03490",20090303,2009,3,3,-2.6,3.3,10.8,0
"03490",20090304,2009,3,4,-1.2,5.9,11.2,2.3
"03490",20090305,2009,3,5,1.9,3.9,5.8,37
"03490",20090306,2009,3,6,3.1,4.1,5,13.2
"03490",20090307,2009,3,7,-0.7,5.5,10.2,0
"03490",20090308,2009,3,8,4.9,8.3,10.8,1.1
"03490",20090309,2009,3,9,2.6,5.4,8.2,0.9
"03490",20090310,2009,3,10,4.3,5.9,7.9,1.8
"03490",20090311,2009,3,11,1.8,5.5,8.8,0.1
"03490",20090312,2009,3,12,4,7.6,10.3,2.2
"03490",20090313,2009,3,13,3.1,8.5,12.2,0
"03490",20090314,2009,3,14,1.2,8.5,16.9,1.3
"03490",20090315,2009,3,15,7.1,8.8,11.6,1
"03490",20090316,2009,3,16,6.1,7.6,9.8,0
"03490",20090317,2009,3,17,2.2,6.7,11.6,0
"03490",20090318,2009,3,18,-0.6,4.6,12.2,0
"03490",20090319,2009,3,19,-0.6,4.1,11.9,0
"03490",20090320,2009,3,20,-2.1,3,9.6,0
"03490",20090321,2009,3,21,-3.2,3.6,10.9,0
"03490",20090322,2009,3,22,-0.1,5.6,10.2,0
"03490",20090323,2009,3,23,2.5,7.8,11.3,7.4
"03490",20090324,2009,3,24,-0.5,3.3,6.6,5.9
"03490",20090325,2009,3,25,-0.5,4,7.1,9.4
"03490",20090326,2009,3,26,4.7,7,9.5,1.8
"03490",20090327,2009,3,27,5.9,7.7,9.5,0
"03490",20090328,2009,3,28,3.4,6.8,10.4,2.8
"03490",20090329,2009,3,29,1.9,5.6,9.7,0.3
"03490",20090330,2009,3,30,0.1,5.4,11.9,0
"03490",20090331,2009,3,31,-0.3,6.7,14.9,0
"03490",20090401,2009,4,1,0,8.7,17.7,0
"03490",20090402,2009,4,2,3.6,12,20.5,0
"03490",20090403,2009,4,3,5.8,14.9,23.2,0
"03490",20090404,2009,4,4,10.7,14.4,19.5,0
"03490",20090405,2009,4,5,8.2,12,15.4,0
"03490",20090406,2009,4,6,5.1,12.4,20.6,0
"03490",20090407,2009,4,7,6.4,12.5,21.1,2.9
"03490",20090408,2009,4,8,8.6,12.6,16.7,0
"03490",20090409,2009,4,9,7.5,13.7,20.3,0
"03490",20090410,2009,4,10,8.8,16,24.5,0
"03490",20090411,2009,4,11,9.5,15.5,22.9,1.5
"03490",20090412,2009,4,12,8.9,14,19.6,0
"03490",20090413,2009,4,13,10.6,13.1,18.1,0
"03490",20090414,2009,4,14,8.4,14.1,23.1,0
"03490",20090415,2009,4,15,7,15.4,24.8,0
"03490",20090416,2009,4,16,8.8,13.9,18.8,20.2
"03490",20090417,2009,4,17,9.7,10.4,11.4,18.9
"03490",20090418,2009,4,18,7.2,9.8,11.2,0.8
"03490",20090419,2009,4,19,7.4,12,18.9,0
"03490",20090420,2009,4,20,5.9,13,20.4,0
"03490",20090421,2009,4,21,5.9,13.6,20.8,0
"03490",20090422,2009,4,22,6.7,11.3,15.4,0
"03490",20090423,2009,4,23,5.2,9.1,14.6,0
"03490",20090424,2009,4,24,3.1,10.7,18.5,0.3
"03490",20090425,2009,4,25,4,13.1,20,0.1
"03490",20090426,2009,4,26,10.8,15.4,21.1,1.6
"03490",20090427,2009,4,27,9.9,12.8,16.5,0.7
"03490",20090428,2009,4,28,6,10.1,13,1.9
"03490",20090429,2009,4,29,4.2,10.4,17.3,0.2
"03490",20090430,2009,4,30,7.4,11.8,17.1,0
"03490",20090501,2009,5,1,7.1,14.6,22.2,0
"03490",20090502,2009,5,2,9.6,15.2,21.2,0
"03490",20090503,2009,5,3,8,12.6,17.9,0
"03490",20090504,2009,5,4,3.8,9.3,14.6,0
"03490",20090505,2009,5,5,8.1,10.9,14.1,4.5
"03490",20090506,2009,5,6,11.2,13.7,17,0
"03490",20090507,2009,5,7,5.8,14.9,22.3,1
"03490",20090508,2009,5,8,5.8,13.3,19.8,0.7
"03490",20090509,2009,5,9,4.8,12,18.5,9.3
"03490",20090510,2009,5,10,9.9,15.1,21.3,6.5
"03490",20090511,2009,5,11,11.4,12.8,13.7,14.4
"03490",20090512,2009,5,12,7.3,11,13.3,9.1
"03490",20090513,2009,5,13,9.7,14.5,19.9,0
"03490",20090514,2009,5,14,10.9,14.5,17.7,2.8
"03490",20090515,2009,5,15,7.9,14,17.8,1.9
"03490",20090516,2009,5,16,7.5,12.7,18.1,0.2
"03490",20090517,2009,5,17,10.9,14.4,20.3,0.3
"03490",20090518,2009,5,18,7,14.7,20.2,0
"03490",20090519,2009,5,19,4.8,14.6,22.9,0
"03490",20090520,2009,5,20,9.8,16.8,23.7,0
"03490",20090521,2009,5,21,11.3,16.6,22.4,0.4
"03490",20090522,2009,5,22,8.9,15.1,20.8,0
"03490",20090523,2009,5,23,7.3,16,23.5,0
"03490",20090524,2009,5,24,9.3,19.1,26,0
"03490",20090525,2009,5,25,13.2,19.4,30.1,7.7
"03490",20090526,2009,5,26,7.9,17.3,23.8,0
"03490",20090527,2009,5,27,9.5,13.6,18.1,0
"03490",20090528,2009,5,28,12.1,15.6,19.5,0.1
"03490",20090529,2009,5,29,7.6,14.6,21.3,0
"03490",20090530,2009,5,30,6.7,14.8,22.5,0.7
"03490",20090531,2009,5,31,11.6,16.4,22.8,0
"03490",20090601,2009,6,1,10.4,18.4,25.9,0
"03490",20090602,2009,6,2,11.5,18,23.7,0
"03490",20090603,2009,6,3,9.9,13.6,17.2,0
"03490",20090604,2009,6,4,9.1,11.4,14.1,0
"03490",20090605,2009,6,5,5.4,10.3,14.8,0
"03490",20090606,2009,6,6,4.5,8.2,10.5,11.8
"03490",20090607,2009,6,7,6.1,11.4,17.7,4
"03490",20090608,2009,6,8,7,14.5,20.6,0.2
"03490",20090609,2009,6,9,13.2,16.6,21.4,7.6
"03490",20090610,2009,6,10,12.1,15.2,20.3,7.6
"03490",20090611,2009,6,11,9.5,13.8,16.3,5.9
"03490",20090612,2009,6,12,8.8,14,19.6,0
"03490",20090613,2009,6,13,6.9,15.1,22.6,0
"03490",20090614,2009,6,14,9.2,18.5,27.5,0
"03490",20090615,2009,6,15,11.1,15.6,18.2,20
"03490",20090616,2009,6,16,10.7,14.9,19.8,0.4
"03490",20090617,2009,6,17,9.2,16.4,24.6,0
"03490",20090618,2009,6,18,10.3,17.3,22.6,0
"03490",20090619,2009,6,19,8.2,15.6,21.1,0
"03490",20090620,2009,6,20,6.3,12.9,18.1,6.7
"03490",20090621,2009,6,21,8.9,12.9,17.3,6.9
"03490",20090622,2009,6,22,9,13.7,18.2,0
"03490",20090623,2009,6,23,8.9,15.7,22.6,0
"03490",20090624,2009,6,24,8.9,18,25.8,0
"03490",20090625,2009,6,25,12.5,19.5,26.7,0
"03490",20090626,2009,6,26,12.5,20.2,27.2,7.6
"03490",20090627,2009,6,27,15.1,18.5,24.2,18.4
"03490",20090628,2009,6,28,16.1,20.5,26.3,0
"03490",20090629,2009,6,29,15.4,21.5,27.6,0
"03490",20090630,2009,6,30,16.8,21.2,27.9,1
"03490",20090701,2009,7,1,16.9,22.8,28.9,0
"03490",20090702,2009,7,2,17,23.3,30.4,0
"03490",20090703,2009,7,3,18.3,21.7,27,0.5
"03490",20090704,2009,7,4,15.8,20.8,26.3,0
"03490",20090705,2009,7,5,15.3,20.4,27,1.3
"03490",20090706,2009,7,6,13.5,19.5,24.7,2.9
"03490",20090707,2009,7,7,12,17.3,22.2,0
"03490",20090708,2009,7,8,13.5,15.8,19.4,4.1
"03490",20090709,2009,7,9,11,15.4,20.7,0.5
"03490",20090710,2009,7,10,12.3,14.1,16.5,0.4
"03490",20090711,2009,7,11,11.7,16.5,20.9,0.1
"03490",20090712,2009,7,12,12.7,18.5,24.4,1.5
"03490",20090713,2009,7,13,14.6,21.1,27.1,0
"03490",20090714,2009,7,14,16.1,22.1,27.4,0
"03490",20090715,2009,7,15,14.2,21.1,26.9,0
"03490",20090716,2009,7,16,12.1,20.7,28.8,1
"03490",20090717,2009,7,17,13.4,18.7,23.7,1
"03490",20090718,2009,7,18,12.5,16.4,20.5,0.3
"03490",20090719,2009,7,19,13.8,17.7,21.5,2.4
"03490",20090720,2009,7,20,13.9,18.4,23,0.6
"03490",20090721,2009,7,21,14.1,22.5,29.1,3.1
"03490",20090722,2009,7,22,17.7,23.7,29.2,0.2
"03490",20090723,2009,7,23,15.8,19.7,24.2,13.1
"03490",20090724,2009,7,24,14.7,18.7,23.8,0
"03490",20090725,2009,7,25,11.3,16.8,22.4,2.1
"03490",20090726,2009,7,26,9.8,17.2,25.5,0
"03490",20090727,2009,7,27,10.1,18.8,28.8,2.4
"03490",20090728,2009,7,28,9.5,16.6,24.7,0
"03490",20090729,2009,7,29,8.7,19.3,29.5,4.7
"03490",20090730,2009,7,30,9.9,18.5,23.1,0
"03490",20090731,2009,7,31,9,16,23.3,0
"03490",20090801,2009,8,1,9.9,19.4,29,0.5
"03490",20090802,2009,8,2,13.6,17.5,23,7.2
"03490",20090803,2009,8,3,12.3,16.7,21.7,0
"03490",20090804,2009,8,4,10.1,17.2,25.6,0
"03490",20090805,2009,8,5,10.4,19.2,28.7,0
"03490",20090806,2009,8,6,13.1,21.4,30,0
"03490",20090807,2009,8,7,14.7,22.8,30.5,0
"03490",20090808,2009,8,8,17.9,18.8,19.9,0
"03490",20090809,2009,8,9,17.3,19.5,24.6,0
"03490",20090810,2009,8,10,13.8,19.2,24.5,0.1
"03490",20090811,2009,8,11,14.2,19.3,24.5,0.4
"03490",20090812,2009,8,12,11.1,19,26.3,11.2
"03490",20090813,2009,8,13,13.2,17.2,21.8,1.7
"03490",20090814,2009,8,14,12.6,16.7,23,0
"03490",20090815,2009,8,15,11.4,19.3,29.8,0
"03490",20090816,2009,8,16,11.5,20.6,29.8,0
"03490",20090817,2009,8,17,13.7,20.3,27.8,0
"03490",20090818,2009,8,18,12.1,18.5,26.5,0
"03490",20090819,2009,8,19,12.2,21.5,32.9,0
"03490",20090820,2009,8,20,13.6,24.4,36.6,0.7
"03490",20090821,2009,8,21,12.2,17,22.3,3
"03490",20090822,2009,8,22,11.4,16.6,23.4,0
"03490",20090823,2009,8,23,9.5,16.8,26,0
"03490",20090824,2009,8,24,7.6,19.9,31.3,0.1
"03490",20090825,2009,8,25,14.3,20.3,25.1,1.2
"03490",20090826,2009,8,26,11,18.8,27.1,0
"03490",20090827,2009,8,27,13.8,21.3,29.7,0
"03490",20090828,2009,8,28,10.7,18.2,24.2,0
"03490",20090829,2009,8,29,8.9,14.8,20.7,0
"03490",20090830,2009,8,30,6,14.5,22.7,0
"03490",20090831,2009,8,31,6.2,16.9,28,0
"03490",20090901,2009,9,1,9.4,17.9,28,3
"03490",20090902,2009,9,2,10.7,16.3,21.9,1.8
"03490",20090903,2009,9,3,13.1,16.1,19.9,0.8
"03490",20090904,2009,9,4,11.7,13.8,17,3.4
"03490",20090905,2009,9,5,8.2,14.4,19.7,0
"03490",20090906,2009,9,6,5.1,12.9,19.7,0
"03490",20090907,2009,9,7,5.8,14.6,26.6,0
"03490",20090908,2009,9,8,5.9,16.6,31.6,0
"03490",20090909,2009,9,9,7,18.4,28.6,0
"03490",20090910,2009,9,10,15.1,16.2,17.9,0
"03490",20090911,2009,9,11,8.9,14.5,20.4,0
"03490",20090912,2009,9,12,10.9,14.8,20.6,0
"03490",20090913,2009,9,13,11.4,13.6,16.4,0.8
"03490",20090914,2009,9,14,9.7,12.4,15.7,13.7
"03490",20090915,2009,9,15,10.8,13.7,15.7,0
"03490",20090916,2009,9,16,14,16.5,19.9,0
"03490",20090917,2009,9,17,10.7,15.2,20.3,0
"03490",20090918,2009,9,18,9.4,15.6,23.9,0
"03490",20090919,2009,9,19,12.3,17.6,24.2,0
"03490",20090920,2009,9,20,13.8,17.8,24.6,4.4
"03490",20090921,2009,9,21,11.6,16.1,20.7,0
"03490",20090922,2009,9,22,9.6,15.6,24.9,0
"03490",20090923,2009,9,23,8.3,15.6,23.8,0
"03490",20090924,2009,9,24,9.1,15.2,18,0.3
"03490",20090925,2009,9,25,8.9,13,18.8,0
"03490",20090926,2009,9,26,6.6,12.6,20.9,0
"03490",20090927,2009,9,27,6.8,13.3,21.8,0
"03490",20090928,2009,9,28,7.7,13.3,19.1,0
"03490",20090929,2009,9,29,12.7,16,19.1,0.1
"03490",20090930,2009,9,30,12,15.4,19.1,0.1
"03490",20091001,2009,10,1,10.3,13.7,18.9,0.3
"03490",20091002,2009,10,2,4.9,10.6,14.9,0
"03490",20091003,2009,10,3,4.7,11.3,15.3,0
"03490",20091004,2009,10,4,10.6,13.8,15.4,0.1
"03490",20091005,2009,10,5,9,12.1,16.1,5.7
"03490",20091006,2009,10,6,12.1,16.6,19.6,1.3
"03490",20091007,2009,10,7,12.6,19.5,24.6,2.7
"03490",20091008,2009,10,8,6.1,13.9,19.2,0
"03490",20091009,2009,10,9,6.2,10.5,16.2,8.3
"03490",20091010,2009,10,10,9.5,13.1,18,3
"03490",20091011,2009,10,11,7.3,12.5,16,1.9
"03490",20091012,2009,10,12,7.2,10.4,13.7,1.3
"03490",20091013,2009,10,13,1.7,9,13,0
"03490",20091014,2009,10,14,-0.5,2.9,7.7,0
"03490",20091015,2009,10,15,-1.7,3.3,9.1,0
"03490",20091016,2009,10,16,2.3,8.3,11.5,1.7
"03490",20091017,2009,10,17,4.2,8.1,11.4,0.1
"03490",20091018,2009,10,18,2.2,5.9,10.7,0
"03490",20091019,2009,10,19,-2,3,12.2,0
"03490",20091020,2009,10,20,0,6,13.2,0
"03490",20091021,2009,10,21,5.6,9.2,14.6,0.9
"03490",20091022,2009,10,22,1.5,8.1,14,0
"03490",20091023,2009,10,23,1,6.9,12.6,1.8
"03490",20091024,2009,10,24,4.9,10.2,14.6,0.6
"03490",20091025,2009,10,25,7.1,12.5,17.3,0
"03490",20091026,2009,10,26,10.4,12.8,15.3,0.2
"03490",20091027,2009,10,27,4.1,10.2,14.2,0
"03490",20091028,2009,10,28,3.4,7.5,15.3,0
"03490",20091029,2009,10,29,2.9,9.4,14.3,0
"03490",20091030,2009,10,30,2.8,9.6,15,0
"03490",20091031,2009,10,31,1.4,6.5,13.5,0
"03490",20091101,2009,11,1,3.7,10.2,15.4,9.6
"03490",20091102,2009,11,2,6.2,9.9,14.1,5.3
"03490",20091103,2009,11,3,1.8,7.6,11.4,2.1
"03490",20091104,2009,11,4,4.4,8.2,10.6,3.2
"03490",20091105,2009,11,5,6.6,9.4,10.8,0
"03490",20091106,2009,11,6,3.4,8.4,11.8,0.3
"03490",20091107,2009,11,7,3.8,8.4,11.6,0
"03490",20091108,2009,11,8,-1.1,5.7,9.8,0.3
"03490",20091109,2009,11,9,5.9,6.6,7.5,22.1
"03490",20091110,2009,11,10,5.4,6.8,8.4,1.9
"03490",20091111,2009,11,11,0.2,6.7,8.5,0
"03490",20091112,2009,11,12,-1.7,5.3,10.2,0.8
"03490",20091113,2009,11,13,6.2,13.2,16.8,0
"03490",20091114,2009,11,14,9.2,13.5,16.8,0.3
"03490",20091115,2009,11,15,5.5,11.6,15.2,0.2
"03490",20091116,2009,11,16,5.1,11.2,16.2,1.1
"03490",20091117,2009,11,17,9.1,10.7,14.4,8.3
"03490",20091118,2009,11,18,8.2,10.8,11.9,0
"03490",20091119,2009,11,19,2.5,9.6,15.3,0
"03490",20091120,2009,11,20,1.6,11.3,17.4,0
"03490",20091121,2009,11,21,9,12.4,16.3,0
"03490",20091122,2009,11,22,9.6,12.9,15.4,0.6
"03490",20091123,2009,11,23,8.5,10.9,13.1,3.7
"03490",20091124,2009,11,24,10.2,12.5,14.3,0.5
"03490",20091125,2009,11,25,8.6,12.1,14.4,0.5
"03490",20091126,2009,11,26,8.5,9.9,11.5,4.7
"03490",20091127,2009,11,27,7.1,8.8,10.3,0.9
"03490",20091128,2009,11,28,7.4,9.3,11.1,0.7
"03490",20091129,2009,11,29,7.1,9.6,13.5,0.3
"03490",20091130,2009,11,30,4.4,6.9,9.2,0
"03490",20091201,2009,12,1,3.8,5.1,6.6,0
"03490",20091202,2009,12,2,2.4,5.9,8.1,0
"03490",20091203,2009,12,3,4.4,9,11.1,4.7
"03490",20091204,2009,12,4,-1,3.9,6.4,0
"03490",20091205,2009,12,5,0.4,6.6,10.9,0.1
"03490",20091206,2009,12,6,3.2,10.8,12.9,0.8
"03490",20091207,2009,12,7,-0.4,5.2,9.6,1.6
"03490",20091208,2009,12,8,5.4,7.5,10.7,1.2
"03490",20091209,2009,12,9,2.5,6.8,9.7,6.4
"03490",20091210,2009,12,10,7.2,9.1,10.9,3.1
"03490",20091211,2009,12,11,3.3,6.6,8.3,1.5
"03490",20091212,2009,12,12,2.6,3.7,4.8,2
"03490",20091213,2009,12,13,-0.1,1.5,3.7,0
"03490",20091214,2009,12,14,-4.3,-0.7,0,0
"03490",20091215,2009,12,15,-5.5,-2,0.6,0
"03490",20091216,2009,12,16,-5.4,-2.3,0,0.1
"03490",20091217,2009,12,17,-6.1,-3.1,0.9,0
"03490",20091218,2009,12,18,-9.1,-5.2,-1.3,4.5
"03490",20091219,2009,12,19,-19.1,-13.4,-9.1,0.3
"03490",20091220,2009,12,20,-19.7,-6.6,0.4,0
"03490",20091221,2009,12,21,-8.8,-2,3.3,0.6
"03490",20091222,2009,12,22,0.7,2.6,5.7,1.1
"03490",20091223,2009,12,23,-3.3,-0.1,3.6,0
"03490",20091224,2009,12,24,-0.7,2.4,3.9,2.1
"03490",20091225,2009,12,25,3.3,5.2,10,0
"03490",20091226,2009,12,26,-3.1,2.5,6.3,0
"03490",20091227,2009,12,27,-4,1.6,5.2,0.1
"03490",20091228,2009,12,28,-3.4,3.6,5.6,0
"03490",20091229,2009,12,29,-3.8,0.8,2.7,7
"03490",20091230,2009,12,30,0.8,5.9,9.8,2.5
"03490",20091231,2009,12,31,0.2,3,5,5.7
"03490",20100101,2010,1,1,-1.7,-0.5,0.2,0.5
"03490",20100102,2010,1,2,-5.9,-1,1.8,0.2
"03490",20100103,2010,1,3,-5.1,-2,1.8,1.2
"03490",20100104,2010,1,4,-9.9,-4.9,-2.6,0
"03490",20100105,2010,1,5,-8.6,-4.9,-2.1,0
"03490",20100106,2010,1,6,-9.9,-5.9,-3,0
"03490",20100107,2010,1,7,-8.5,-4.2,-2.2,0
"03490",20100108,2010,1,8,-9.2,-5.6,-3.5,0.7
"03490",20100109,2010,1,9,-4.1,-2.5,-1.4,2.2
"03490",20100110,2010,1,10,-3.2,-2.1,-1,0.4
"03490",20100111,2010,1,11,-2.3,-1.6,-1,1.3
"03490",20100112,2010,1,12,-2.3,-1.9,-1.5,0
"03490",20100113,2010,1,13,-3,-2.5,-0.2,0
"03490",20100114,2010,1,14,-2.2,0,1.9,0
"03490",20100115,2010,1,15,0.2,0.9,2.5,0.1
"03490",20100116,2010,1,16,-0.9,0,0.9,4.8
"03490",20100117,2010,1,17,-0.6,2.3,6.6,2.1
"03490",20100118,2010,1,18,1.9,4.6,7.4,0.1
"03490",20100119,2010,1,19,1.8,2.9,4.2,1.9
"03490",20100120,2010,1,20,-1,2.1,3.5,0
"03490",20100121,2010,1,21,1.1,2.2,3.3,0
"03490",20100122,2010,1,22,1.9,2.6,5.1,0
"03490",20100123,2010,1,23,-0.8,-0.1,1.9,0.6
"03490",20100124,2010,1,24,-0.8,0.1,1.2,6.7
"03490",20100125,2010,1,25,-2.5,-0.3,1,0.4
"03490",20100126,2010,1,26,-10.2,-4.9,-2.4,0
"03490",20100127,2010,1,27,-11,-5.3,1,2.6
"03490",20100128,2010,1,28,0.6,2.6,3.8,2.4
"03490",20100129,2010,1,29,0.4,1.9,3.9,4.8
"03490",20100130,2010,1,30,-6,-1.3,1.2,4.2
"03490",20100131,2010,1,31,-3.5,0,2.9,0
"03490",20100201,2010,2,1,-0.3,0.9,2.8,2.8
"03490",20100202,2010,2,2,-3.8,1.7,5.2,4.5
"03490",20100203,2010,2,3,0.9,2.4,5.7,0.1
"03490",20100204,2010,2,4,-0.9,3.7,8.8,0
"03490",20100205,2010,2,5,-1.3,2.9,5.9,0.1
"03490",20100206,2010,2,6,-1.7,2.2,6.3,0.1
"03490",20100207,2010,2,7,1.6,2.7,3.8,0
"03490",20100208,2010,2,8,-4,-1.4,1.6,0
"03490",20100209,2010,2,9,-5,-4.4,-3.9,0.2
"03490",20100210,2010,2,10,-10.1,-5.6,-3.6,0.9
"03490",20100211,2010,2,11,-7.5,-3.9,-1.6,3.4
"03490",20100212,2010,2,12,-4.5,-3.1,-2.1,1
"03490",20100213,2010,2,13,-4.8,-3.2,-1.3,1.3
"03490",20100214,2010,2,14,-4.5,-2.8,-0.8,0.9
"03490",20100215,2010,2,15,-4.8,-1.6,2.1,0
"03490",20100216,2010,2,16,-5.9,-0.7,2.8,0
"03490",20100217,2010,2,17,-8.3,-1.7,2,1.5
"03490",20100218,2010,2,18,-1.4,2.7,9,0.5
"03490",20100219,2010,2,19,-1.6,2.6,8.6,0.1
"03490",20100220,2010,2,20,-2.9,1.3,5.5,0.5
"03490",20100221,2010,2,21,0.2,3,6.3,0
"03490",20100222,2010,2,22,-0.8,6.7,11.5,2.3
"03490",20100223,2010,2,23,5.7,8.3,10.9,2.8
"03490",20100224,2010,2,24,4.4,8.8,12.5,3.8
"03490",20100225,2010,2,25,7.7,9.4,11.5,0.3
"03490",20100226,2010,2,26,4.9,8.7,10.9,0.1
"03490",20100227,2010,2,27,3.4,8,13.8,1.6
"03490",20100228,2010,2,28,5.5,7.9,12.3,1.2
"03490",20100301,2010,3,1,0.5,5.2,7.6,0
"03490",20100302,2010,3,2,-2.9,3.1,8.7,0
"03490",20100303,2010,3,3,-2.9,1.6,8,0
"03490",20100304,2010,3,4,-3.1,0.8,5.6,0
"03490",20100305,2010,3,5,-2.2,1.1,4.7,6.6
"03490",20100306,2010,3,6,-4.6,-0.6,2.9,0.1
"03490",20100307,2010,3,7,-7.8,-2.9,2.9,0
"03490",20100308,2010,3,8,-8.7,-3.4,3.2,0
"03490",20100309,2010,3,9,-8,-2.2,3.9,0
"03490",20100310,2010,3,10,-8,-0.2,8.1,0
"03490",20100311,2010,3,11,-4.9,-1.4,1.8,0
"03490",20100312,2010,3,12,-1.4,2.4,6.6,0.8
"03490",20100313,2010,3,13,1.9,4.4,6.5,0.3
"03490",20100314,2010,3,14,4.4,6,7.7,0.8
"03490",20100315,2010,3,15,4,6.5,9.9,10
"03490",20100316,2010,3,16,1.5,5.7,8.3,0
"03490",20100317,2010,3,17,1.7,7.4,14.5,0
"03490",20100318,2010,3,18,-0.2,9.9,19,0
"03490",20100319,2010,3,19,11.3,15.6,20.1,0.3
"03490",20100320,2010,3,20,13,15.1,17.3,12.8
"03490",20100321,2010,3,21,8.1,11.3,13.9,5.3
"03490",20100322,2010,3,22,3.4,9.1,13.5,0
"03490",20100323,2010,3,23,0.9,8.1,14.7,0
"03490",20100324,2010,3,24,1.9,10.4,19.7,0
"03490",20100325,2010,3,25,5.5,13.4,22.4,0
"03490",20100326,2010,3,26,7.9,9.9,14.5,8.7
"03490",20100327,2010,3,27,8,9.3,12,0.2
"03490",20100328,2010,3,28,7.4,10,13.2,0.7
"03490",20100329,2010,3,29,7.4,11.2,14.5,1.8
"03490",20100330,2010,3,30,5.6,11.4,16.7,0.8
"03490",20100331,2010,3,31,5.2,7.9,12.1,0.6
"03490",20100401,2010,4,1,-1,5.7,10.7,0
"03490",20100402,2010,4,2,-3.2,6,12.9,0
"03490",20100403,2010,4,3,3.2,8.9,12.5,0.1
"03490",20100404,2010,4,4,5.5,8.6,11.6,1.5
"03490",20100405,2010,4,5,1.6,8.1,12.9,0
"03490",20100406,2010,4,6,0.8,9.1,17.3,0
"03490",20100407,2010,4,7,2.3,13,22.1,0
"03490",20100408,2010,4,8,8.9,11.3,13.5,0.7
"03490",20100409,2010,4,9,3.6,9.4,14.5,0
"03490",20100410,2010,4,10,2.8,8.9,13,0
"03490",20100411,2010,4,11,1.6,5,9.9,0.2
"03490",20100412,2010,4,12,2.2,6.9,12.6,0.6
"03490",20100413,2010,4,13,5.9,10.8,16.9,0
"03490",20100414,2010,4,14,4.1,9.1,15,0
"03490",20100415,2010,4,15,3.4,9.7,15.3,0
"03490",20100416,2010,4,16,2.6,6.7,11.2,0
"03490",20100417,2010,4,17,-0.1,8.4,19.1,0
"03490",20100418,2010,4,18,2,11.7,20.9,0
"03490",20100419,2010,4,19,4.3,8.3,13.2,0
"03490",20100420,2010,4,20,1.3,9.9,19.2,0
"03490",20100421,2010,4,21,1.7,5.8,10.7,0.2
"03490",20100422,2010,4,22,-1,5.9,13.3,0
"03490",20100423,2010,4,23,-0.1,9,18.1,0
"03490",20100424,2010,4,24,2.9,12.6,22.7,0
"03490",20100425,2010,4,25,5,16.1,26,4.2
"03490",20100426,2010,4,26,6.8,13,18.8,0
"03490",20100427,2010,4,27,6.5,12.7,19.3,0
"03490",20100428,2010,4,28,6.1,14.9,24.4,0
"03490",20100429,2010,4,29,8,18.4,26.9,0
"03490",20100430,2010,4,30,8,16.6,21.7,0
"03490",20100501,2010,5,1,9,13.1,18.2,0
"03490",20100502,2010,5,2,4.3,11.1,17.6,2.2
"03490",20100503,2010,5,3,3.7,8,10.3,1.6
"03490",20100504,2010,5,4,3.3,8.4,11,0
"03490",20100505,2010,5,5,0.3,8.8,14.7,4.1
"03490",20100506,2010,5,6,5.4,6.6,9.5,19
"03490",20100507,2010,5,7,4.3,6.1,8.2,2.7
"03490",20100508,2010,5,8,5.4,8.9,14.9,0
"03490",20100509,2010,5,9,4,10.1,15.5,0
"03490",20100510,2010,5,10,5.8,9.8,13.2,0
"03490",20100511,2010,5,11,6.2,8.1,10.8,13
"03490",20100512,2010,5,12,6,7.2,9,0
"03490",20100513,2010,5,13,6.2,7.1,8.8,2.6
"03490",20100514,2010,5,14,6.6,8.4,10.8,0
"03490",20100515,2010,5,15,6.6,9.9,13.5,0
"03490",20100516,2010,5,16,7.4,12.2,18,0
"03490",20100517,2010,5,17,6.1,9.9,15.6,0.9
"03490",20100518,2010,5,18,7.8,10.7,15,0
"03490",20100519,2010,5,19,7.2,10.8,14.9,0.5
"03490",20100520,2010,5,20,8.7,14.4,20.7,0
"03490",20100521,2010,5,21,8.3,15.2,21.7,0
"03490",20100522,2010,5,22,9.1,16,22.1,0
"03490",20100523,2010,5,23,10.5,17.5,24.2,0
"03490",20100524,2010,5,24,12.2,20,27.4,0
"03490",20100525,2010,5,25,13.5,17.6,22.1,0
"03490",20100526,2010,5,26,9.8,13.1,16.1,6.8
"03490",20100527,2010,5,27,9.5,12.9,18,8.5
"03490",20100528,2010,5,28,8.7,14.1,19.1,0
"03490",20100529,2010,5,29,7.3,15.1,21.5,1.5
"03490",20100530,2010,5,30,8.7,13.7,18.7,4.2
"03490",20100531,2010,5,31,8.2,11.8,15,2.2
"03490",20100601,2010,6,1,11.4,14.3,18.4,0
"03490",20100602,2010,6,2,11.3,15.9,21.5,0
"03490",20100603,2010,6,3,10.5,17.4,23.9,0
"03490",20100604,2010,6,4,9.8,18,25.8,0
"03490",20100605,2010,6,5,11.4,20.2,29.1,0
"03490",20100606,2010,6,6,11.5,19.5,29.9,7.8
"03490",20100607,2010,6,7,12.6,17.6,23.4,0
"03490",20100608,2010,6,8,9.9,18.2,24.9,0
"03490",20100609,2010,6,9,14.8,20,26.7,3.3
"03490",20100610,2010,6,10,15.7,19.9,25.2,6.4
"03490",20100611,2010,6,11,16.4,21.2,27.4,0
"03490",20100612,2010,6,12,11.8,15.9,23,3.7
"03490",20100613,2010,6,13,9.6,14.2,20.3,0
"03490",20100614,2010,6,14,7.9,16.7,24.1,0
"03490",20100615,2010,6,15,8.2,15.3,21.4,0
"03490",20100616,2010,6,16,6.6,15.8,23.3,0
"03490",20100617,2010,6,17,9.2,13.9,17.6,7.7
"03490",20100618,2010,6,18,10.5,13.7,18.8,0
"03490",20100619,2010,6,19,9.7,12.3,16.3,1
"03490",20100620,2010,6,20,9.2,12,15.3,2.4
"03490",20100621,2010,6,21,7.7,12.6,17.5,0
"03490",20100622,2010,6,22,10.9,15.7,21.4,0
"03490",20100623,2010,6,23,9.7,17.6,25,0
"03490",20100624,2010,6,24,12,20.7,28.2,0
"03490",20100625,2010,6,25,14.8,20.7,26.5,0
"03490",20100626,2010,6,26,12.4,20.1,27.4,0
"03490",20100627,2010,6,27,12.8,21.5,30.1,0
"03490",20100628,2010,6,28,15.4,23.2,30.9,0
"03490",20100629,2010,6,29,15.4,21.9,28.6,0
"03490",20100630,2010,6,30,14.7,22.2,29.6,0
"03490",20100701,2010,7,1,15.7,23.5,31.7,0
"03490",20100702,2010,7,2,13.4,24.6,34.2,0
"03490",20100703,2010,7,3,14.7,22.3,33,15.9
"03490",20100704,2010,7,4,15.2,22,28.5,0
"03490",20100705,2010,7,5,13.4,18.5,23.6,1.3
"03490",20100706,2010,7,6,13.2,17.6,22.7,0
"03490",20100707,2010,7,7,11,19.6,27.7,0
"03490",20100708,2010,7,8,13.2,23.7,32.8,0
"03490",20100709,2010,7,9,13.7,25.1,34.9,0
"03490",20100710,2010,7,10,18.1,27.7,36.4,3.2
"03490",20100711,2010,7,11,20.1,26.5,34.6,0
"03490",20100712,2010,7,12,18.9,25.4,33.6,0
"03490",20100713,2010,7,13,16.2,22.5,29.7,0.4
"03490",20100714,2010,7,14,15.5,23.8,34.6,7.1
"03490",20100715,2010,7,15,13.2,20.3,25.4,0
"03490",20100716,2010,7,16,12,22.4,31.8,1.6
"03490",20100717,2010,7,17,11.6,19.2,25,0
"03490",20100718,2010,7,18,10.4,18.2,25.9,0
"03490",20100719,2010,7,19,11.4,20.7,30.2,0
"03490",20100720,2010,7,20,12.4,22.1,31.5,0
"03490",20100721,2010,7,21,12.7,23,32.9,0.5
"03490",20100722,2010,7,22,17.7,20.6,24.1,0
"03490",20100723,2010,7,23,13.9,18.8,26.2,7
"03490",20100724,2010,7,24,10.7,16.8,22.3,0
"03490",20100725,2010,7,25,9,16.2,23.1,0
"03490",20100726,2010,7,26,14.3,16.6,20.3,16.5
"03490",20100727,2010,7,27,14.5,18,24.1,1
"03490",20100728,2010,7,28,14.8,18.7,25.6,4.7
"03490",20100729,2010,7,29,13.4,15.5,19,1.8
"03490",20100730,2010,7,30,10.4,16.7,24.1,0.3
"03490",20100731,2010,7,31,7.9,17.9,27.2,1.3
"03490",20100801,2010,8,1,14.1,19.4,27.8,2.3
"03490",20100802,2010,8,2,12.2,17.7,22.5,4.3
"03490",20100803,2010,8,3,13.4,17.3,23.4,0
"03490",20100804,2010,8,4,12.6,17.9,23.7,9.3
"03490",20100805,2010,8,5,14.3,16.5,21.3,0.8
"03490",20100806,2010,8,6,11.3,16.6,23.3,0
"03490",20100807,2010,8,7,7.6,18.5,26.9,2
"03490",20100808,2010,8,8,15.4,17.3,22.6,9.5
"03490",20100809,2010,8,9,13,17.8,23.9,0
"03490",20100810,2010,8,10,10.8,20.8,28.3,4.6
"03490",20100811,2010,8,11,16.2,19,25.2,8.4
"03490",20100812,2010,8,12,14.5,17.3,22.8,0.1
"03490",20100813,2010,8,13,10.9,16,21.1,0
"03490",20100814,2010,8,14,10.5,17.6,24.8,0
"03490",20100815,2010,8,15,14.7,16.1,17.2,51.4
"03490",20100816,2010,8,16,14.1,17.1,20.7,0
"03490",20100817,2010,8,17,14.3,16.3,18.2,1.4
"03490",20100818,2010,8,18,14.2,18,22.8,0.1
"03490",20100819,2010,8,19,9.6,16.7,23,0
"03490",20100820,2010,8,20,7.9,18.5,28.6,0
"03490",20100821,2010,8,21,12.5,21.6,30.9,0
"03490",20100822,2010,8,22,14.4,20.6,27.9,0.1
"03490",20100823,2010,8,23,16.8,20,26.4,4.9
"03490",20100824,2010,8,24,10.8,16.9,21.3,0
"03490",20100825,2010,8,25,13.1,16.7,22.5,3.6
"03490",20100826,2010,8,26,14.3,19.7,23.2,6.4
"03490",20100827,2010,8,27,12.5,17.3,22.7,6.2
"03490",20100828,2010,8,28,9.8,13.3,18.1,1
"03490",20100829,2010,8,29,9.3,13.4,18.5,23.8
"03490",20100830,2010,8,30,9.7,12.5,16,25.9
"03490",20100831,2010,8,31,9.7,13.7,19.3,0
"03490",20100901,2010,9,1,7.8,12.8,18.8,0
"03490",20100902,2010,9,2,8.7,13.1,18.7,0
"03490",20100903,2010,9,3,10.1,14.5,19.9,0
"03490",20100904,2010,9,4,8.5,14,19.9,0
"03490",20100905,2010,9,5,5.7,12,20.5,0
"03490",20100906,2010,9,6,3.6,13.4,20.5,2.3
"03490",20100907,2010,9,7,10.7,12.7,15.4,5.4
"03490",20100908,2010,9,8,11.6,15.5,19.5,0.1
"03490",20100909,2010,9,9,11.1,15.4,19,8.4
"03490",20100910,2010,9,10,9.5,14.9,20,1.6
"03490",20100911,2010,9,11,9,16,24.5,0
"03490",20100912,2010,9,12,10.8,14.7,21.5,1
"03490",20100913,2010,9,13,9.1,14.3,19.8,0.6
"03490",20100914,2010,9,14,11.1,16.4,19.3,4.9
"03490",20100915,2010,9,15,11.9,15.5,18.8,5.4
"03490",20100916,2010,9,16,11.5,13.6,18.1,3
"03490",20100917,2010,9,17,7.7,12.4,17.6,0
"03490",20100918,2010,9,18,5.3,10,15.9,0
"03490",20100919,2010,9,19,4.3,11.2,18.2,0
"03490",20100920,2010,9,20,5.4,13.1,21.3,0
"03490",20100921,2010,9,21,6.3,13.5,22.7,0
"03490",20100922,2010,9,22,6.7,14.5,25.4,0
"03490",20100923,2010,9,23,6.4,15.8,24.5,3.7
"03490",20100924,2010,9,24,12.1,14.8,17.6,9.2
"03490",20100925,2010,9,25,6.9,11.6,15.5,2.1
"03490",20100926,2010,9,26,4.5,10.1,14.9,0.5
"03490",20100927,2010,9,27,2.6,8.6,13,6.9
"03490",20100928,2010,9,28,9.9,11.3,12.7,0.3
"03490",20100929,2010,9,29,6.5,12,15.7,0
"03490",20100930,2010,9,30,6.4,10.7,13.7,5
"03490",20101001,2010,10,1,7.3,11.6,15.8,8.1
"03490",20101002,2010,10,2,10.8,14.3,17.5,0.3
"03490",20101003,2010,10,3,11.6,17,25.1,0
"03490",20101004,2010,10,4,11.1,15.1,19.2,1.7
"03490",20101005,2010,10,5,10.8,15.6,21.6,0
"03490",20101006,2010,10,6,11.5,15.7,21.2,0
"03490",20101007,2010,10,7,13.1,15.4,19,0
"03490",20101008,2010,10,8,7.5,13.6,18.4,0
"03490",20101009,2010,10,9,4.6,11.4,19.2,0
"03490",20101010,2010,10,10,1.5,8.9,19.6,0
"03490",20101011,2010,10,11,0,7.9,18.9,0
"03490",20101012,2010,10,12,1.7,7.2,14.8,0
"03490",20101013,2010,10,13,2.2,5.7,10.1,0
"03490",20101014,2010,10,14,1.2,6.8,12.3,0.2
"03490",20101015,2010,10,15,8.6,10,12,5.6
"03490",20101016,2010,10,16,6.1,8,10.9,2.3
"03490",20101017,2010,10,17,5.2,6.6,7.5,0
"03490",20101018,2010,10,18,3.3,6.3,8.5,0
"03490",20101019,2010,10,19,5.7,8.1,11.5,2.6
"03490",20101020,2010,10,20,3.8,6.3,9.5,2.2
"03490",20101021,2010,10,21,0.8,5.4,10.5,0
"03490",20101022,2010,10,22,-0.7,5.9,9.3,0
"03490",20101023,2010,10,23,-3.2,4.8,10,0.1
"03490",20101024,2010,10,24,4.2,8,11.9,0
"03490",20101025,2010,10,25,1.3,5.2,10.1,0
"03490",20101026,2010,10,26,-2.6,4.4,10.1,0
"03490",20101027,2010,10,27,5.8,9.4,12.4,0
"03490",20101028,2010,10,28,1.8,9.7,12.4,0
"03490",20101029,2010,10,29,0.4,8.1,16.7,0
"03490",20101030,2010,10,30,4.6,11.4,17.5,0.3
"03490",20101031,2010,10,31,6.2,9.1,14.7,2.1
"03490",20101101,2010,11,1,6.7,9,13.9,0
"03490",20101102,2010,11,2,8.1,11.2,15,0
"03490",20101103,2010,11,3,11.7,13.5,15.5,0.2
"03490",20101104,2010,11,4,15.2,16.7,18.8,0
"03490",20101105,2010,11,5,13.5,14.6,16,0.1
"03490",20101106,2010,11,6,6.6,10.5,14.5,6.9
"03490",20101107,2010,11,7,5.6,7.4,8.6,0.1
"03490",20101108,2010,11,8,1.4,5.8,8.5,0.1
"03490",20101109,2010,11,9,5,7,9.5,1.4
"03490",20101110,2010,11,10,4.1,6.8,11.5,3.6
"03490",20101111,2010,11,11,1.3,6.5,12.6,4.6
"03490",20101112,2010,11,12,10.8,12.1,14.5,1.7
"03490",20101113,2010,11,13,11,14.1,15.5,5.2
"03490",20101114,2010,11,14,12.4,15.2,18.4,0.1
"03490",20101115,2010,11,15,4.9,8.6,12.4,0
"03490",20101116,2010,11,16,3.3,5.2,7.6,0
"03490",20101117,2010,11,17,4.3,5,5.8,0.4
"03490",20101118,2010,11,18,4.1,5.8,8.6,0
"03490",20101119,2010,11,19,0.4,6.5,11.1,0
"03490",20101120,2010,11,20,-0.7,3.8,8.5,0
"03490",20101121,2010,11,21,2.4,4.8,6.5,0
"03490",20101122,2010,11,22,3.9,4.4,4.8,0
"03490",20101123,2010,11,23,3.6,4.6,5.5,1.7
"03490",20101124,2010,11,24,0.4,3.4,5.3,0.7
"03490",20101125,2010,11,25,-1.9,2,4.6,2.8
"03490",20101126,2010,11,26,-2.3,0.2,1.8,0.2
"03490",20101127,2010,11,27,-3.8,-1.3,1.2,0
"03490",20101128,2010,11,28,-4.7,-1.5,-0.1,0
"03490",20101129,2010,11,29,-3.5,-1.6,-0.9,5.5
"03490",20101130,2010,11,30,-2.4,-1.7,-1.3,0.4
"03490",20101201,2010,12,1,-6.1,-4.9,-2.4,0.4
"03490",20101202,2010,12,2,-9.9,-6.6,-3.3,0.4
"03490",20101203,2010,12,3,-10.7,-5.6,-0.5,0
"03490",20101204,2010,12,4,-12.3,-3.6,2.3,0
"03490",20101205,2010,12,5,0,1.9,3.9,1.9
"03490",20101206,2010,12,6,-2.8,-0.2,1.9,0
"03490",20101207,2010,12,7,-2.3,-0.7,0.7,1.8
"03490",20101208,2010,12,8,-1.1,-0.3,0.8,7.4
"03490",20101209,2010,12,9,-1.1,1.9,3.6,2
"03490",20101210,2010,12,10,2.1,3.5,5.2,1.2
"03490",20101211,2010,12,11,4.4,5.8,7,2
"03490",20101212,2010,12,12,-0.9,3.7,6.1,0.6
"03490",20101213,2010,12,13,-6.8,-3.5,-0.9,3.6
"03490",20101214,2010,12,14,-3.5,-3,-2.5,0
"03490",20101215,2010,12,15,-6.7,-2.4,1,0.3
"03490",20101216,2010,12,16,-8.7,-3,1.7,1.7
"03490",20101217,2010,12,17,-9.9,-2.5,0.2,0.4
"03490",20101218,2010,12,18,-9.1,-4.4,-0.2,0.2
"03490",20101219,2010,12,19,-2.1,0.1,5.1,10
"03490",20101220,2010,12,20,-8.8,-3,0.4,1.9
"03490",20101221,2010,12,21,-5.9,-1.2,1.9,0.8
"03490",20101222,2010,12,22,0.3,1.3,3,10
"03490",20101223,2010,12,23,-1.4,-0.4,1.3,8.5
"03490",20101224,2010,12,24,-3.7,-1.9,-0.1,8.6
"03490",20101225,2010,12,25,-9.8,-5.4,-3.6,0.2
"03490",20101226,2010,12,26,-8.9,-3.9,1,0.5
"03490",20101227,2010,12,27,-4.3,-1.2,1.2,0
"03490",20101228,2010,12,28,-4.5,-2.2,0,0
"03490",20101229,2010,12,29,-2.6,0,1.6,0
"03490",20101230,2010,12,30,-2.4,-0.1,1.5,0
"03490",20101231,2010,12,31,-3.3,-1,1,0
"03490",20110101,2011,1,1,0.1,2.1,4.5,1.9
"03490",20110102,2011,1,2,1,2,3.1,1.3
"03490",20110103,2011,1,3,-2.1,1,3.7,1
"03490",20110104,2011,1,4,-8,-2.6,1.9,0
"03490",20110105,2011,1,5,-8.8,-4.6,0.6,1.6
"03490",20110106,2011,1,6,0.7,6.6,11.6,3.4
"03490",20110107,2011,1,7,3.6,7.1,12.7,0.4
"03490",20110108,2011,1,8,7.4,11.7,14.6,12.3
"03490",20110109,2011,1,9,-0.9,4.8,10.2,4.9
"03490",20110110,2011,1,10,-3.3,-1.4,2.4,0
"03490",20110111,2011,1,11,-1.3,4.4,7.2,0
"03490",20110112,2011,1,12,2.9,6.4,11.2,6.4
"03490",20110113,2011,1,13,8.5,12.2,14.1,3
"03490",20110114,2011,1,14,8.3,11.9,13.3,1.7
"03490",20110115,2011,1,15,4.6,8.9,10.4,0
"03490",20110116,2011,1,16,-0.1,5.6,11.7,0
"03490",20110117,2011,1,17,-1.2,4.4,9.4,0
"03490",20110118,2011,1,18,4,7.8,10.7,4.5
"03490",20110119,2011,1,19,2,3.6,5.1,6.1
"03490",20110120,2011,1,20,0.2,1.9,3.6,0
"03490",20110121,2011,1,21,-0.7,-0.2,0.4,0.1
"03490",20110122,2011,1,22,-0.1,0.8,2,0.5
"03490",20110123,2011,1,23,1.1,2.7,4.6,2.1
"03490",20110124,2011,1,24,3,3.9,4.9,0.9
"03490",20110125,2011,1,25,1.4,3.4,5.2,5.5
"03490",20110126,2011,1,26,-1.6,1.3,3.7,0
"03490",20110127,2011,1,27,-2.1,0.2,2.6,0
"03490",20110128,2011,1,28,-5.7,-0.9,1,0
"03490",20110129,2011,1,29,-7.8,-3.5,2.8,0
"03490",20110130,2011,1,30,-6.3,-4.3,0.4,0
"03490",20110131,2011,1,31,-7.4,-4.9,-3,0
"03490",20110201,2011,2,1,-9.8,-4.8,-0.3,1.6
"03490",20110202,2011,2,2,-2.9,-0.7,3.5,1.6
"03490",20110203,2011,2,3,-1.8,3.5,7.1,0.4
"03490",20110204,2011,2,4,3.8,7.5,10.4,0
"03490",20110205,2011,2,5,9.6,10.5,11.3,0
"03490",20110206,2011,2,6,5.8,9.5,11.2,0
"03490",20110207,2011,2,7,1.2,8.7,14.6,0.3
"03490",20110208,2011,2,8,0.1,6.2,10.5,0
"03490",20110209,2011,2,9,-4.1,1.9,11.9,0
"03490",20110210,2011,2,10,-1.5,4.9,11.1,1.3
"03490",20110211,2011,2,11,9.4,11.4,12.6,3.2
"03490",20110212,2011,2,12,4.5,7.3,9.5,3
"03490",20110213,2011,2,13,1,5.4,9.2,0
"03490",20110214,2011,2,14,-0.4,5.7,10.3,3.1
"03490",20110215,2011,2,15,0.4,4.2,8,0.1
"03490",20110216,2011,2,16,0.4,4.6,9.3,0
"03490",20110217,2011,2,17,-0.4,3.1,8.7,0
"03490",20110218,2011,2,18,1.4,2.2,3.1,0
"03490",20110219,2011,2,19,2.2,3.3,4.8,0
"03490",20110220,2011,2,20,-1.2,0.9,2.5,0
"03490",20110221,2011,2,21,-2.5,-1.5,-0.6,0
"03490",20110222,2011,2,22,-7.3,-2.7,2.9,0
"03490",20110223,2011,2,23,-8.3,-1.4,5,0.5
"03490",20110224,2011,2,24,-0.3,1.7,2.9,3.2
"03490",20110225,2011,2,25,2.2,4.2,7.5,0
"03490",20110226,2011,2,26,2.2,5.5,9.7,3.7
"03490",20110227,2011,2,27,1.5,5.7,7,1.9
"03490",20110228,2011,2,28,1.3,3.7,6.9,0.2
"03490",20110301,2011,3,1,-0.8,3.9,11,0
"03490",20110302,2011,3,2,-2.9,2.7,11.8,0
"03490",20110303,2011,3,3,-3.6,1.5,9.7,0
"03490",20110304,2011,3,4,-4.8,1.9,10.6,0
"03490",20110305,2011,3,5,-3.1,0.6,3.8,0
"03490",20110306,2011,3,6,-3.9,2,7.4,0
"03490",20110307,2011,3,7,-6.4,0.5,8.6,0
"03490",20110308,2011,3,8,-6,2.7,13.6,0
"03490",20110309,2011,3,9,6.1,9.1,11.6,0.2
"03490",20110310,2011,3,10,3,7.8,10.3,0.1
"03490",20110311,2011,3,11,3.7,8.9,12.1,0
"03490",20110312,2011,3,12,-0.7,8.8,16.2,0.1
"03490",20110313,2011,3,13,8.2,11.3,14.7,0.2
"03490",20110314,2011,3,14,6.6,9.8,13.6,0
"03490",20110315,2011,3,15,3.9,10.3,19.2,0
"03490",20110316,2011,3,16,0.6,7.8,14.6,0
"03490",20110317,2011,3,17,5.3,6.1,7.5,0
"03490",20110318,2011,3,18,4.9,6.3,9,7.7
"03490",20110319,2011,3,19,0.1,5.9,11.1,0.2
"03490",20110320,2011,3,20,-2.8,4.4,12.1,0
"03490",20110321,2011,3,21,-2.9,5.9,14.9,0
"03490",20110322,2011,3,22,0.7,8,16.9,0
"03490",20110323,2011,3,23,1.7,9.2,17.6,0
"03490",20110324,2011,3,24,2.8,9.7,18,0
"03490",20110325,2011,3,25,0.9,10.5,18.6,0
"03490",20110326,2011,3,26,5.1,8.2,12.4,0
"03490",20110327,2011,3,27,2.8,9,15.3,0
"03490",20110328,2011,3,28,2.2,7.3,13.6,0
"03490",20110329,2011,3,29,-0.7,8.4,19.1,0
"03490",20110330,2011,3,30,3.3,9.9,17.4,0
"03490",20110331,2011,3,31,10.9,13.4,16.3,1.8
"03490",20110401,2011,4,1,7.2,14.9,18.6,0
"03490",20110402,2011,4,2,4.1,14.3,25.4,0
"03490",20110403,2011,4,3,8,11.9,17.3,8.5
"03490",20110404,2011,4,4,4.2,9.8,14.5,0.2
"03490",20110405,2011,4,5,0.6,9.2,15.4,1.2
"03490",20110406,2011,4,6,8.8,15.1,23.3,0
"03490",20110407,2011,4,7,8.3,16.2,22.3,0
"03490",20110408,2011,4,8,6.4,13.2,18.5,0
"03490",20110409,2011,4,9,6.9,11.3,17.8,0
"03490",20110410,2011,4,10,4.5,12.6,21.4,0
"03490",20110411,2011,4,11,4.2,15.4,25.5,0
"03490",20110412,2011,4,12,5.7,9.3,15.1,3.6
"03490",20110413,2011,4,13,4.7,8.9,14.2,0
"03490",20110414,2011,4,14,4,8.6,12.9,0
"03490",20110415,2011,4,15,1.1,8,15.5,0
"03490",20110416,2011,4,16,1.9,8.7,16.2,0
"03490",20110417,2011,4,17,5.3,10.7,17.4,0
"03490",20110418,2011,4,18,2.1,10.9,20.1,0
"03490",20110419,2011,4,19,3.9,13.3,23,0
"03490",20110420,2011,4,20,6.3,14.7,24.1,0
"03490",20110421,2011,4,21,4.1,15.1,25.5,0
"03490",20110422,2011,4,22,8.6,17.2,26.1,4.3
"03490",20110423,2011,4,23,10.7,18.1,26.6,0
"03490",20110424,2011,4,24,9.2,16.9,25.8,0
"03490",20110425,2011,4,25,6.8,15.6,25.3,0
"03490",20110426,2011,4,26,7.4,14.9,21.8,0.1
"03490",20110427,2011,4,27,8.7,10.8,14.9,8.6
"03490",20110428,2011,4,28,9.6,13.3,19,1.4
"03490",20110429,2011,4,29,8.7,15.7,26.8,0.2
"03490",20110430,2011,4,30,8.2,16.2,23.5,0
"03490",20110501,2011,5,1,4.1,12.7,20.7,0
"03490",20110502,2011,5,2,2.5,10.9,18.1,0
"03490",20110503,2011,5,3,3.8,9.5,15.8,0
"03490",20110504,2011,5,4,1,8.1,15.7,0
"03490",20110505,2011,5,5,2.2,10.7,19,0
"03490",20110506,2011,5,6,3.6,14.1,24.2,0
"03490",20110507,2011,5,7,6.4,18.1,28.3,0
"03490",20110508,2011,5,8,10.5,19.6,27.7,0
"03490",20110509,2011,5,9,9,18.4,26.1,0
"03490",20110510,2011,5,10,10.2,17.7,27.4,3.9
"03490",20110511,2011,5,11,12.5,17.9,22.3,0
"03490",20110512,2011,5,12,7.2,14.9,21.3,0
"03490",20110513,2011,5,13,5.9,13.9,21.5,0
"03490",20110514,2011,5,14,5,12.7,20.4,0.2
"03490",20110515,2011,5,15,5.3,11,16.7,2.7
"03490",20110516,2011,5,16,9.1,13.5,16.6,0.4
"03490",20110517,2011,5,17,10.5,16,22.3,0.1
"03490",20110518,2011,5,18,7.2,15.9,24.7,0
"03490",20110519,2011,5,19,10.9,16.6,23.6,1
"03490",20110520,2011,5,20,10.4,15.8,23.8,9.8
"03490",20110521,2011,5,21,10.8,17.4,24.7,0
"03490",20110522,2011,5,22,7.9,16.1,26,6.4
"03490",20110523,2011,5,23,4.6,14.8,24.3,0
"03490",20110524,2011,5,24,7.3,14.1,19.4,0
"03490",20110525,2011,5,25,5.2,14,22.8,0
"03490",20110526,2011,5,26,4.4,16.1,26.3,0.1
"03490",20110527,2011,5,27,7.1,13.6,17,0.1
"03490",20110528,2011,5,28,6.6,15.3,21.9,0
"03490",20110529,2011,5,29,11.7,18.5,25.9,0
"03490",20110530,2011,5,30,8.8,21.6,31.6,0
"03490",20110531,2011,5,31,10.9,13.8,18.5,19.2
"03490",20110601,2011,6,1,9,13.7,19.5,0
"03490",20110602,2011,6,2,7.5,16.4,25.1,0
"03490",20110603,2011,6,3,9.2,19,27.3,0
"03490",20110604,2011,6,4,12.5,20.8,31,13.2
"03490",20110605,2011,6,5,15.8,20,27.1,2.2
"03490",20110606,2011,6,6,15.3,19.9,26.8,3.7
"03490",20110607,2011,6,7,14.5,18.6,24.9,15.7
"03490",20110608,2011,6,8,9.6,14.5,19,0.1
"03490",20110609,2011,6,9,9.8,14.4,19.1,0
"03490",20110610,2011,6,10,11.3,15.1,22,1.4
"03490",20110611,2011,6,11,8.8,13.8,21.1,5.4
"03490",20110612,2011,6,12,8.2,14.7,20.8,0
"03490",20110613,2011,6,13,11.9,17.1,21.4,2.2
"03490",20110614,2011,6,14,13.8,18.6,23.6,0
"03490",20110615,2011,6,15,11.3,18.6,25.5,0
"03490",20110616,2011,6,16,8.5,17.4,24.8,3.4
"03490",20110617,2011,6,17,5.7,14.8,22,3.6
"03490",20110618,2011,6,18,12.2,15.7,20.3,0.7
"03490",20110619,2011,6,19,6.7,13.9,19,0.8
"03490",20110620,2011,6,20,6.3,12.8,16.7,6.4
"03490",20110621,2011,6,21,14.1,18.3,24.2,0.2
"03490",20110622,2011,6,22,11.1,16.7,21.7,19.7
"03490",20110623,2011,6,23,9.5,15.7,20.5,2.4
"03490",20110624,2011,6,24,9.3,13.1,19,0.7
"03490",20110625,2011,6,25,10,13.7,16.3,0.7
"03490",20110626,2011,6,26,14,19.7,26.3,0.1
"03490",20110627,2011,6,27,11.8,22.8,32.4,0
"03490",20110628,2011,6,28,16.4,25.5,33.5,2.2
"03490",20110629,2011,6,29,15.4,19.2,24.5,3.6
"03490",20110630,2011,6,30,12.4,16.2,21.1,1.3
"03490",20110701,2011,7,1,10.3,14.1,19.9,0.6
"03490",20110702,2011,7,2,9.8,14.2,19.7,0
"03490",20110703,2011,7,3,11.1,14.9,20.3,0
"03490",20110704,2011,7,4,10.5,14.1,19.2,0
"03490",20110705,2011,7,5,9.4,19.2,28.3,0
"03490",20110706,2011,7,6,11.9,18.9,26.1,0.1
"03490",20110707,2011,7,7,10.7,19.3,24.8,0.1
"03490",20110708,2011,7,8,12.8,19.2,24,0
"03490",20110709,2011,7,9,13.4,20.1,27.6,0
"03490",20110710,2011,7,10,12.3,18.6,24.4,0.4
"03490",20110711,2011,7,11,13.3,19.6,26.8,0
"03490",20110712,2011,7,12,12.9,20.3,30.2,0.8
"03490",20110713,2011,7,13,12.8,15.4,17.9,0.8
"03490",20110714,2011,7,14,12.8,15.3,19,0
"03490",20110715,2011,7,15,10.9,18.1,25.2,0
"03490",20110716,2011,7,16,7.6,18.9,27,5.5
"03490",20110717,2011,7,17,14.8,17.8,21,0.8
"03490",20110718,2011,7,18,10.8,16.9,21.5,0.6
"03490",20110719,2011,7,19,8.7,15.7,24.2,0.9
"03490",20110720,2011,7,20,12.9,16.9,21.1,0
"03490",20110721,2011,7,21,12.4,17.1,22.6,0
"03490",20110722,2011,7,22,11.9,16,20.3,0
"03490",20110723,2011,7,23,10.8,13.7,16.6,4.4
"03490",20110724,2011,7,24,10.3,13,16.3,1.1
"03490",20110725,2011,7,25,6.9,15.7,23.3,0.4
"03490",20110726,2011,7,26,13.4,16.7,21.4,0.3
"03490",20110727,2011,7,27,14.8,16.9,24.3,26.6
"03490",20110728,2011,7,28,13.1,16.9,23.5,0.1
"03490",20110729,2011,7,29,14.4,16.7,20.4,0.3
"03490",20110730,2011,7,30,13.3,14.6,16.3,0.3
"03490",20110731,2011,7,31,9.4,14.1,16.2,0
"03490",20110801,2011,8,1,7.6,16.2,25.5,0
"03490",20110802,2011,8,2,11.7,20.3,29.4,0.2
"03490",20110803,2011,8,3,13.8,18.6,24,8.3
"03490",20110804,2011,8,4,14.7,21.7,28.1,1.1
"03490",20110805,2011,8,5,17,21,25.1,0.3
"03490",20110806,2011,8,6,14.5,19.5,25.7,6.4
"03490",20110807,2011,8,7,11.5,17.7,22.7,2.4
"03490",20110808,2011,8,8,11.2,15.5,20.3,2.8
"03490",20110809,2011,8,9,12.5,14.9,18.6,3
"03490",20110810,2011,8,10,10.7,16.8,22,0
"03490",20110811,2011,8,11,16.5,21,25.5,0
"03490",20110812,2011,8,12,14.5,18.8,23,1.8
"03490",20110813,2011,8,13,15.5,19.5,24.6,1
"03490",20110814,2011,8,14,13.7,18.2,21.7,8.7
"03490",20110815,2011,8,15,13,17.8,23.8,0
"03490",20110816,2011,8,16,13.4,17.6,24.5,0.1
"03490",20110817,2011,8,17,12.4,19.9,28.7,0
"03490",20110818,2011,8,18,14.8,22.4,31.1,3
"03490",20110819,2011,8,19,12.9,17.3,21.1,9.9
"03490",20110820,2011,8,20,9.7,18.6,28.3,0
"03490",20110821,2011,8,21,12.7,21,31,0.2
"03490",20110822,2011,8,22,15.5,21.2,28.2,0
"03490",20110823,2011,8,23,15.4,21.8,30.8,0
"03490",20110824,2011,8,24,15.3,20,27.9,1.4
"03490",20110825,2011,8,25,13,19.3,28.3,0.2
"03490",20110826,2011,8,26,15.1,20,30.1,10
"03490",20110827,2011,8,27,12.6,15.2,19.4,2.5
"03490",20110828,2011,8,28,11.4,15.1,20.1,0
"03490",20110829,2011,8,29,7.6,14.2,20,0
"03490",20110830,2011,8,30,6.6,12.4,17.7,0
"03490",20110831,2011,8,31,6.8,13.6,21.3,0
"03490",20110901,2011,9,1,7.8,15,23.3,0.3
"03490",20110902,2011,9,2,10.4,17.9,28.5,0
"03490",20110903,2011,9,3,11.3,20.6,31.2,0.6
"03490",20110904,2011,9,4,15.2,21.3,26.3,1.4
"03490",20110905,2011,9,5,12.8,17.1,20.9,0.1
"03490",20110906,2011,9,6,10.2,17,20.8,4.5
"03490",20110907,2011,9,7,12.2,16.1,18.5,2.1
"03490",20110908,2011,9,8,12.5,15,16.8,0.4
"03490",20110909,2011,9,9,14.4,17.6,21.5,0.4
"03490",20110910,2011,9,10,14,21.9,29.7,0
"03490",20110911,2011,9,11,11.3,17.8,25.8,10.5
"03490",20110912,2011,9,12,10.7,18.2,24.1,0
"03490",20110913,2011,9,13,10.8,17.3,21.6,0
"03490",20110914,2011,9,14,7.8,14.9,20.7,0
"03490",20110915,2011,9,15,7.5,14,20.4,0
"03490",20110916,2011,9,16,6.3,13.8,21.9,0.3
"03490",20110917,2011,9,17,9.9,16.1,21.2,2.3
"03490",20110918,2011,9,18,10.8,13.4,16.1,1.3
"03490",20110919,2011,9,19,9,12.8,18.3,0
"03490",20110920,2011,9,20,5.1,13.3,19.2,0
"03490",20110921,2011,9,21,12.1,15.6,20.4,0
"03490",20110922,2011,9,22,9.2,15.1,20.2,0
"03490",20110923,2011,9,23,8.8,14,21,0
"03490",20110924,2011,9,24,5.5,13.9,24,0
"03490",20110925,2011,9,25,6.4,15.6,27.2,0
"03490",20110926,2011,9,26,7.7,16.9,26.8,0
"03490",20110927,2011,9,27,12.5,17.8,25.6,0
"03490",20110928,2011,9,28,10.6,16.9,25.9,0
"03490",20110929,2011,9,29,9.2,16,26.4,0
"03490",20110930,2011,9,30,9,15.7,27.3,0
"03490",20111001,2011,10,1,8.5,16.8,27.6,0
"03490",20111002,2011,10,2,9.9,17.5,27.8,0
"03490",20111003,2011,10,3,11,17.3,27.2,0
"03490",20111004,2011,10,4,8.8,16.8,23.8,0.1
"03490",20111005,2011,10,5,14.8,17.5,21.1,0.6
"03490",20111006,2011,10,6,7.9,14.7,19.5,4.8
"03490",20111007,2011,10,7,7.2,10.2,12.9,2.5
"03490",20111008,2011,10,8,6,9.3,12.5,13.4
"03490",20111009,2011,10,9,4.7,10.2,14.2,2.7
"03490",20111010,2011,10,10,13.9,17.7,22,0
"03490",20111011,2011,10,11,15.1,16.9,18.9,0
"03490",20111012,2011,10,12,11.6,15.6,17.6,3
"03490",20111013,2011,10,13,3.7,10.5,15.1,0
"03490",20111014,2011,10,14,-0.2,6.3,14.9,0
"03490",20111015,2011,10,15,-1.7,4.7,14.3,0
"03490",20111016,2011,10,16,-1.5,5.1,15.8,0
"03490",20111017,2011,10,17,-0.2,7.1,16.1,0
"03490",20111018,2011,10,18,2,10.2,16.9,3.3
"03490",20111019,2011,10,19,2.8,8.9,13.8,0
"03490",20111020,2011,10,20,1.5,6.1,11.6,0
"03490",20111021,2011,10,21,-2.5,2.5,12,0
"03490",20111022,2011,10,22,-3.6,3.3,12.5,0
"03490",20111023,2011,10,23,-2.6,5.2,13.1,0
"03490",20111024,2011,10,24,-0.1,6.9,11.5,0
"03490",20111025,2011,10,25,8,10.6,13.6,0
"03490",20111026,2011,10,26,1.6,9.5,15.3,0
"03490",20111027,2011,10,27,-0.8,7.1,13.4,0
"03490",20111028,2011,10,28,2.6,9.7,18.5,0
"03490",20111029,2011,10,29,7.9,10.7,17,0.5
"03490",20111030,2011,10,30,8.6,12,16.9,0
"03490",20111031,2011,10,31,4.8,9.7,18.2,0
"03490",20111101,2011,11,1,3.7,9.8,17.2,0
"03490",20111102,2011,11,2,7.7,11.1,14.9,0
"03490",20111103,2011,11,3,10.9,13.9,17.9,0.3
"03490",20111104,2011,11,4,9.2,13,18.6,0
"03490",20111105,2011,11,5,5.8,11.8,17.5,0
"03490",20111106,2011,11,6,6.9,10.1,15,0
"03490",20111107,2011,11,7,5.1,8.4,9.9,0
"03490",20111108,2011,11,8,3.2,7.5,13.6,0
"03490",20111109,2011,11,9,3.6,5.9,10.2,0
"03490",20111110,2011,11,10,2.3,5.8,9,0
"03490",20111111,2011,11,11,3.8,7.3,10,0
"03490",20111112,2011,11,12,-1.4,4,10.3,0
"03490",20111113,2011,11,13,-1.5,4.6,9.6,0
"03490",20111114,2011,11,14,-3.6,0.8,8.2,0
"03490",20111115,2011,11,15,-3.3,0.5,8.3,0
"03490",20111116,2011,11,16,-4.4,0.1,7.3,0
"03490",20111117,2011,11,17,-5,1.8,7,0
"03490",20111118,2011,11,18,1.4,5.8,9.4,0
"03490",20111119,2011,11,19,1.8,6,13.4,0
"03490",20111120,2011,11,20,0.1,6.4,12.2,0
"03490",20111121,2011,11,21,-1.5,2.6,10.7,0
"03490",20111122,2011,11,22,-2.1,2.5,9.4,0
"03490",20111123,2011,11,23,2.2,6.1,11.8,0
"03490",20111124,2011,11,24,-1.5,4,8.5,0
"03490",20111125,2011,11,25,-4.3,2.3,8.1,0
"03490",20111126,2011,11,26,-2.3,5,9.9,0
"03490",20111127,2011,11,27,2.1,8.1,11.1,0.2
"03490",20111128,2011,11,28,-3.8,1.8,7.8,0
"03490",20111129,2011,11,29,-2.5,4.1,11.3,0
"03490",20111130,2011,11,30,-3.2,5.6,11.2,0
"03490",20111201,2011,12,1,-3.2,8.6,13.2,0
"03490",20111202,2011,12,2,0.4,7.9,13.7,3.8
"03490",20111203,2011,12,3,0.5,7.8,10.3,1.4
"03490",20111204,2011,12,4,5.6,8,10.4,16.3
"03490",20111205,2011,12,5,1.3,4.5,6.7,7.8
"03490",20111206,2011,12,6,0.4,4.7,7.1,0.5
"03490",20111207,2011,12,7,3.2,5.9,8.5,9.5
"03490",20111208,2011,12,8,4.2,7.2,11.2,6.6
"03490",20111209,2011,12,9,0.6,6.8,11.5,0.1
"03490",20111210,2011,12,10,-1.5,2.6,6.6,0
"03490",20111211,2011,12,11,-4.8,-0.3,4.6,0
"03490",20111212,2011,12,12,4.2,6.5,8.7,3.9
"03490",20111213,2011,12,13,5.6,7.8,10.6,2.2
"03490",20111214,2011,12,14,4.1,7,9.7,7.9
"03490",20111215,2011,12,15,1.5,6.1,7.2,7.4
"03490",20111216,2011,12,16,2.8,5.9,12,9.4
"03490",20111217,2011,12,17,2.2,4,5.9,0.7
"03490",20111218,2011,12,18,0.2,2.2,3.8,3.7
"03490",20111219,2011,12,19,-2.4,1.2,4.7,1.4
"03490",20111220,2011,12,20,0.8,3.6,5.8,4.9
"03490",20111221,2011,12,21,3.9,5,5.7,1
"03490",20111222,2011,12,22,3.5,7.3,10.3,12.6
"03490",20111223,2011,12,23,7.1,9,10.8,3.6
"03490",20111224,2011,12,24,3.5,5.7,8.8,1.6
"03490",20111225,2011,12,25,5.2,7.2,9.2,0
"03490",20111226,2011,12,26,8.3,9.3,10.6,0
"03490",20111227,2011,12,27,6.4,8.1,9.7,0
"03490",20111228,2011,12,28,5,6.5,8.1,0
"03490",20111229,2011,12,29,3.9,5.8,6.8,9.9
"03490",20111230,2011,12,30,2.3,4.3,5.9,1.6
"03490",20111231,2011,12,31,2.3,4.5,6.7,3.4
"03490",20120101,2012,1,1,6.2,11.8,14.6,4.2
"03490",20120102,2012,1,2,4.2,8.5,14.4,5.4
"03490",20120103,2012,1,3,5.2,8.1,11.6,1.3
"03490",20120104,2012,1,4,6.2,7,8.4,3.4
"03490",20120105,2012,1,5,3.5,7,10.9,13.8
"03490",20120106,2012,1,6,3.7,5.5,7.1,1.4
"03490",20120107,2012,1,7,2.8,6.2,8.8,9.9
"03490",20120108,2012,1,8,5.2,6.5,7.5,0.9
"03490",20120109,2012,1,9,5,7.6,10,1.7
"03490",20120110,2012,1,10,3.7,7.5,9.2,0
"03490",20120111,2012,1,11,7.5,8.9,10.8,0
"03490",20120112,2012,1,12,5.7,8.5,10.5,1.8
"03490",20120113,2012,1,13,4.4,5.1,6,0.3
"03490",20120114,2012,1,14,-0.2,3.8,6.2,0
"03490",20120115,2012,1,15,-2.9,-0.1,1.6,0
"03490",20120116,2012,1,16,-4.8,-2,3.8,0
"03490",20120117,2012,1,17,-6.4,-2.9,4.2,0
"03490",20120118,2012,1,18,-6.4,-0.4,5.3,2.2
"03490",20120119,2012,1,19,5.1,7.8,12.2,10.4
"03490",20120120,2012,1,20,0.8,4.1,6.8,5.5
"03490",20120121,2012,1,21,0.7,6.2,10.6,5.7
"03490",20120122,2012,1,22,5.7,7.2,9.6,1.2
"03490",20120123,2012,1,23,2,5.4,7.5,9.5
"03490",20120124,2012,1,24,-1.4,3.1,5.7,0
"03490",20120125,2012,1,25,-1.7,1.1,3.5,0
"03490",20120126,2012,1,26,1.2,2.7,4.9,0.5
"03490",20120127,2012,1,27,-2.6,1.9,7.1,0
"03490",20120128,2012,1,28,-4.6,-0.3,3.3,0
"03490",20120129,2012,1,29,-0.6,0.2,0.8,0
"03490",20120130,2012,1,30,-1.1,-0.3,0.4,0.1
"03490",20120131,2012,1,31,-7.9,-1.7,0.9,0
"03490",20120201,2012,2,1,-10.6,-5.9,-0.4,0
"03490",20120202,2012,2,2,-13.1,-8,-1.4,0
"03490",20120203,2012,2,3,-14.5,-9.7,-4.1,0
"03490",20120204,2012,2,4,-13.3,-9.6,-3.6,0
"03490",20120205,2012,2,5,-13.9,-9.8,-3.5,0
"03490",20120206,2012,2,6,-14.3,-10.3,-4.2,0
"03490",20120207,2012,2,7,-16.8,-10.5,-5.1,0.2
"03490",20120208,2012,2,8,-9.4,-6.2,-0.5,0
"03490",20120209,2012,2,9,-12,-7,-2.7,0.6
"03490",20120210,2012,2,10,-11.9,-6.3,-0.7,0
"03490",20120211,2012,2,11,-15.7,-9.8,-2.7,0
"03490",20120212,2012,2,12,-12.8,-6.7,-1.5,0
"03490",20120213,2012,2,13,-2.6,-0.8,1.5,1.5
"03490",20120214,2012,2,14,-0.4,1.8,3.9,7.2
"03490",20120215,2012,2,15,2.7,4,5.4,3.4
"03490",20120216,2012,2,16,1.7,4,5.8,2.5
"03490",20120217,2012,2,17,4.9,6.6,8,0
"03490",20120218,2012,2,18,4.3,7.5,8.9,1.6
"03490",20120219,2012,2,19,1.1,3.1,8,3.5
"03490",20120220,2012,2,20,-3.2,1,5.4,0
"03490",20120221,2012,2,21,-4.1,3.7,8.9,0
"03490",20120222,2012,2,22,-3.2,4.5,12,0.5
"03490",20120223,2012,2,23,5.4,8,10.8,0
"03490",20120224,2012,2,24,2.3,9.2,14.9,0.6
"03490",20120225,2012,2,25,5.3,8.6,12.2,0.1
"03490",20120226,2012,2,26,3.6,5.5,6.5,1.2
"03490",20120227,2012,2,27,2.7,6.9,10.2,0
"03490",20120228,2012,2,28,7.2,9.8,13.2,0
"03490",20120229,2012,2,29,6.1,9.8,13.7,0
"03490",20120301,2012,3,1,8.1,9.2,10.8,0
"03490",20120302,2012,3,2,7.9,9.1,11.3,0
"03490",20120303,2012,3,3,4.4,8.3,10.1,0.2
"03490",20120304,2012,3,4,4.4,8,11.6,0.9
"03490",20120305,2012,3,5,4.1,6,8.3,0.3
"03490",20120306,2012,3,6,1.3,5.8,10.7,0
"03490",20120307,2012,3,7,-3.1,3.1,7.9,3.1
"03490",20120308,2012,3,8,2.1,5.1,8.7,2.8
"03490",20120309,2012,3,9,-0.6,5.7,12.3,0
"03490",20120310,2012,3,10,6.7,9.3,11,1.5
"03490",20120311,2012,3,11,7.9,9.7,10.9,0
"03490",20120312,2012,3,12,7,8.3,10.5,0
"03490",20120313,2012,3,13,6.6,7.8,8.8,0
"03490",20120314,2012,3,14,-0.3,6.2,10.5,0
"03490",20120315,2012,3,15,-1.6,6.6,18.8,0
"03490",20120316,2012,3,16,1.4,11.2,22.6,0
"03490",20120317,2012,3,17,3.1,10,17.8,0.2
"03490",20120318,2012,3,18,4.9,9.4,11.6,0.1
"03490",20120319,2012,3,19,2.1,6.5,10.7,0
"03490",20120320,2012,3,20,0,6.5,14.6,0
"03490",20120321,2012,3,21,1.4,8.5,17.9,0
"03490",20120322,2012,3,22,1.7,10,20.5,0
"03490",20120323,2012,3,23,3.9,11.7,20.8,0
"03490",20120324,2012,3,24,5.2,12.5,20.4,0
"03490",20120325,2012,3,25,6.1,12.5,21.1,0
"03490",20120326,2012,3,26,3.1,10.9,19.4,0
"03490",20120327,2012,3,27,3.1,11.3,19,0
"03490",20120328,2012,3,28,5,11.9,19.5,0
"03490",20120329,2012,3,29,4.7,9.7,14.4,0
"03490",20120330,2012,3,30,7.4,9.1,11.7,0.3
"03490",20120331,2012,3,31,0.7,7.5,10.2,0.3
"03490",20120401,2012,4,1,-1.7,4.4,11,0
"03490",20120402,2012,4,2,-0.1,6.7,13.2,0
"03490",20120403,2012,4,3,1.8,11,19.3,2.8
"03490",20120404,2012,4,4,5.4,9.2,12.7,0.2
"03490",20120405,2012,4,5,6.3,7.5,8.1,0
"03490",20120406,2012,4,6,4.6,7.4,11.5,1.1
"03490",20120407,2012,4,7,3.5,5.4,7.4,0.8
"03490",20120408,2012,4,8,0.6,4.6,10.1,3
"03490",20120409,2012,4,9,5.3,8.8,10.9,0.3
"03490",20120410,2012,4,10,7.6,12,16.6,1
"03490",20120411,2012,4,11,5.5,10,15,1
"03490",20120412,2012,4,12,3.1,6.8,10.5,5.6
"03490",20120413,2012,4,13,0.9,6.5,13.1,0.3
"03490",20120414,2012,4,14,2.8,8.4,14,0.2
"03490",20120415,2012,4,15,5.2,7.7,9.2,0
"03490",20120416,2012,4,16,1.8,5.5,10,0
"03490",20120417,2012,4,17,-1.1,6.4,13.1,0
"03490",20120418,2012,4,18,2.1,8.9,14.4,1.5
"03490",20120419,2012,4,19,3.7,9.2,14.2,0.7
"03490",20120420,2012,4,20,1.3,8.5,14.8,0.3
"03490",20120421,2012,4,21,3.3,8.3,13.3,3.2
"03490",20120422,2012,4,22,2.8,8.5,13.5,1.8
"03490",20120423,2012,4,23,3.1,9.1,14.3,1
"03490",20120424,2012,4,24,5.7,9.2,13.7,1.5
"03490",20120425,2012,4,25,4.2,10.6,15.1,3
"03490",20120426,2012,4,26,9.3,12.3,15.8,0.2
"03490",20120427,2012,4,27,11.1,13.6,18.7,4.4
"03490",20120428,2012,4,28,10.3,19.4,28.5,0
"03490",20120429,2012,4,29,11.3,16.8,22.8,0
"03490",20120430,2012,4,30,10.9,17.3,23.3,2.5
"03490",20120501,2012,5,1,13.4,17.7,22.8,0
"03490",20120502,2012,5,2,9,15.1,18.3,1.5
"03490",20120503,2012,5,3,5.4,12,17.2,0
"03490",20120504,2012,5,4,6.5,14.2,22.1,3.4
"03490",20120505,2012,5,5,8.8,10.2,11.3,1.6
"03490",20120506,2012,5,6,7.8,9.4,12.6,4.6
"03490",20120507,2012,5,7,5.6,9.4,14.1,0
"03490",20120508,2012,5,8,3,14.3,22.8,0
"03490",20120509,2012,5,9,12.3,17.4,21.8,1.1
"03490",20120510,2012,5,10,10.6,20.8,28.1,0
"03490",20120511,2012,5,11,11.7,19.3,25,3.9
"03490",20120512,2012,5,12,7.3,10.2,14.1,0
"03490",20120513,2012,5,13,3.1,8.8,14.5,0
"03490",20120514,2012,5,14,0.2,11.9,20.5,0
"03490",20120515,2012,5,15,6.4,9.5,15.7,8.8
"03490",20120516,2012,5,16,3.6,8.4,13.2,0.3
"03490",20120517,2012,5,17,0.5,10.3,17.4,0
"03490",20120518,2012,5,18,9.1,13.7,19.2,0.6
"03490",20120519,2012,5,19,8.2,16.4,22.8,0
"03490",20120520,2012,5,20,12,18.1,25.6,0.1
"03490",20120521,2012,5,21,13,18.6,23.8,0
"03490",20120522,2012,5,22,15.3,20.4,26.9,0
"03490",20120523,2012,5,23,14.7,18.7,23.5,4.9
"03490",20120524,2012,5,24,11.4,20.6,29.5,0
"03490",20120525,2012,5,25,8.3,17.8,26,0
"03490",20120526,2012,5,26,8.4,17.4,25.8,0
"03490",20120527,2012,5,27,10.2,17.5,26.1,0
"03490",20120528,2012,5,28,10.3,20.1,26.2,0
"03490",20120529,2012,5,29,10.2,18.9,25.2,4.5
"03490",20120530,2012,5,30,12.6,17.6,23.2,0
"03490",20120531,2012,5,31,11.1,17.2,23.3,3.4
"03490",20120601,2012,6,1,12,15.2,20.1,0
"03490",20120602,2012,6,2,9.9,14.5,19.4,0.7
"03490",20120603,2012,6,3,10,12.5,16.7,5.2
"03490",20120604,2012,6,4,8.1,12.8,20.4,4.5
"03490",20120605,2012,6,5,8.1,12,18.2,2
"03490",20120606,2012,6,6,9.7,14.3,20.3,2.4
"03490",20120607,2012,6,7,12.4,17.5,24,1.7
"03490",20120608,2012,6,8,10.4,16.5,21.8,1.1
"03490",20120609,2012,6,9,7,13.6,18.5,0
"03490",20120610,2012,6,10,6.7,14.3,20.9,0
"03490",20120611,2012,6,11,10.8,14,18.8,4.1
"03490",20120612,2012,6,12,9.6,15.1,20.8,2.7
"03490",20120613,2012,6,13,10.8,12.3,13.7,9.5
"03490",20120614,2012,6,14,10,13.6,19,0
"03490",20120615,2012,6,15,10.8,16,22.7,1.7
"03490",20120616,2012,6,16,14.2,15.9,17.5,3
"03490",20120617,2012,6,17,10.4,17.3,23.5,0
"03490",20120618,2012,6,18,9.7,18.2,26.1,0
"03490",20120619,2012,6,19,12.6,17.4,21.6,10
"03490",20120620,2012,6,20,14.8,16.5,19.6,10.8
"03490",20120621,2012,6,21,13.2,19.1,24.2,3.2
"03490",20120622,2012,6,22,10.4,15.6,21.1,0.9
"03490",20120623,2012,6,23,10.3,16.3,22.2,0
"03490",20120624,2012,6,24,10.3,15,20,2.7
"03490",20120625,2012,6,25,8.8,15,20.1,0
"03490",20120626,2012,6,26,7.9,16.3,22.8,0
"03490",20120627,2012,6,27,11.9,19,24.3,0.2
"03490",20120628,2012,6,28,15,22.9,31,1.7
"03490",20120629,2012,6,29,15.7,20.3,27.2,7.4
"03490",20120630,2012,6,30,15.5,19.7,24.1,0.1
"03490",20120701,2012,7,1,10.6,17.4,22.5,0.1
"03490",20120702,2012,7,2,10.1,14.8,18.8,0.3
"03490",20120703,2012,7,3,8.6,17.9,25.6,0
"03490",20120704,2012,7,4,11,20.4,27.2,0
"03490",20120705,2012,7,5,15.1,19.8,27.2,21.2
"03490",20120706,2012,7,6,12.7,19.3,25.3,0.1
"03490",20120707,2012,7,7,11.3,18.6,25.6,7.3
"03490",20120708,2012,7,8,12.1,17.4,22.7,2.5
"03490",20120709,2012,7,9,11.8,18.3,23.8,1.3
"03490",20120710,2012,7,10,11.9,17.4,23.8,6.6
"03490",20120711,2012,7,11,12.8,15.8,19.8,2.5
"03490",20120712,2012,7,12,12.5,15.5,20.5,2.3
"03490",20120713,2012,7,13,12.9,15.9,21.9,20.6
"03490",20120714,2012,7,14,12.1,15.3,20.4,4.1
"03490",20120715,2012,7,15,10.6,14.4,17.4,5.9
"03490",20120716,2012,7,16,12.1,15.4,19.7,1.1
"03490",20120717,2012,7,17,15.5,17.8,20.3,0.5
"03490",20120718,2012,7,18,14.7,20.6,26.1,0
"03490",20120719,2012,7,19,11,17.4,21.4,1
"03490",20120720,2012,7,20,9.7,14.4,19.4,2.4
"03490",20120721,2012,7,21,9.3,14.8,18.2,0
"03490",20120722,2012,7,22,7.9,15,22.1,0
"03490",20120723,2012,7,23,7.4,17,25.6,0
"03490",20120724,2012,7,24,10.5,20.4,29.4,0
"03490",20120725,2012,7,25,15.6,23.3,30.9,0
"03490",20120726,2012,7,26,17.1,23.6,31.2,0
"03490",20120727,2012,7,27,16.8,23.1,34.2,9.9
"03490",20120728,2012,7,28,15.4,18.6,21.9,34.8
"03490",20120729,2012,7,29,11.3,17,21.5,0.4
"03490",20120730,2012,7,30,9.7,15.7,20.8,0
"03490",20120731,2012,7,31,10,16.8,22.3,0
"03490",20120801,2012,8,1,9.5,20.6,29.8,0
"03490",20120802,2012,8,2,14.9,21.4,25,0
"03490",20120803,2012,8,3,11.1,18.7,25.8,0
"03490",20120804,2012,8,4,11.6,19.4,26.2,0.6
"03490",20120805,2012,8,5,15.2,18.5,25.9,14.7
"03490",20120806,2012,8,6,15,18.2,22.2,0.2
"03490",20120807,2012,8,7,11,17.1,21.4,0
"03490",20120808,2012,8,8,10.7,16.9,22.1,0.8
"03490",20120809,2012,8,9,13.5,18.4,24,0
"03490",20120810,2012,8,10,10.5,15.9,22.3,0
"03490",20120811,2012,8,11,9.2,15.8,23.4,0
"03490",20120812,2012,8,12,6.9,16.5,25.1,0
"03490",20120813,2012,8,13,10.1,19.2,28,0
"03490",20120814,2012,8,14,13.9,21,27.4,0
"03490",20120815,2012,8,15,13.3,22.8,31.2,2.4
"03490",20120816,2012,8,16,16,20.5,26.5,0
"03490",20120817,2012,8,17,13.9,21,29.8,0
"03490",20120818,2012,8,18,13.8,23.5,34.6,0
"03490",20120819,2012,8,19,14.5,26.2,37.7,0
"03490",20120820,2012,8,20,17.7,23.7,30.4,0.3
"03490",20120821,2012,8,21,17,23.5,30.1,0
"03490",20120822,2012,8,22,11.5,19.6,24.4,0
"03490",20120823,2012,8,23,9.5,17.8,26.3,0.6
"03490",20120824,2012,8,24,13.6,19.4,25.5,0.7
"03490",20120825,2012,8,25,12,18.6,24.3,0
"03490",20120826,2012,8,26,11.6,16.5,18.7,1.9
"03490",20120827,2012,8,27,8.2,16.4,25,0.1
"03490",20120828,2012,8,28,9.8,18.1,25.3,0
"03490",20120829,2012,8,29,10.1,19.2,28.7,0
"03490",20120830,2012,8,30,12.3,17.9,21.7,0.1
"03490",20120831,2012,8,31,10.2,13.2,17.6,14.6
"03490",20120901,2012,9,1,8.9,13.3,18.5,0
"03490",20120902,2012,9,2,7.6,15,23.9,0
"03490",20120903,2012,9,3,10.8,15.9,21.2,0
"03490",20120904,2012,9,4,11.2,17.4,25.1,0
"03490",20120905,2012,9,5,11.6,16.1,21.7,0
"03490",20120906,2012,9,6,8.9,14.4,19.9,0
"03490",20120907,2012,9,7,7.5,15.9,26.3,0
"03490",20120908,2012,9,8,10.8,18.1,27.3,0
"03490",20120909,2012,9,9,9.5,19.4,29.9,0
"03490",20120910,2012,9,10,8,19.7,30.9,0
"03490",20120911,2012,9,11,11.3,17.7,22.6,5.5
"03490",20120912,2012,9,12,4.4,10.9,15.1,3.8
"03490",20120913,2012,9,13,4.6,10.4,15.4,2.7
"03490",20120914,2012,9,14,7.4,13.1,18.2,0.7
"03490",20120915,2012,9,15,9.8,14.1,19.4,0
"03490",20120916,2012,9,16,4.9,14,23.8,0
"03490",20120917,2012,9,17,8.2,15,23.3,0
"03490",20120918,2012,9,18,7,13.6,21.2,0
"03490",20120919,2012,9,19,5.1,11.4,17.4,0.6
"03490",20120920,2012,9,20,2,9.8,17.3,0
"03490",20120921,2012,9,21,2.3,11.2,19.6,0
"03490",20120922,2012,9,22,6.1,10.7,17.1,0.3
"03490",20120923,2012,9,23,5.8,12.3,18.3,0
"03490",20120924,2012,9,24,10.5,16.2,23,3.1
"03490",20120925,2012,9,25,12,14.2,16.8,4.6
"03490",20120926,2012,9,26,11.2,12.9,14.6,0.8
"03490",20120927,2012,9,27,10.5,13.6,17.1,3.4
"03490",20120928,2012,9,28,6.6,12.2,18.8,0
"03490",20120929,2012,9,29,5.2,10.8,17.5,0
"03490",20120930,2012,9,30,2.8,9.4,18.7,0
"03490",20121001,2012,10,1,1.2,11.4,20.4,0
"03490",20121002,2012,10,2,7.2,13.1,19.5,0.2
"03490",20121003,2012,10,3,12.9,15.1,18,3.3
"03490",20121004,2012,10,4,4.3,11.2,14.9,7.2
"03490",20121005,2012,10,5,5,14.3,19.4,0.1
"03490",20121006,2012,10,6,9.7,14.4,20.1,16.4
"03490",20121007,2012,10,7,5,9.8,15.1,0
"03490",20121008,2012,10,8,2.5,8.2,14,3.6
"03490",20121009,2012,10,9,4.2,9.9,14.3,0
"03490",20121010,2012,10,10,2.1,6.4,13.7,0
"03490",20121011,2012,10,11,-0.2,7.6,15.3,2.1
"03490",20121012,2012,10,12,7.7,11.6,16.5,0.6
"03490",20121013,2012,10,13,1.7,9,15.5,7
"03490",20121014,2012,10,14,3.1,7.4,11.4,12.2
"03490",20121015,2012,10,15,3.6,8.3,13,0.8
"03490",20121016,2012,10,16,1.9,7.9,11.5,0
"03490",20121017,2012,10,17,3.2,11.2,17.4,0
"03490",20121018,2012,10,18,8.9,16.7,23,0
"03490",20121019,2012,10,19,8.8,16.2,24.9,0
"03490",20121020,2012,10,20,9,14.3,23.6,0
"03490",20121021,2012,10,21,8.5,14.1,22.4,0
"03490",20121022,2012,10,22,7.1,12.5,22.1,0
"03490",20121023,2012,10,23,5.9,10.9,16.7,0
"03490",20121024,2012,10,24,5.3,9.6,16.3,0
"03490",20121025,2012,10,25,8.3,10,12.3,3.3
"03490",20121026,2012,10,26,2.6,5.9,9.3,16.7
"03490",20121027,2012,10,27,-1.7,2,6.5,0
"03490",20121028,2012,10,28,-5.4,0.3,6.7,0
"03490",20121029,2012,10,29,-6.1,1.2,6.5,5.6
"03490",20121030,2012,10,30,2.7,7.6,10.8,0.7
"03490",20121031,2012,10,31,-0.3,5.3,14,0
"03490",20121101,2012,11,1,0.6,7.2,12.7,2.6
"03490",20121102,2012,11,2,4.2,7.7,11,1.1
"03490",20121103,2012,11,3,2.9,7.8,11.4,9
"03490",20121104,2012,11,4,0.5,7,11.8,0
"03490",20121105,2012,11,5,3.2,8,11.8,1.1
"03490",20121106,2012,11,6,3.8,7.3,11,1.8
"03490",20121107,2012,11,7,6.9,9.4,12.8,0.1
"03490",20121108,2012,11,8,8.5,9.4,11.1,0
"03490",20121109,2012,11,9,5.9,9.1,12.6,0.2
"03490",20121110,2012,11,10,6,9.1,14.1,2.3
"03490",20121111,2012,11,11,0.3,8,12,0
"03490",20121112,2012,11,12,-1,5.2,12.1,0
"03490",20121113,2012,11,13,-1.9,3.2,9.9,0
"03490",20121114,2012,11,14,-0.5,3.2,7.7,0
"03490",20121115,2012,11,15,3.6,4.7,5.3,0
"03490",20121116,2012,11,16,-2.3,2.9,7.4,0
"03490",20121117,2012,11,17,-3.2,3.9,10.4,0
"03490",20121118,2012,11,18,5.3,7.3,8.9,2
"03490",20121119,2012,11,19,2.2,7.3,13.3,0
"03490",20121120,2012,11,20,-0.3,4.4,9.6,0
"03490",20121121,2012,11,21,3,5.6,9.8,0
"03490",20121122,2012,11,22,-1.5,3.9,12.3,0
"03490",20121123,2012,11,23,1.4,7.5,10.9,0
"03490",20121124,2012,11,24,6.8,9.5,13.4,0
"03490",20121125,2012,11,25,7.9,11.6,15.2,0
"03490",20121126,2012,11,26,-0.4,5.9,9.4,1
"03490",20121127,2012,11,27,3.6,6.4,10.2,0
"03490",20121128,2012,11,28,3.1,5.1,6.8,0.1
"03490",20121129,2012,11,29,1.5,3.9,5.3,0.4
"03490",20121130,2012,11,30,-4.6,1.5,5.1,0.1
"03490",20121201,2012,12,1,-5.1,-0.9,2.5,1.1
"03490",20121202,2012,12,2,1.6,3.1,4.6,1.5
"03490",20121203,2012,12,3,-0.4,3.2,5.7,0.7
"03490",20121204,2012,12,4,1.5,4.1,6.3,2.1
"03490",20121205,2012,12,5,0.2,2.3,4.3,2.1
"03490",20121206,2012,12,6,-1.9,0.6,2.8,0
"03490",20121207,2012,12,7,-1.2,-0.4,1.3,6.7
"03490",20121208,2012,12,8,-11.4,-4.9,0.6,0.5
"03490",20121209,2012,12,9,-8.7,0.9,5.1,7.6
"03490",20121210,2012,12,10,0.3,2.8,4.7,2.5
"03490",20121211,2012,12,11,-5,-0.9,0.6,0.5
"03490",20121212,2012,12,12,-6.7,-2.6,2.3,0
"03490",20121213,2012,12,13,-7.3,-3.2,0.1,0
"03490",20121214,2012,12,14,-1.8,3,7.8,2.5
"03490",20121215,2012,12,15,5.7,8.9,10.5,0.1
"03490",20121216,2012,12,16,0.7,7.2,10.3,0.1
"03490",20121217,2012,12,17,0.2,4.9,9.6,1.8
"03490",20121218,2012,12,18,-0.8,3.4,8.5,0.4
"03490",20121219,2012,12,19,0.4,1.9,4.2,0
"03490",20121220,2012,12,20,0.5,2,3.3,8.4
"03490",20121221,2012,12,21,1.2,3,4.7,3.6
"03490",20121222,2012,12,22,2,5.1,8.6,17.6
"03490",20121223,2012,12,23,6.9,11.9,13.8,10.7
"03490",20121224,2012,12,24,7.7,11.6,14.7,0
"03490",20121225,2012,12,25,7.9,10.4,13.5,5.8
"03490",20121226,2012,12,26,4.3,8.1,10,2.8
"03490",20121227,2012,12,27,5.7,8.2,10.4,7.3
"03490",20121228,2012,12,28,4,6.9,8.9,0.8
"03490",20121229,2012,12,29,6.3,9.6,12.1,0.6
"03490",20121230,2012,12,30,6.8,8.6,11,0.2
"03490",20121231,2012,12,31,8.3,9.4,10.4,0
"03490",20130101,2013,1,1,0.3,6.5,9.5,0.9
"03490",20130102,2013,1,2,2.3,5.7,8.3,1.2
"03490",20130103,2013,1,3,6.8,9.6,11.8,0.6
"03490",20130104,2013,1,4,7.9,10.4,12.6,0.4
"03490",20130105,2013,1,5,7,7.7,8.5,0.2
"03490",20130106,2013,1,6,7.1,8.5,9.5,0
"03490",20130107,2013,1,7,4.2,7.4,9.5,0
"03490",20130108,2013,1,8,3.8,6.5,8.2,0
"03490",20130109,2013,1,9,4.8,5.6,7.2,3.1
"03490",20130110,2013,1,10,2.1,5,7.5,0.6
"03490",20130111,2013,1,11,-3.7,0.4,4.5,0
"03490",20130112,2013,1,12,-7.3,-3.2,0.7,0
"03490",20130113,2013,1,13,-5.8,-3,0.6,0
"03490",20130114,2013,1,14,-10.4,-4.8,-1.3,0.5
"03490",20130115,2013,1,15,-6,-2.2,-1,5.3
"03490",20130116,2013,1,16,-6.2,-3.5,-2.6,0.1
"03490",20130117,2013,1,17,-3.6,-3.3,-2.9,0.3
"03490",20130118,2013,1,18,-6.8,-2.8,-0.6,0
"03490",20130119,2013,1,19,-4.1,-2.9,-1.7,0.2
"03490",20130120,2013,1,20,-4.7,-3,-1,2.9
"03490",20130121,2013,1,21,-2.2,-1,0.3,0.8
"03490",20130122,2013,1,22,-2.3,-1,0.4,1.1
"03490",20130123,2013,1,23,-2.1,-0.9,0.9,0
"03490",20130124,2013,1,24,-3.1,-2.2,-1.3,0
"03490",20130125,2013,1,25,-3.3,-2.6,-1.6,0
"03490",20130126,2013,1,26,-4.7,-1.6,1.1,0
"03490",20130127,2013,1,27,0.1,3.3,5.7,0.8
"03490",20130128,2013,1,28,-0.1,4.9,7.1,0.8
"03490",20130129,2013,1,29,6.6,9.9,12,2.7
"03490",20130130,2013,1,30,8.7,12.2,15,1.6
"03490",20130131,2013,1,31,7.3,8.5,9.7,0.5
"03490",20130201,2013,2,1,3.7,6.5,8.7,4.5
"03490",20130202,2013,2,2,1.2,3.2,4.1,3.7
"03490",20130203,2013,2,3,2.5,3.9,5.7,0.6
"03490",20130204,2013,2,4,4.8,6.8,9.7,3.7
"03490",20130205,2013,2,5,0.6,4,6.5,2.2
"03490",20130206,2013,2,6,0.6,1.7,3,4.6
"03490",20130207,2013,2,7,1.1,2.2,4,3.3
"03490",20130208,2013,2,8,-1.2,0.3,1.5,4.6
"03490",20130209,2013,2,9,-5.9,-1.7,2.2,0.6
"03490",20130210,2013,2,10,-8.1,-3.3,1.5,0
"03490",20130211,2013,2,11,-3.9,-1.2,0.6,0
"03490",20130212,2013,2,12,-2.6,-1.4,-0.4,0
"03490",20130213,2013,2,13,-7.4,-1.6,1.9,0
"03490",20130214,2013,2,14,-8.9,-2.9,1.7,2.5
"03490",20130215,2013,2,15,-1.1,0.9,4.9,0.2
"03490",20130216,2013,2,16,0.5,2.6,5.2,0.8
"03490",20130217,2013,2,17,-0.9,2.9,6.9,0
"03490",20130218,2013,2,18,-4.2,0.6,7,0
"03490",20130219,2013,2,19,-1.7,1.6,3.1,0.9
"03490",20130220,2013,2,20,-1.9,0.7,3,0
"03490",20130221,2013,2,21,-3.1,-0.8,2.1,0
"03490",20130222,2013,2,22,-3,-2.2,-0.8,0
"03490",20130223,2013,2,23,-4.1,-2.8,-1.4,2.1
"03490",20130224,2013,2,24,-2.5,-0.2,1.1,4.4
"03490",20130225,2013,2,25,0.2,0.7,1.7,5.3
"03490",20130226,2013,2,26,0.3,2.5,5.2,0
"03490",20130227,2013,2,27,0.5,1.9,2.8,0
"03490",20130228,2013,2,28,0.3,2.4,5.4,0
"03490",20130301,2013,3,1,1.2,2.3,3.2,0
"03490",20130302,2013,3,2,-1.8,1.9,6.5,0
"03490",20130303,2013,3,3,-3,2.2,5.6,0
"03490",20130304,2013,3,4,-4.2,2.3,12,0
"03490",20130305,2013,3,5,-3.8,4.4,15.9,0
"03490",20130306,2013,3,6,-2.1,6.6,18.1,0
"03490",20130307,2013,3,7,4.5,8.9,15.6,0.5
"03490",20130308,2013,3,8,5.1,11.7,18,0.2
"03490",20130309,2013,3,9,5.5,10.8,14.5,0.7
"03490",20130310,2013,3,10,-0.5,3.7,9.1,2.6
"03490",20130311,2013,3,11,-2.8,-1.5,-0.4,4.5
"03490",20130312,2013,3,12,-4.7,-3.3,-1.9,7.7
"03490",20130313,2013,3,13,-10.2,-3.9,1.5,0.4
"03490",20130314,2013,3,14,-6.5,-1.3,3,1.6
"03490",20130315,2013,3,15,-9.2,-1.5,4.6,0
"03490",20130316,2013,3,16,-1.4,4.1,7.4,0.7
"03490",20130317,2013,3,17,1.9,3.7,6.2,0.2
"03490",20130318,2013,3,18,-1.7,4.7,10.4,0
"03490",20130319,2013,3,19,-2.5,2.9,9.2,1.6
"03490",20130320,2013,3,20,0.2,2.6,6.8,6.4
"03490",20130321,2013,3,21,-3.6,0.4,2,0
"03490",20130322,2013,3,22,-5.8,0.9,7.6,0
"03490",20130323,2013,3,23,-0.7,1,3.3,0
"03490",20130324,2013,3,24,-2.2,0.2,3.7,0
"03490",20130325,2013,3,25,-2.5,0.2,3.9,0
"03490",20130326,2013,3,26,-4.9,0.1,5.5,0
"03490",20130327,2013,3,27,-7.3,0.2,6.2,0
"03490",20130328,2013,3,28,-3.4,1.6,5.3,0.1
"03490",20130329,2013,3,29,-3.3,-0.1,1.7,0.3
"03490",20130330,2013,3,30,-3.7,0.4,4.4,0
"03490",20130331,2013,3,31,-2.3,0.7,3.9,0.2
"03490",20130401,2013,4,1,-5.7,0.4,6.6,0
"03490",20130402,2013,4,2,-6.4,0.9,8.2,0
"03490",20130403,2013,4,3,-5.2,0.6,5.4,0
"03490",20130404,2013,4,4,-2.6,3.1,8.7,0
"03490",20130405,2013,4,5,-3.3,1.6,4.1,0
"03490",20130406,2013,4,6,-1.1,2.8,5.5,0.5
"03490",20130407,2013,4,7,-1.8,3.8,11,0
"03490",20130408,2013,4,8,-2.4,4.2,10.8,0.4
"03490",20130409,2013,4,9,-0.5,5.4,9.9,1.3
"03490",20130410,2013,4,10,3.9,8.1,12.7,1.8
"03490",20130411,2013,4,11,7.2,12.2,17.9,6.4
"03490",20130412,2013,4,12,6.3,11,15.3,0.4
"03490",20130413,2013,4,13,8.9,12.2,16.2,0
"03490",20130414,2013,4,14,10.3,16,24,0
"03490",20130415,2013,4,15,6.7,15.3,23.9,1.7
"03490",20130416,2013,4,16,10.4,16.1,21.3,0
"03490",20130417,2013,4,17,10.5,16.5,24.3,0
"03490",20130418,2013,4,18,7.9,14.8,19.8,0
"03490",20130419,2013,4,19,7.8,11.1,14.3,0
"03490",20130420,2013,4,20,6.1,9.6,14,0
"03490",20130421,2013,4,21,4.7,9.3,12.4,0
"03490",20130422,2013,4,22,6.4,12,17.9,0
"03490",20130423,2013,4,23,6.1,12.2,19,0
"03490",20130424,2013,4,24,5.4,15,24.3,0
"03490",20130425,2013,4,25,10.3,17.9,26,0
"03490",20130426,2013,4,26,6.1,12.6,20.4,14.5
"03490",20130427,2013,4,27,5,6.8,8.8,2.9
"03490",20130428,2013,4,28,4,7.5,9.9,0
"03490",20130429,2013,4,29,6.8,10.8,16.5,0
"03490",20130430,2013,4,30,4.6,9.7,14,0
"03490",20130501,2013,5,1,7.9,12.6,17.4,0
"03490",20130502,2013,5,2,8.1,14.9,21.1,0.3
"03490",20130503,2013,5,3,9,14.6,20.4,0
"03490",20130504,2013,5,4,7.6,14.5,21,0
"03490",20130505,2013,5,5,6.7,14.6,22.5,0
"03490",20130506,2013,5,6,6.8,16.3,24.4,0
"03490",20130507,2013,5,7,8.4,14.1,18.9,5.3
"03490",20130508,2013,5,8,7.8,15.7,22.9,0.4
"03490",20130509,2013,5,9,10.9,15.3,19.9,0
"03490",20130510,2013,5,10,7.9,13.2,17.4,0
"03490",20130511,2013,5,11,7.1,11.7,18,5.6
"03490",20130512,2013,5,12,5.9,9.2,13.2,6.9
"03490",20130513,2013,5,13,6.9,11.9,16.6,2.9
"03490",20130514,2013,5,14,6.1,11.4,16.5,0.8
"03490",20130515,2013,5,15,5.4,12.7,18,0
"03490",20130516,2013,5,16,8.6,12.6,16.1,7.6
"03490",20130517,2013,5,17,9,9.9,10.8,3.7
"03490",20130518,2013,5,18,8.5,11.6,17.7,0
"03490",20130519,2013,5,19,7.1,14.4,21.4,19.1
"03490",20130520,2013,5,20,6.4,11.7,14.8,2.9
"03490",20130521,2013,5,21,6.4,12.1,17.6,8.5
"03490",20130522,2013,5,22,6.8,8.8,10.3,5.3
"03490",20130523,2013,5,23,4.2,7.1,10.2,3.7
"03490",20130524,2013,5,24,2.4,7,12.7,0.5
"03490",20130525,2013,5,25,1.6,8.5,14.6,2.5
"03490",20130526,2013,5,26,6.8,8.9,10.8,4.7
"03490",20130527,2013,5,27,8.8,13.7,19.1,0
"03490",20130528,2013,5,28,5.5,14.8,22.7,4.2
"03490",20130529,2013,5,29,7.5,10.1,12.6,11.6
"03490",20130530,2013,5,30,6,11.4,15.7,3.5
"03490",20130531,2013,5,31,10.9,14.6,19.7,5.7
"03490",20130601,2013,6,1,10.4,11.9,13.6,0
"03490",20130602,2013,6,2,7.9,12.5,18.1,0
"03490",20130603,2013,6,3,5.2,10.7,17.1,0
"03490",20130604,2013,6,4,5.3,13.2,20.8,0
"03490",20130605,2013,6,5,10,17.1,24.8,0
"03490",20130606,2013,6,6,9.9,18.4,26.3,0
"03490",20130607,2013,6,7,11.2,19.7,27.2,0
"03490",20130608,2013,6,8,12.8,18.9,26,2.5
"03490",20130609,2013,6,9,13.5,14.7,17.2,13.2
"03490",20130610,2013,6,10,10.6,12.9,15.3,2.5
"03490",20130611,2013,6,11,10.1,16.2,22.7,0
"03490",20130612,2013,6,12,12.8,18.6,22.7,0
"03490",20130613,2013,6,13,11.7,18.1,26.2,17.3
"03490",20130614,2013,6,14,8.2,15,19.9,0
"03490",20130615,2013,6,15,7.4,14.9,21.7,0.1
"03490",20130616,2013,6,16,8.7,16.3,22.9,0
"03490",20130617,2013,6,17,11.1,20.9,30.6,0
"03490",20130618,2013,6,18,17.5,25,32.9,0
"03490",20130619,2013,6,19,18.5,25.7,33.4,0
"03490",20130620,2013,6,20,15.4,21.3,24.6,65.5
"03490",20130621,2013,6,21,14.7,18.4,22.4,0
"03490",20130622,2013,6,22,12.8,18.4,22.8,0.3
"03490",20130623,2013,6,23,13.1,15.7,18.4,0.5
"03490",20130624,2013,6,24,11.5,14.1,16.6,1.3
"03490",20130625,2013,6,25,9,12.8,16.9,0
"03490",20130626,2013,6,26,7.9,12.5,16.9,5.9
"03490",20130627,2013,6,27,8.5,12.6,16.1,2
"03490",20130628,2013,6,28,7.5,12.4,16.1,11.4
"03490",20130629,2013,6,29,9.4,15,18.5,2
"03490",20130630,2013,6,30,7.5,15.2,21.4,0
"03490",20130701,2013,7,1,11.2,18.8,26.5,0
"03490",20130702,2013,7,2,10.5,18.9,25.9,0.8
"03490",20130703,2013,7,3,13.7,17.2,20,12.4
"03490",20130704,2013,7,4,13.6,18.4,23.9,0
"03490",20130705,2013,7,5,12.8,18.1,23.2,0
"03490",20130706,2013,7,6,13.5,20.3,27.5,0
"03490",20130707,2013,7,7,13.8,21,28.3,0
"03490",20130708,2013,7,8,13.2,21,28.3,0
"03490",20130709,2013,7,9,13.8,21.4,28.3,0
"03490",20130710,2013,7,10,13.5,19.1,24.7,0
"03490",20130711,2013,7,11,10.7,15.6,19.3,0
"03490",20130712,2013,7,12,9.5,15.5,22.1,0
"03490",20130713,2013,7,13,10,16,22.2,0
"03490",20130714,2013,7,14,10.7,17.7,24.2,0
"03490",20130715,2013,7,15,11.8,19.3,26.5,0
"03490",20130716,2013,7,16,13.4,20.7,28,0
"03490",20130717,2013,7,17,13.4,21.3,28.3,0
"03490",20130718,2013,7,18,14.6,22.4,30,0
"03490",20130719,2013,7,19,14.5,21.4,29,0
"03490",20130720,2013,7,20,14.1,19.9,26.2,0
"03490",20130721,2013,7,21,13.8,22.3,31.3,0
"03490",20130722,2013,7,22,14.8,24.6,33.6,0.8
"03490",20130723,2013,7,23,17.1,23.9,32.1,0
"03490",20130724,2013,7,24,16.8,21.5,27.1,6.9
"03490",20130725,2013,7,25,14.6,20.7,29.3,17.7
"03490",20130726,2013,7,26,17.3,21.8,28.3,2.8
"03490",20130727,2013,7,27,18.1,25.2,33.2,0.3
"03490",20130728,2013,7,28,15.7,22,25.1,0.6
"03490",20130729,2013,7,29,14.9,20.5,25.6,0.3
"03490",20130730,2013,7,30,15.2,19.6,23.4,2.4
"03490",20130731,2013,7,31,14.2,20.3,25.6,0
"03490",20130801,2013,8,1,12.4,22.5,32.9,0
"03490",20130802,2013,8,2,13.5,25.2,36.4,1.3
"03490",20130803,2013,8,3,15.9,22.9,28.6,0
"03490",20130804,2013,8,4,14.4,20.9,28.9,0
"03490",20130805,2013,8,5,12.6,22.7,32.1,10
"03490",20130806,2013,8,6,15.5,20.9,27.5,2.3
"03490",20130807,2013,8,7,13.7,19.5,26.9,1.7
"03490",20130808,2013,8,8,13.3,16.7,21.1,0
"03490",20130809,2013,8,9,11.6,17.8,25.5,2.1
"03490",20130810,2013,8,10,10.6,17.1,23.3,0
"03490",20130811,2013,8,11,7.7,16.8,24.6,0
"03490",20130812,2013,8,12,11.3,15.9,23.4,3.2
"03490",20130813,2013,8,13,9.8,16.3,21.9,0.2
"03490",20130814,2013,8,14,8.7,15.5,22.9,0
"03490",20130815,2013,8,15,7.9,17.1,25.3,0
"03490",20130816,2013,8,16,8.9,19.9,30,0
"03490",20130817,2013,8,17,15.4,21.8,28.4,0
"03490",20130818,2013,8,18,15.5,19.5,24.7,6.3
"03490",20130819,2013,8,19,12.5,17.4,23.7,0.2
"03490",20130820,2013,8,20,10.3,15.2,21.3,0
"03490",20130821,2013,8,21,9,16,24.5,0
"03490",20130822,2013,8,22,10.8,18.4,27.1,0
"03490",20130823,2013,8,23,11.1,18.7,26.9,0
"03490",20130824,2013,8,24,9.7,16.1,22,4.6
"03490",20130825,2013,8,25,13.2,16.1,18.1,2.6
"03490",20130826,2013,8,26,13.6,15.7,17.8,0.2
"03490",20130827,2013,8,27,12.5,17.1,23.7,0
"03490",20130828,2013,8,28,9.9,16.3,24.2,0
"03490",20130829,2013,8,29,9.3,17.4,25.8,0
"03490",20130830,2013,8,30,11.6,17.7,25.7,0
"03490",20130831,2013,8,31,11.7,17,21.9,0
"03490",20130901,2013,9,1,10.9,15.4,19.4,0
"03490",20130902,2013,9,2,12.4,18.4,23.9,0
"03490",20130903,2013,9,3,11.1,17.7,25.3,0
"03490",20130904,2013,9,4,10.1,18.6,29,0
"03490",20130905,2013,9,5,12.1,21.2,32.4,0
"03490",20130906,2013,9,6,12.3,22.4,33.2,0
"03490",20130907,2013,9,7,15.8,18.4,23.6,29.1
"03490",20130908,2013,9,8,12.1,14.2,15.9,5.6
"03490",20130909,2013,9,9,11.2,14.4,18.9,2.1
"03490",20130910,2013,9,10,10,13.6,17.5,1.8
"03490",20130911,2013,9,11,11.4,13.6,19.6,26.3
"03490",20130912,2013,9,12,9.3,13.8,17.5,2.2
"03490",20130913,2013,9,13,9.4,15,20.4,0.6
"03490",20130914,2013,9,14,13.7,16,20.2,1
"03490",20130915,2013,9,15,12,14,17.8,2.2
"03490",20130916,2013,9,16,8.7,13.4,17.7,1.7
"03490",20130917,2013,9,17,8,10.7,14.8,5.2
"03490",20130918,2013,9,18,8.2,12.3,14.7,2.8
"03490",20130919,2013,9,19,9.1,12.8,16,0.4
"03490",20130920,2013,9,20,10.3,14.5,17.8,0
"03490",20130921,2013,9,21,8.9,13.1,19,0
"03490",20130922,2013,9,22,7.5,13.9,19.2,0
"03490",20130923,2013,9,23,8.6,15.3,20.1,0
"03490",20130924,2013,9,24,7.5,13.5,21,0
"03490",20130925,2013,9,25,10,14.7,22.3,0.3
"03490",20130926,2013,9,26,6.5,13.7,17.2,0
"03490",20130927,2013,9,27,4.1,10.2,18.2,0
"03490",20130928,2013,9,28,3.6,10.8,18.5,0
"03490",20130929,2013,9,29,4.8,12.5,19.3,0
"03490",20130930,2013,9,30,1.2,9,16.3,0
"03490",20131001,2013,10,1,2,10.2,17.4,0
"03490",20131002,2013,10,2,0.2,8.5,17.3,0
"03490",20131003,2013,10,3,5.3,11.1,16.7,2.1
"03490",20131004,2013,10,4,9.1,12.3,15.8,20.7
"03490",20131005,2013,10,5,12.3,14.2,16.4,5.2
"03490",20131006,2013,10,6,8.8,13.1,16.8,0
"03490",20131007,2013,10,7,7.2,11.7,18,0
"03490",20131008,2013,10,8,11.4,13.4,16.6,0
"03490",20131009,2013,10,9,10.7,13.7,18.3,8.8
"03490",20131010,2013,10,10,2.5,7.8,11.4,1.1
"03490",20131011,2013,10,11,2.5,6.3,8.6,4.2
"03490",20131012,2013,10,12,2.3,6,10,0.4
"03490",20131013,2013,10,13,3.4,7.4,10.8,0
"03490",20131014,2013,10,14,3,9.9,15,9.2
"03490",20131015,2013,10,15,6.3,9.7,12.7,8
"03490",20131016,2013,10,16,5.5,10.5,13.8,0
"03490",20131017,2013,10,17,6.9,12.8,17.2,0.4
"03490",20131018,2013,10,18,6.7,11.3,17,0
"03490",20131019,2013,10,19,6.3,15,22.1,0
"03490",20131020,2013,10,20,10.6,16,19.4,2.3
"03490",20131021,2013,10,21,8.9,14.4,19.4,0
"03490",20131022,2013,10,22,11,16.1,23.2,4
"03490",20131023,2013,10,23,13.8,16.9,20.2,2.9
"03490",20131024,2013,10,24,8.4,13.3,17,0
"03490",20131025,2013,10,25,8.7,14.7,19.8,4.3
"03490",20131026,2013,10,26,14.1,18.3,21.1,0
"03490",20131027,2013,10,27,12.2,15.7,18.1,6.8
"03490",20131028,2013,10,28,10.7,15.5,18.6,1.9
"03490",20131029,2013,10,29,8.3,11.4,13.9,0
"03490",20131030,2013,10,30,0.9,8,13.4,0
"03490",20131031,2013,10,31,-1.1,5.7,14.2,0
"03490",20131101,2013,11,1,8.1,10.2,12.3,3.5
"03490",20131102,2013,11,2,8.2,13.1,16.9,2.1
"03490",20131103,2013,11,3,7.6,9.8,14.4,2.6
"03490",20131104,2013,11,4,5.4,10.2,14.8,2.5
"03490",20131105,2013,11,5,3.9,7,9.6,4
"03490",20131106,2013,11,6,7.4,10.5,14.5,3.2
"03490",20131107,2013,11,7,11.3,14.5,17,23.6
"03490",20131108,2013,11,8,8,10.9,13.7,3.8
"03490",20131109,2013,11,9,7.1,9.6,11.6,1.2
"03490",20131110,2013,11,10,3.7,6.3,9,3.5
"03490",20131111,2013,11,11,-0.4,3.5,7.8,0
"03490",20131112,2013,11,12,-1,4.7,9.8,0.9
"03490",20131113,2013,11,13,0.4,6.1,10.4,0
"03490",20131114,2013,11,14,-0.4,3.3,6.7,0.5
"03490",20131115,2013,11,15,-1.5,4.7,9.2,0
"03490",20131116,2013,11,16,-1.9,1.2,6.6,0
"03490",20131117,2013,11,17,-1.6,1.9,4.8,0
"03490",20131118,2013,11,18,3.8,4.7,6.3,0
"03490",20131119,2013,11,19,2.1,5.3,7.6,2.1
"03490",20131120,2013,11,20,1.1,4.6,7.4,0
"03490",20131121,2013,11,21,2.3,3.5,5,1.4
"03490",20131122,2013,11,22,2.4,3.5,4.3,0.5
"03490",20131123,2013,11,23,4.2,5.5,6.7,0
"03490",20131124,2013,11,24,0.1,4.5,6.1,0.9
"03490",20131125,2013,11,25,-1,3,5.3,0.7
"03490",20131126,2013,11,26,-2.8,0.2,5.2,0
"03490",20131127,2013,11,27,-1.3,1,3.8,0
"03490",20131128,2013,11,28,2,4.9,8,1
"03490",20131129,2013,11,29,4.6,6.5,8.6,1.9
"03490",20131130,2013,11,30,3.9,5.5,6.7,0.2
"03490",20131201,2013,12,1,3.7,6.1,8,0
"03490",20131202,2013,12,2,-2,4.5,9.1,0
"03490",20131203,2013,12,3,-4.2,-0.5,5.6,0
"03490",20131204,2013,12,4,-4.3,2.7,7,0.6
"03490",20131205,2013,12,5,-0.2,3.8,7.5,3
"03490",20131206,2013,12,6,1.4,3.4,4.7,2.4
"03490",20131207,2013,12,7,2.3,4.6,7,1
"03490",20131208,2013,12,8,5.8,7.5,9.2,0
"03490",20131209,2013,12,9,0.6,6.8,11.6,0
"03490",20131210,2013,12,10,0.7,2.4,6.5,0
"03490",20131211,2013,12,11,-1.6,1.4,6.6,0
"03490",20131212,2013,12,12,-5,-0.9,4.9,0
"03490",20131213,2013,12,13,-6.6,-3.2,2.8,0.1
"03490",20131214,2013,12,14,-5.8,2.5,7.4,2.8
"03490",20131215,2013,12,15,0.7,6,10.3,0.3
"03490",20131216,2013,12,16,-2.2,1.5,9,0
"03490",20131217,2013,12,17,-2.8,0.7,9.1,0
"03490",20131218,2013,12,18,-0.4,6.1,10.8,0.9
"03490",20131219,2013,12,19,-0.2,8.3,11.3,0
"03490",20131220,2013,12,20,-0.3,3.6,8.6,0
"03490",20131221,2013,12,21,4.1,6.6,8.7,0.1
"03490",20131222,2013,12,22,6.5,9,10.6,1.8
"03490",20131223,2013,12,23,2.7,8.9,11.6,0
"03490",20131224,2013,12,24,10.1,12.3,13.9,2.1
"03490",20131225,2013,12,25,3.1,8.4,12.5,0.3
"03490",20131226,2013,12,26,-0.5,4.6,8,0
"03490",20131227,2013,12,27,0.9,8,12.1,0
"03490",20131228,2013,12,28,4.1,8.8,12.7,9
"03490",20131229,2013,12,29,-0.5,5.1,7.6,0.2
"03490",20131230,2013,12,30,-1.8,3.9,6.8,0
"03490",20131231,2013,12,31,-0.4,4.6,9.7,0.1
"03490",20140101,2014,1,1,2.8,7.6,10.5,0.3
"03490",20140102,2014,1,2,2.3,8.9,11.8,0.2
"03490",20140103,2014,1,3,2.4,9.5,12.9,0.5
"03490",20140104,2014,1,4,3,8.1,10.3,1.6
"03490",20140105,2014,1,5,3.1,7,10.3,0
"03490",20140106,2014,1,6,5.7,10.8,13.8,2.8
"03490",20140107,2014,1,7,6.9,11.7,14.6,0.4
"03490",20140108,2014,1,8,3.4,9.9,13.1,0
"03490",20140109,2014,1,9,5.8,9.7,13.1,0.4
"03490",20140110,2014,1,10,1.4,5.9,9.6,0
"03490",20140111,2014,1,11,-1.3,4,10.7,0.7
"03490",20140112,2014,1,12,-3,1.4,6.5,0
"03490",20140113,2014,1,13,-2.4,3.4,9.1,0.1
"03490",20140114,2014,1,14,0,4.3,8.3,0
"03490",20140115,2014,1,15,-2.1,3.4,6,3.2
"03490",20140116,2014,1,16,4.4,6.8,9.3,0
"03490",20140117,2014,1,17,1.8,7.8,10.7,0
"03490",20140118,2014,1,18,-0.5,4.1,9.3,0
"03490",20140119,2014,1,19,1.3,4.7,7.9,0
"03490",20140120,2014,1,20,1.5,3.6,5.1,0.3
"03490",20140121,2014,1,21,2,3.1,4.2,0.2
"03490",20140122,2014,1,22,-3.4,2.1,6.5,0
"03490",20140123,2014,1,23,-3.7,0.6,4.5,3.5
"03490",20140124,2014,1,24,2.7,4.1,5.1,0.1
"03490",20140125,2014,1,25,-1.7,2.5,5.3,3.7
"03490",20140126,2014,1,26,2.9,5.2,6.9,3.7
"03490",20140127,2014,1,27,0,3.7,5.9,0.1
"03490",20140128,2014,1,28,-2,2.5,6.8,0
"03490",20140129,2014,1,29,-0.3,2.1,4.6,0
"03490",20140130,2014,1,30,-2.5,2.2,6.3,0
"03490",20140131,2014,1,31,-3.4,1.4,7.9,0
"03490",20140201,2014,2,1,2.9,6.3,8.1,0.5
"03490",20140202,2014,2,2,-2.7,3.5,9.6,0
"03490",20140203,2014,2,3,-4.6,0.5,4.4,0
"03490",20140204,2014,2,4,-1,4.1,9.9,0
"03490",20140205,2014,2,5,3.2,6.4,9,0.3
"03490",20140206,2014,2,6,6.9,8.8,11.1,0.3
"03490",20140207,2014,2,7,5.4,9.3,13.4,1
"03490",20140208,2014,2,8,5.1,7.7,9.9,2.2
"03490",20140209,2014,2,9,2.3,6,8.3,0.1
"03490",20140210,2014,2,10,-1.3,3.1,6.6,2.3
"03490",20140211,2014,2,11,2.4,6.1,9.8,0.2
"03490",20140212,2014,2,12,1.2,6,8.6,0.5
"03490",20140213,2014,2,13,3.7,6.2,8.1,2.9
"03490",20140214,2014,2,14,2.6,6.1,11.5,1
"03490",20140215,2014,2,15,7.2,10.6,12.8,0.2
"03490",20140216,2014,2,16,-0.6,6.3,9.5,0.9
"03490",20140217,2014,2,17,-2.3,3.3,10.3,0.2
"03490",20140218,2014,2,18,-1.3,3.5,8.9,0.1
"03490",20140219,2014,2,19,3.7,8.1,12.1,0.8
"03490",20140220,2014,2,20,2,8.4,12,0.5
"03490",20140221,2014,2,21,4.6,7.8,11,1.1
"03490",20140222,2014,2,22,0.5,5.7,8,0
"03490",20140223,2014,2,23,-2.9,3.8,10.2,0
"03490",20140224,2014,2,24,-2.5,5.7,15.7,0
"03490",20140225,2014,2,25,-0.1,7.5,12.8,0
"03490",20140226,2014,2,26,3.8,7.9,10.9,0.3
"03490",20140227,2014,2,27,-1.6,4.6,10.5,1.9
"03490",20140228,2014,2,28,0.7,6,9.8,0.7
"03490",20140301,2014,3,1,-1.1,3.4,8.9,0.6
"03490",20140302,2014,3,2,-2.3,2.6,9.3,0
"03490",20140303,2014,3,3,-1.4,4.5,11.1,0.2
"03490",20140304,2014,3,4,-1.4,5.4,12.4,0
"03490",20140305,2014,3,5,1.5,5.4,11.1,0
"03490",20140306,2014,3,6,-1.1,4.3,14,0
"03490",20140307,2014,3,7,-2.4,6.4,16.2,0
"03490",20140308,2014,3,8,2.4,9.3,17.2,0
"03490",20140309,2014,3,9,0.4,10.3,22.9,0
"03490",20140310,2014,3,10,0.2,8.8,19.4,0
"03490",20140311,2014,3,11,1.8,7.8,15.8,0
"03490",20140312,2014,3,12,0.8,8.5,19.7,0
"03490",20140313,2014,3,13,-0.5,9.3,19.2,0
"03490",20140314,2014,3,14,2.2,8.9,18.1,0
"03490",20140315,2014,3,15,4.6,9,11.6,1
"03490",20140316,2014,3,16,5.7,11.8,16.8,0
"03490",20140317,2014,3,17,8.4,10.9,13.2,0
"03490",20140318,2014,3,18,6.8,10.1,13.1,0.8
"03490",20140319,2014,3,19,9.9,12.9,17.7,0
"03490",20140320,2014,3,20,1.6,12.6,23,0
"03490",20140321,2014,3,21,4.5,12.3,17.4,0.4
"03490",20140322,2014,3,22,1.1,7.1,13.7,3.8
"03490",20140323,2014,3,23,0.8,4.9,9.8,0.8
"03490",20140324,2014,3,24,0.4,4.3,9.9,0.3
"03490",20140325,2014,3,25,-1.5,3.9,11.7,0
"03490",20140326,2014,3,26,-1,4.6,11.3,0.1
"03490",20140327,2014,3,27,0,7.4,15.9,0
"03490",20140328,2014,3,28,0,9.9,18.6,0
"03490",20140329,2014,3,29,1.4,10.7,20.1,0
"03490",20140330,2014,3,30,3.2,12.1,21.9,0
"03490",20140331,2014,3,31,5.8,13.4,22.9,0
"03490",20140401,2014,4,1,6.5,14.4,22.3,0
"03490",20140402,2014,4,2,7,14.5,23.3,0
"03490",20140403,2014,4,3,7.7,14.6,23.1,0.3
"03490",20140404,2014,4,4,11.4,14.8,19.2,0.5
"03490",20140405,2014,4,5,5.7,12.2,14.7,0.1
"03490",20140406,2014,4,6,3.4,12.4,19,0
"03490",20140407,2014,4,7,12.6,17.6,22.6,2.5
"03490",20140408,2014,4,8,4.5,10.4,14.1,1.7
"03490",20140409,2014,4,9,4.6,9.9,14.8,0
"03490",20140410,2014,4,10,5.7,11.5,18.1,0
"03490",20140411,2014,4,11,5.1,11.6,17.8,0
"03490",20140412,2014,4,12,4.5,11.3,16.8,0
"03490",20140413,2014,4,13,5.2,11,15.5,0
"03490",20140414,2014,4,14,4.3,9.5,14.2,0.4
"03490",20140415,2014,4,15,3.6,6.9,10.4,0
"03490",20140416,2014,4,16,0,7.5,15.9,0
"03490",20140417,2014,4,17,-0.7,10.5,19.4,1.4
"03490",20140418,2014,4,18,7.2,9.6,13.3,0
"03490",20140419,2014,4,19,5.5,11.2,18.3,0
"03490",20140420,2014,4,20,5.7,13.6,22,0
"03490",20140421,2014,4,21,4.4,11.7,21,2.5
"03490",20140422,2014,4,22,7.4,12.2,17.5,2.7
"03490",20140423,2014,4,23,6,12.6,20.5,3.3
"03490",20140424,2014,4,24,7.9,13.7,22.9,0.4
"03490",20140425,2014,4,25,6.6,16.1,24.5,0
"03490",20140426,2014,4,26,10.3,14.3,20.1,6.9
"03490",20140427,2014,4,27,6.5,12.3,17.4,0.4
"03490",20140428,2014,4,28,7.3,13.1,17.3,0
"03490",20140429,2014,4,29,10,13.2,15.6,3.1
"03490",20140430,2014,4,30,9.4,14.2,18.9,0.1
"03490",20140501,2014,5,1,9.8,14.5,19.6,0
"03490",20140502,2014,5,2,7.3,10.8,14,0.4
"03490",20140503,2014,5,3,3.5,9.3,14.9,0
"03490",20140504,2014,5,4,1.9,9.3,15.9,0
"03490",20140505,2014,5,5,3.7,12.7,22.6,0
"03490",20140506,2014,5,6,4.4,13.2,20.6,9.7
"03490",20140507,2014,5,7,10.6,13.8,18.5,0.1
"03490",20140508,2014,5,8,9.8,12.8,16.9,2.6
"03490",20140509,2014,5,9,10.6,14.9,18.1,0.4
"03490",20140510,2014,5,10,9.6,12.5,15.6,5.5
"03490",20140511,2014,5,11,7.7,11.8,15,0.5
"03490",20140512,2014,5,12,7.7,11.1,15.3,1.6
"03490",20140513,2014,5,13,6.4,10.3,13.8,2
"03490",20140514,2014,5,14,5.2,10.1,16.5,3.7
"03490",20140515,2014,5,15,6,9.1,12.1,0
"03490",20140516,2014,5,16,5.2,11.9,19.6,0
"03490",20140517,2014,5,17,6.1,13.4,20,0
"03490",20140518,2014,5,18,7.6,15.7,23.9,0
"03490",20140519,2014,5,19,8.6,17.6,27.4,0
"03490",20140520,2014,5,20,11,19.6,28.8,0
"03490",20140521,2014,5,21,13.7,20.5,26.5,0
"03490",20140522,2014,5,22,13.4,19.8,27.9,4
"03490",20140523,2014,5,23,10.2,15.6,22.3,2.8
"03490",20140524,2014,5,24,8.1,14.5,20.1,0
"03490",20140525,2014,5,25,5.2,15.3,23.8,0.4
"03490",20140526,2014,5,26,11.6,15.9,21.5,5.9
"03490",20140527,2014,5,27,12.5,15.8,18.9,0.1
"03490",20140528,2014,5,28,8.7,13.9,17.8,0
"03490",20140529,2014,5,29,9.5,13.6,18.6,0.1
"03490",20140530,2014,5,30,6.3,12.6,18.8,0
"03490",20140531,2014,5,31,5.3,14.3,22.2,0
"03490",20140601,2014,6,1,8.6,14.7,20.4,0
"03490",20140602,2014,6,2,8.4,15.7,23.4,0
"03490",20140603,2014,6,3,9.4,15.1,24.3,8
"03490",20140604,2014,6,4,8.2,15.1,20.9,2.4
"03490",20140605,2014,6,5,5.4,13.8,20.2,0
"03490",20140606,2014,6,6,6.7,17.6,28.6,0
"03490",20140607,2014,6,7,12.3,22.5,32.5,0
"03490",20140608,2014,6,8,16.5,23.4,30.4,0
"03490",20140609,2014,6,9,15,24.4,33.7,0.1
"03490",20140610,2014,6,10,15.1,23.8,34.5,4.3
"03490",20140611,2014,6,11,13.7,19.4,24.1,2.6
"03490",20140612,2014,6,12,12.5,18.6,25,0
"03490",20140613,2014,6,13,10.8,18.3,24.3,0.1
"03490",20140614,2014,6,14,11.2,16.1,20.3,0
"03490",20140615,2014,6,15,11.7,16.4,23,0
"03490",20140616,2014,6,16,12.7,15.3,18.8,0
"03490",20140617,2014,6,17,12.4,15.8,20.6,0
"03490",20140618,2014,6,18,12.9,17,23.3,0
"03490",20140619,2014,6,19,12.6,15.4,20.5,0.7
"03490",20140620,2014,6,20,11.8,14.9,18.9,0.5
"03490",20140621,2014,6,21,9.5,15.5,22.2,0
"03490",20140622,2014,6,22,9.7,16.7,23.3,0
"03490",20140623,2014,6,23,9.4,16.1,23,0
"03490",20140624,2014,6,24,9.9,16.3,23.6,2.3
"03490",20140625,2014,6,25,9.8,15.1,20.1,0
"03490",20140626,2014,6,26,8,16,25.2,0
"03490",20140627,2014,6,27,8.2,17.3,26.4,0.4
"03490",20140628,2014,6,28,12.4,15.8,21.4,13.9
"03490",20140629,2014,6,29,11.3,14.7,20.1,6.4
"03490",20140630,2014,6,30,9.7,15.2,21.4,0
"03490",20140701,2014,7,1,7.9,15.2,21.7,0
"03490",20140702,2014,7,2,8.1,16.1,23.7,0
"03490",20140703,2014,7,3,10.1,20.2,29.8,0
"03490",20140704,2014,7,4,12.4,22,30.7,0.1
"03490",20140705,2014,7,5,16.4,20.8,23.4,0.4
"03490",20140706,2014,7,6,16.2,22.5,29.7,6.2
"03490",20140707,2014,7,7,13.1,18.7,24.2,9.2
"03490",20140708,2014,7,8,11.9,14.7,17.8,29.7
"03490",20140709,2014,7,9,11.6,13.6,15.5,21.9
"03490",20140710,2014,7,10,14,18.8,26,28.2
"03490",20140711,2014,7,11,12.8,18.4,24.2,0.2
"03490",20140712,2014,7,12,16.3,17.9,20.9,5.9
"03490",20140713,2014,7,13,14.9,18.4,23.6,1.6
"03490",20140714,2014,7,14,12.4,18.3,23.3,0
"03490",20140715,2014,7,15,12.4,19,24.2,0
"03490",20140716,2014,7,16,16.8,21.9,29,0
"03490",20140717,2014,7,17,14.8,22.5,31,0
"03490",20140718,2014,7,18,15.1,24.4,34.1,0
"03490",20140719,2014,7,19,13.8,24.7,33.9,2
"03490",20140720,2014,7,20,18.8,23.4,31,0
"03490",20140721,2014,7,21,18.9,19.7,21.4,39.7
"03490",20140722,2014,7,22,18.5,21.7,27.5,2.9
"03490",20140723,2014,7,23,17.4,22.3,30,0.1
"03490",20140724,2014,7,24,13.6,19.1,27.8,6.3
"03490",20140725,2014,7,25,13.5,19.4,25.4,0
"03490",20140726,2014,7,26,14.1,19.8,25.9,0
"03490",20140727,2014,7,27,15.6,21.1,27.3,0
"03490",20140728,2014,7,28,17.2,21.4,29.1,0.5
"03490",20140729,2014,7,29,18.1,20.6,25,37.8
"03490",20140730,2014,7,30,16,19.7,24,0
"03490",20140731,2014,7,31,14.1,19.9,27.1,0
"03490",20140801,2014,8,1,13.8,20.4,28.6,0
"03490",20140802,2014,8,2,13.6,20.7,28.9,0.3
"03490",20140803,2014,8,3,15.6,20.1,25,23.2
"03490",20140804,2014,8,4,15.3,17.9,23.4,10.8
"03490",20140805,2014,8,5,12.6,18.2,24,0
"03490",20140806,2014,8,6,10.5,18.2,25.9,1.5
"03490",20140807,2014,8,7,14.3,19.1,25.4,0
"03490",20140808,2014,8,8,14.1,19.7,27.2,14.7
"03490",20140809,2014,8,9,14.8,19.7,24.3,1.8
"03490",20140810,2014,8,10,12.9,18.9,24.1,5.5
"03490",20140811,2014,8,11,10.4,16.9,23,0.2
"03490",20140812,2014,8,12,12,17.2,22.3,0.2
"03490",20140813,2014,8,13,10.8,15.1,19.3,12.4
"03490",20140814,2014,8,14,10.5,15.5,21.3,2.1
"03490",20140815,2014,8,15,11,13.6,16.4,29.4
"03490",20140816,2014,8,16,11.1,15.5,20.6,1
"03490",20140817,2014,8,17,9,15.5,19.4,0
"03490",20140818,2014,8,18,10.6,16.2,20.4,0.1
"03490",20140819,2014,8,19,6.7,12.8,19.5,3.1
"03490",20140820,2014,8,20,6.2,12.3,18,1.1
"03490",20140821,2014,8,21,5.5,12.6,19.3,0
"03490",20140822,2014,8,22,6.1,14.3,20.3,0.2
"03490",20140823,2014,8,23,8.8,14,20.2,0.4
"03490",20140824,2014,8,24,9.5,13.3,19.4,0
"03490",20140825,2014,8,25,7.8,13.4,20.3,23.2
"03490",20140826,2014,8,26,12.6,14.8,17.9,19.2
"03490",20140827,2014,8,27,10.9,15.4,21.3,0
"03490",20140828,2014,8,28,11.1,17.2,24.3,1.8
"03490",20140829,2014,8,29,12.1,17.2,23.5,1.7
"03490",20140830,2014,8,30,10.9,16.3,21.8,1.1
"03490",20140831,2014,8,31,11.7,14.4,19.4,18.3
"03490",20140901,2014,9,1,12,15,20.3,0.2
"03490",20140902,2014,9,2,10.3,15.7,21.8,0
"03490",20140903,2014,9,3,11.1,15.2,19.6,0
"03490",20140904,2014,9,4,10.6,16.1,20.2,0
"03490",20140905,2014,9,5,13.6,18.9,25.5,0
"03490",20140906,2014,9,6,11,17.6,24.4,1.4
"03490",20140907,2014,9,7,14.9,18,22.3,0
"03490",20140908,2014,9,8,12.5,16.9,23.1,0
"03490",20140909,2014,9,9,10,14.1,20.2,0
"03490",20140910,2014,9,10,11.8,14.2,17.2,0
"03490",20140911,2014,9,11,9.4,14.8,19.5,0
"03490",20140912,2014,9,12,7.8,14.5,21.1,0.1
"03490",20140913,2014,9,13,14,15.6,17.5,0
"03490",20140914,2014,9,14,12.1,15.6,21.4,0
"03490",20140915,2014,9,15,10.9,15.3,22.3,0
"03490",20140916,2014,9,16,10.9,16.3,24.4,0
"03490",20140917,2014,9,17,11.2,16.5,25.4,0.5
"03490",20140918,2014,9,18,11.7,17.7,25.3,0
"03490",20140919,2014,9,19,14.2,18.6,24.9,0
"03490",20140920,2014,9,20,12.9,17.2,23.7,20
"03490",20140921,2014,9,21,11.2,15.2,17.5,8
"03490",20140922,2014,9,22,8.7,12.1,15.7,2.3
"03490",20140923,2014,9,23,6.1,10.4,16.6,0
"03490",20140924,2014,9,24,5.5,11.4,17.5,0.5
"03490",20140925,2014,9,25,9.4,13.6,17.8,0
"03490",20140926,2014,9,26,9,14.7,19.2,0.3
"03490",20140927,2014,9,27,10.6,15.5,21.6,0
"03490",20140928,2014,9,28,9.3,14.4,23.1,0
"03490",20140929,2014,9,29,8.9,15.9,23.7,5.3
"03490",20140930,2014,9,30,12.3,16.1,22.2,0
"03490",20141001,2014,10,1,10.3,15.7,22.3,0
"03490",20141002,2014,10,2,9.7,14.9,22.3,0
"03490",20141003,2014,10,3,8,14,22.4,0
"03490",20141004,2014,10,4,7.4,13.1,21.5,0
"03490",20141005,2014,10,5,9.5,12.4,13.3,0.3
"03490",20141006,2014,10,6,9.5,13.9,18.8,3
"03490",20141007,2014,10,7,9.5,14.3,18.4,5.3
"03490",20141008,2014,10,8,7.8,13.8,18.2,8.5
"03490",20141009,2014,10,9,10.5,15,18,2.4
"03490",20141010,2014,10,10,10.2,14.2,18.5,0
"03490",20141011,2014,10,11,7.2,13.9,20.1,0
"03490",20141012,2014,10,12,5.9,11.7,17.3,2.6
"03490",20141013,2014,10,13,7.7,14.9,19.3,0
"03490",20141014,2014,10,14,7.3,11.9,19.2,0
"03490",20141015,2014,10,15,4.7,11.7,18.6,1.2
"03490",20141016,2014,10,16,9.3,13.2,18.4,5
"03490",20141017,2014,10,17,7.1,13.1,19.1,0
"03490",20141018,2014,10,18,6.5,13.3,22.8,0
"03490",20141019,2014,10,19,8.3,16.2,24.2,2.3
"03490",20141020,2014,10,20,9.5,14.1,18.1,0
"03490",20141021,2014,10,21,8,11.3,14.4,10.9
"03490",20141022,2014,10,22,6.2,8.6,11.2,3.7
"03490",20141023,2014,10,23,7.9,11,13.9,0
"03490",20141024,2014,10,24,9.6,11.6,15.1,3.8
"03490",20141025,2014,10,25,9.7,11.8,13.8,1.5
"03490",20141026,2014,10,26,5,10.6,16.9,0
"03490",20141027,2014,10,27,2.6,7.5,14.6,0
"03490",20141028,2014,10,28,1.1,6.1,10.7,0
"03490",20141029,2014,10,29,-0.6,6.7,12.6,2.3
"03490",20141030,2014,10,30,7.9,11.8,16.3,0
"03490",20141031,2014,10,31,6.6,11,17.8,0
"03490",20141101,2014,11,1,6,11,19.1,0
"03490",20141102,2014,11,2,7.1,12.7,18.2,0.9
"03490",20141103,2014,11,3,10.3,14.1,16.3,4.7
"03490",20141104,2014,11,4,8.9,10.6,13.6,18
"03490",20141105,2014,11,5,4.4,8.4,11.4,0
"03490",20141106,2014,11,6,0,5,11,0
"03490",20141107,2014,11,7,-1.3,5.2,10.5,0.1
"03490",20141108,2014,11,8,3.4,9.1,14.2,0
"03490",20141109,2014,11,9,2.1,6.7,10.7,1
"03490",20141110,2014,11,10,1.3,7.4,13.6,0
"03490",20141111,2014,11,11,1.9,8.7,12.6,0
"03490",20141112,2014,11,12,4.3,7.7,10.2,0.9
"03490",20141113,2014,11,13,3.8,8,13.1,0
"03490",20141114,2014,11,14,7.5,10.5,13.6,0.5
"03490",20141115,2014,11,15,7.8,9.6,11.8,8.9
"03490",20141116,2014,11,16,4.9,8,9.5,4.9
"03490",20141117,2014,11,17,3.6,7.7,11.8,0.3
"03490",20141118,2014,11,18,6.9,8.3,9.8,0.2
"03490",20141119,2014,11,19,3,7.5,11.3,0
"03490",20141120,2014,11,20,3.1,5.7,8.5,0
"03490",20141121,2014,11,21,0.3,5.3,9.6,0
"03490",20141122,2014,11,22,0.7,4.6,11.1,0
"03490",20141123,2014,11,23,2.1,6.7,11.9,0.1
"03490",20141124,2014,11,24,1.9,6.9,10.8,0.3
"03490",20141125,2014,11,25,-0.5,2.6,8.2,0
"03490",20141126,2014,11,26,4.2,5,5.6,1.6
"03490",20141127,2014,11,27,5.1,6,7.5,0.3
"03490",20141128,2014,11,28,4.8,5.8,6.9,0
"03490",20141129,2014,11,29,3.2,3.9,4.8,0
"03490",20141130,2014,11,30,2.8,3.5,4.8,0
"03490",20141201,2014,12,1,1.4,3,3.6,0.2
"03490",20141202,2014,12,2,1.1,1.7,2.4,0.7
"03490",20141203,2014,12,3,0.5,1.1,2,0.3
"03490",20141204,2014,12,4,0.8,1.8,2.8,0
"03490",20141205,2014,12,5,2,3.8,6.1,0
"03490",20141206,2014,12,6,2.2,4.4,5.8,0
"03490",20141207,2014,12,7,-0.5,3.6,5.7,1.2
"03490",20141208,2014,12,8,-0.8,2.8,5.7,4.9
"03490",20141209,2014,12,9,-1.5,2,4.6,0.5
"03490",20141210,2014,12,10,3.3,5.3,6.8,0.2
"03490",20141211,2014,12,11,2.7,5.9,7.5,3.6
"03490",20141212,2014,12,12,6.3,8.8,10.8,10.7
"03490",20141213,2014,12,13,1.3,3.2,6.7,10.6
"03490",20141214,2014,12,14,-2.6,1.1,5.4,0
"03490",20141215,2014,12,15,-2.8,3,5.5,0.7
"03490",20141216,2014,12,16,2.7,5.5,7.4,0.2
"03490",20141217,2014,12,17,2.3,6.4,9.2,2.4
"03490",20141218,2014,12,18,7.2,11.6,14.5,0
"03490",20141219,2014,12,19,5,10.2,13,6.5
"03490",20141220,2014,12,20,4.6,6.4,8.1,3.1
"03490",20141221,2014,12,21,4,6.9,8.3,0
"03490",20141222,2014,12,22,8,9.4,11.7,0
"03490",20141223,2014,12,23,9.2,11.3,12.2,0
"03490",20141224,2014,12,24,6.3,8.7,10.6,3.9
"03490",20141225,2014,12,25,1.8,4.9,7.2,5.6
"03490",20141226,2014,12,26,-0.3,3,5.3,3
"03490",20141227,2014,12,27,-1.2,1.3,3.5,3.2
"03490",20141228,2014,12,28,-5.9,-3.5,-1.1,0.8
"03490",20141229,2014,12,29,-4.8,0.7,2.8,1.5
"03490",20141230,2014,12,30,0,3.5,5.4,0
"03490",20141231,2014,12,31,1.1,4.2,5.8,0.2
"03490",20150101,2015,1,1,-1.7,0.8,4.8,0.1
"03490",20150102,2015,1,2,3.5,5.4,7.4,0.4
"03490",20150103,2015,1,3,0.2,2.7,4.6,12.3
"03490",20150104,2015,1,4,0.2,3.4,5.9,0.1
"03490",20150105,2015,1,5,-4.4,-1.5,3.1,0
"03490",20150106,2015,1,6,-5.3,-2.1,1.5,0.3
"03490",20150107,2015,1,7,0.4,2.8,6.2,2.8
"03490",20150108,2015,1,8,2.1,6.8,10.1,8.6
"03490",20150109,2015,1,9,5.6,9.8,15.8,9.1
"03490",20150110,2015,1,10,4.4,12.5,15.6,2.8
"03490",20150111,2015,1,11,3.7,5.1,6.1,1
"03490",20150112,2015,1,12,5,7.1,8.9,0
"03490",20150113,2015,1,13,6.1,9.7,12.7,7.5
"03490",20150114,2015,1,14,2.2,5.4,8.7,1.8
"03490",20150115,2015,1,15,6,9.4,11.8,1
"03490",20150116,2015,1,16,2.6,6,8.1,0
"03490",20150117,2015,1,17,-2.9,2.6,6,0
"03490",20150118,2015,1,18,-4.5,1,6,0
"03490",20150119,2015,1,19,-5.2,-1.5,3.3,0.5
"03490",20150120,2015,1,20,-3.4,0.3,2.3,0.7
"03490",20150121,2015,1,21,-5.9,-1,1.7,0
"03490",20150122,2015,1,22,0.3,1,1.7,0
"03490",20150123,2015,1,23,-3.2,0.5,1.2,0
"03490",20150124,2015,1,24,-4.8,0.2,3.4,7.5
"03490",20150125,2015,1,25,0.6,2.6,5.1,3.7
"03490",20150126,2015,1,26,1.4,3.8,6.2,6.1
"03490",20150127,2015,1,27,2.2,4.4,5.6,1.8
"03490",20150128,2015,1,28,0.8,4.3,6.5,4.1
"03490",20150129,2015,1,29,1.3,3.3,5.4,3.8
"03490",20150130,2015,1,30,0.5,2.2,4.7,0.1
"03490",20150131,2015,1,31,-2.8,2,5.1,0
"03490",20150201,2015,2,1,-1.5,1.3,4.8,3.8
"03490",20150202,2015,2,2,1,2.2,3.9,0.4
"03490",20150203,2015,2,3,-0.3,1.2,3.1,1.3
"03490",20150204,2015,2,4,-2.8,-0.5,2.3,0
"03490",20150205,2015,2,5,-3.4,-1.3,0.2,0
"03490",20150206,2015,2,6,-5.8,-0.7,3.8,0
"03490",20150207,2015,2,7,-6,-0.8,3.9,0.8
"03490",20150208,2015,2,8,0.9,3.3,4.3,0.4
"03490",20150209,2015,2,9,3.3,4.5,5.5,1.6
"03490",20150210,2015,2,10,3.8,4.9,5.7,0.1
"03490",20150211,2015,2,11,-1.9,3,6.1,0
"03490",20150212,2015,2,12,-3.2,1,6.7,0
"03490",20150213,2015,2,13,-4.1,1.2,9.7,0
"03490",20150214,2015,2,14,-0.4,4.1,9.3,0
"03490",20150215,2015,2,15,-3,2,10.3,0
"03490",20150216,2015,2,16,-3.3,1.2,6.4,0
"03490",20150217,2015,2,17,-0.3,2.9,5.3,0.7
"03490",20150218,2015,2,18,-2.3,3.7,5.8,0
"03490",20150219,2015,2,19,-4,0.3,5,0
"03490",20150220,2015,2,20,1.7,7,10.3,0.2
"03490",20150221,2015,2,21,0.5,4.7,8.1,1.4
"03490",20150222,2015,2,22,-0.2,3.9,8.8,4.6
"03490",20150223,2015,2,23,1.2,4.3,7.2,7.5
"03490",20150224,2015,2,24,1.7,5.2,8,0.1
"03490",20150225,2015,2,25,-1.2,3.8,8.3,4.7
"03490",20150226,2015,2,26,1.9,5.8,9.5,9.9
"03490",20150227,2015,2,27,0.8,4.7,6.3,3.8
"03490",20150228,2015,2,28,-3,3.2,8.8,0.3
"03490",20150301,2015,3,1,4.8,8.4,12.9,3
"03490",20150302,2015,3,2,1.3,5.6,9.8,4.2
"03490",20150303,2015,3,3,2.5,5.3,10.7,5.4
"03490",20150304,2015,3,4,0.3,4.5,7.8,0.1
"03490",20150305,2015,3,5,3,5.2,8.4,0
"03490",20150306,2015,3,6,-1.6,4.5,10.9,0
"03490",20150307,2015,3,7,-2.7,4.3,14.9,0
"03490",20150308,2015,3,8,-1.9,6.6,18.3,0
"03490",20150309,2015,3,9,4.9,7.9,14.8,0.1
"03490",20150310,2015,3,10,3.5,6.4,11.1,0.8
"03490",20150311,2015,3,11,0.4,4.5,11,0
"03490",20150312,2015,3,12,-1.9,4,12.6,0
"03490",20150313,2015,3,13,-3.1,3.4,7.7,0
"03490",20150314,2015,3,14,-1.4,3.8,7.1,1.5
"03490",20150315,2015,3,15,-0.6,3.8,6.7,0.9
"03490",20150316,2015,3,16,-0.8,4.2,11.7,0
"03490",20150317,2015,3,17,0.8,8.2,18.3,0
"03490",20150318,2015,3,18,3.1,9.7,16.8,0
"03490",20150319,2015,3,19,5.7,6.5,7.5,0.1
"03490",20150320,2015,3,20,3.2,6.7,11.3,0
"03490",20150321,2015,3,21,4.3,5.6,7.5,1.4
"03490",20150322,2015,3,22,-2.2,4.5,8.1,0
"03490",20150323,2015,3,23,-3.5,4.1,12.3,0
"03490",20150324,2015,3,24,2.9,7.4,12.9,0
"03490",20150325,2015,3,25,2.7,6,7.8,0.1
"03490",20150326,2015,3,26,5,6.9,12,0.1
"03490",20150327,2015,3,27,3.9,7.6,10.9,0
"03490",20150328,2015,3,28,3.1,8.8,12.6,1.7
"03490",20150329,2015,3,29,8,11.5,13.5,6.7
"03490",20150330,2015,3,30,2.9,7.6,10.2,0.8
"03490",20150331,2015,3,31,2.8,9.9,13.8,10.2
"03490",20150401,2015,4,1,2.7,6.4,8.8,2.3
"03490",20150402,2015,4,2,0.5,5.8,9,2.9
"03490",20150403,2015,4,3,-0.3,6.5,11.6,0.2
"03490",20150404,2015,4,4,0.1,5.3,9.1,4
"03490",20150405,2015,4,5,0.4,5.1,10.6,0
"03490",20150406,2015,4,6,1.2,4.8,9.4,0
"03490",20150407,2015,4,7,-0.1,6.6,13.8,0
"03490",20150408,2015,4,8,2,7.7,14,0
"03490",20150409,2015,4,9,2.9,11.7,21.4,0
"03490",20150410,2015,4,10,5.4,14.8,24.4,0
"03490",20150411,2015,4,11,6.3,12.3,16.5,2.3
"03490",20150412,2015,4,12,2.7,11.3,18.7,0
"03490",20150413,2015,4,13,5.5,10.5,14,0
"03490",20150414,2015,4,14,2.8,13.9,23.7,0
"03490",20150415,2015,4,15,8.1,17.1,26.7,0
"03490",20150416,2015,4,16,7.9,14.3,21.1,1
"03490",20150417,2015,4,17,2.6,9.5,15.2,0
"03490",20150418,2015,4,18,1.3,8.1,15.1,0
"03490",20150419,2015,4,19,1.1,9,17.1,0
"03490",20150420,2015,4,20,3,11.6,20.4,0
"03490",20150421,2015,4,21,4.9,13.3,21.8,0
"03490",20150422,2015,4,22,5,9.2,14.5,0
"03490",20150423,2015,4,23,2.5,10.5,19.1,0
"03490",20150424,2015,4,24,1.7,13.5,24,0
"03490",20150425,2015,4,25,7.8,12.3,18.3,1.3
"03490",20150426,2015,4,26,8.7,14.1,20.8,15
"03490",20150427,2015,4,27,6.4,9.1,12,2
"03490",20150428,2015,4,28,2.4,8.1,13.7,0.1
"03490",20150429,2015,4,29,-1,8.7,15.5,0
"03490",20150430,2015,4,30,4.8,9.3,12.4,7.3
"03490",20150501,2015,5,1,1.5,7.6,13.6,0
"03490",20150502,2015,5,2,2.4,10,17.1,0
"03490",20150503,2015,5,3,7.7,13.5,18,3.7
"03490",20150504,2015,5,4,9.3,16.5,22.4,0.4
"03490",20150505,2015,5,5,7.9,17.8,24.1,0
"03490",20150506,2015,5,6,6,12.5,18.6,0.9
"03490",20150507,2015,5,7,6,12.3,18.6,0
"03490",20150508,2015,5,8,8,14.1,21.4,0
"03490",20150509,2015,5,9,9.3,15.1,22.5,0.8
"03490",20150510,2015,5,10,8.2,14.6,21.3,0
"03490",20150511,2015,5,11,6.9,17.3,27.7,0
"03490",20150512,2015,5,12,7,17.5,27.7,0
"03490",20150513,2015,5,13,5.7,15.1,22.8,0
"03490",20150514,2015,5,14,6.3,13,19.8,1.8
"03490",20150515,2015,5,15,6.8,13.3,19.4,0
"03490",20150516,2015,5,16,5.5,11.6,15.7,0.4
"03490",20150517,2015,5,17,5.8,13,19.2,0
"03490",20150518,2015,5,18,6.8,15.4,22.8,0.5
"03490",20150519,2015,5,19,6.8,12,17.6,0
"03490",20150520,2015,5,20,5.6,10.3,15.3,3
"03490",20150521,2015,5,21,4.9,11.7,18.6,0
"03490",20150522,2015,5,22,9.9,15.2,21.4,0
"03490",20150523,2015,5,23,8,14.9,21.3,0
"03490",20150524,2015,5,24,12.1,15.9,21.5,0
"03490",20150525,2015,5,25,9.2,12.8,17.5,4.3
"03490",20150526,2015,5,26,5,11.4,15,0
"03490",20150527,2015,5,27,6,12.5,18.4,0
"03490",20150528,2015,5,28,8.5,15.1,21,0
"03490",20150529,2015,5,29,6.8,13.1,17.5,3.6
"03490",20150530,2015,5,30,4.4,11.1,17,0
"03490",20150531,2015,5,31,4.1,14.5,20.8,4.1
"03490",20150601,2015,6,1,7.5,14,18.9,0.4
"03490",20150602,2015,6,2,9.4,18.2,25.4,0.1
"03490",20150603,2015,6,3,11.6,17,22.4,0
"03490",20150604,2015,6,4,9.5,17.6,26.3,0
"03490",20150605,2015,6,5,9.4,23,34.5,19.3
"03490",20150606,2015,6,6,11.6,17.9,22,0
"03490",20150607,2015,6,7,9.4,16.3,22.5,0
"03490",20150608,2015,6,8,9.9,14.9,20.4,0
"03490",20150609,2015,6,9,7.2,13.6,19.8,0
"03490",20150610,2015,6,10,8.2,16.3,23.8,0
"03490",20150611,2015,6,11,10.2,18.5,25.4,0
"03490",20150612,2015,6,12,9.2,20.1,31.3,1.3
"03490",20150613,2015,6,13,13,18.5,25.3,5.6
"03490",20150614,2015,6,14,11.1,18.2,25.1,0
"03490",20150615,2015,6,15,10,15.4,20.2,0
"03490",20150616,2015,6,16,7.7,13.5,18.5,0
"03490",20150617,2015,6,17,6.3,15.6,24.2,7.8
"03490",20150618,2015,6,18,11.2,16.7,21.7,0.9
"03490",20150619,2015,6,19,10,12.4,16.4,2.1
"03490",20150620,2015,6,20,9.8,12.4,15.9,0.8
"03490",20150621,2015,6,21,9.3,15.6,22.2,5.5
"03490",20150622,2015,6,22,9.5,12.4,14.1,22.4
"03490",20150623,2015,6,23,7.8,12,17.8,9
"03490",20150624,2015,6,24,11.2,14.4,20.1,0
"03490",20150625,2015,6,25,9.5,18.2,26,0
"03490",20150626,2015,6,26,12.7,20.4,27,1.4
"03490",20150627,2015,6,27,12.3,19.2,24,0
"03490",20150628,2015,6,28,10.2,18.4,24.9,0
"03490",20150629,2015,6,29,14.1,20.6,26.4,0
"03490",20150630,2015,6,30,12.8,21.1,30,0
"03490",20150701,2015,7,1,12.7,24,34.2,0
"03490",20150702,2015,7,2,16,27.6,37,0
"03490",20150703,2015,7,3,20.8,26.6,33.9,0
"03490",20150704,2015,7,4,19.8,28.6,37.3,0
"03490",20150705,2015,7,5,16.4,25.5,37.1,0.1
"03490",20150706,2015,7,6,13.4,20.7,28,0
"03490",20150707,2015,7,7,11.2,22.4,33.8,0.7
"03490",20150708,2015,7,8,13.7,17.2,21.5,1.7
"03490",20150709,2015,7,9,7.4,14.9,19.2,0.5
"03490",20150710,2015,7,10,7.1,15.9,25,0
"03490",20150711,2015,7,11,8.6,21.2,31.8,0
"03490",20150712,2015,7,12,13.5,17.7,24.8,1.1
"03490",20150713,2015,7,13,11.2,17,19.7,1.4
"03490",20150714,2015,7,14,17.9,20.6,23.8,0
"03490",20150715,2015,7,15,14.5,20.9,28,0.5
"03490",20150716,2015,7,16,17.6,23.6,31.5,0
"03490",20150717,2015,7,17,18,28.6,36.7,0
"03490",20150718,2015,7,18,15.1,22.1,26.9,15.9
"03490",20150719,2015,7,19,14.2,19.2,24.6,1.4
"03490",20150720,2015,7,20,14,20.4,26.7,0.3
"03490",20150721,2015,7,21,17.9,23.3,31.1,0
"03490",20150722,2015,7,22,13.9,22.2,28.6,0
"03490",20150723,2015,7,23,13.3,19,24.9,0
"03490",20150724,2015,7,24,12.6,20.9,30,4.2
"03490",20150725,2015,7,25,10,16.6,20.9,2.5
"03490",20150726,2015,7,26,8.9,15.8,23.6,4.4
"03490",20150727,2015,7,27,13,17.2,22,3.4
"03490",20150728,2015,7,28,10.7,16.1,21.7,0
"03490",20150729,2015,7,29,7.9,15,21.7,0
"03490",20150730,2015,7,30,7.6,13.6,18.1,5.3
"03490",20150731,2015,7,31,9.9,14.8,21.5,0
"03490",20150801,2015,8,1,10.1,18.1,26.9,0
"03490",20150802,2015,8,2,11.4,19.9,29.3,0
"03490",20150803,2015,8,3,11.6,23.1,34.4,0
"03490",20150804,2015,8,4,11.7,17.4,24.2,8.5
"03490",20150805,2015,8,5,10.5,18.5,27.9,0
"03490",20150806,2015,8,6,12,23.7,35.2,0
"03490",20150807,2015,8,7,16.9,25.4,32.9,6.6
"03490",20150808,2015,8,8,17.8,20.7,23.6,0
"03490",20150809,2015,8,9,15.7,20.4,25.9,7.8
"03490",20150810,2015,8,10,15.5,17.4,19.9,50.6
"03490",20150811,2015,8,11,15,20.6,26.4,0
"03490",20150812,2015,8,12,17.5,22,28.2,0
"03490",20150813,2015,8,13,17.3,24,33.2,0.3
"03490",20150814,2015,8,14,16.5,22.4,28.2,0
"03490",20150815,2015,8,15,14.9,20,25,1.4
"03490",20150816,2015,8,16,13.6,14.8,16.2,10.3
"03490",20150817,2015,8,17,13,14,15,2.7
"03490",20150818,2015,8,18,10.8,15.3,19,0
"03490",20150819,2015,8,19,9.3,15.3,22,0
"03490",20150820,2015,8,20,11.4,17.3,25.7,0
"03490",20150821,2015,8,21,11.2,18.1,26.9,0
"03490",20150822,2015,8,22,9.6,18.2,27.6,0
"03490",20150823,2015,8,23,8.1,18.6,28,3.3
"03490",20150824,2015,8,24,15,18.7,23.8,6.8
"03490",20150825,2015,8,25,13.9,17.5,21.2,0
"03490",20150826,2015,8,26,11.6,20.9,27.8,0
"03490",20150827,2015,8,27,13.1,17.9,24.5,24.7
"03490",20150828,2015,8,28,12.7,16,22.5,0
"03490",20150829,2015,8,29,11.3,19.1,27.6,0
"03490",20150830,2015,8,30,14.7,23.9,33.7,0
"03490",20150831,2015,8,31,14.9,23.5,32.6,4.2
"03490",20150901,2015,9,1,13,16.3,19.3,40.8
"03490",20150902,2015,9,2,10.7,15,20.6,0.4
"03490",20150903,2015,9,3,9.8,14.4,20.9,0
"03490",20150904,2015,9,4,9.5,13.6,18.4,0
"03490",20150905,2015,9,5,10.6,13.5,18.3,3.5
"03490",20150906,2015,9,6,9.9,12.8,16.9,0.9
"03490",20150907,2015,9,7,11.3,13.7,16.3,0.2
"03490",20150908,2015,9,8,12.8,14.2,16.4,0.2
"03490",20150909,2015,9,9,5.5,14.2,21.2,0
"03490",20150910,2015,9,10,4.3,11.7,20.2,0
"03490",20150911,2015,9,11,5.6,12.4,21.7,0.1
"03490",20150912,2015,9,12,8.9,15.5,25.5,5.8
"03490",20150913,2015,9,13,12.2,16.3,19.6,1.4
"03490",20150914,2015,9,14,9.3,16.7,21.4,1.1
"03490",20150915,2015,9,15,7.9,12.7,18.2,4.6
"03490",20150916,2015,9,16,11.4,15.7,19.7,6.6
"03490",20150917,2015,9,17,8.9,15.3,17.6,1.7
"03490",20150918,2015,9,18,10.4,14.7,20.1,0.6
"03490",20150919,2015,9,19,8.3,14.1,19.5,0.1
"03490",20150920,2015,9,20,9.4,13.3,19.2,0
"03490",20150921,2015,9,21,8,12.9,19.5,0.1
"03490",20150922,2015,9,22,8.7,12.9,17.7,5.7
"03490",20150923,2015,9,23,9.5,12.2,15.2,4.8
"03490",20150924,2015,9,24,6.2,13.4,19.5,0
"03490",20150925,2015,9,25,7.1,13.4,18.7,0
"03490",20150926,2015,9,26,7.5,11.3,16.2,0
"03490",20150927,2015,9,27,5.4,10.5,18.6,0
"03490",20150928,2015,9,28,4.2,9.6,18.3,0
"03490",20150929,2015,9,29,3.7,9.6,18.1,0
"03490",20150930,2015,9,30,3.2,9.4,17.6,0
"03490",20151001,2015,10,1,2.4,8.4,17.1,0
"03490",20151002,2015,10,2,2.3,9.5,19.8,0
"03490",20151003,2015,10,3,4.7,12.2,22,0.3
"03490",20151004,2015,10,4,5.8,11.7,18.8,0
"03490",20151005,2015,10,5,5.8,12,17,3.5
"03490",20151006,2015,10,6,11.4,15.8,21.3,4.2
"03490",20151007,2015,10,7,9.8,14.3,19.1,0
"03490",20151008,2015,10,8,9.9,13,15.2,0
"03490",20151009,2015,10,9,11.3,12.2,14.7,0.8
"03490",20151010,2015,10,10,2.5,11.1,15.6,0
"03490",20151011,2015,10,11,-0.1,6.5,15,0
"03490",20151012,2015,10,12,-1.3,4.3,11.9,0
"03490",20151013,2015,10,13,-2.2,3.5,9.9,4.6
"03490",20151014,2015,10,14,1.8,3.6,4.9,0.9
"03490",20151015,2015,10,15,2.6,4,5.4,12.7
"03490",20151016,2015,10,16,4.3,6.3,8.5,0.1
"03490",20151017,2015,10,17,4.7,6.2,8.3,0
"03490",20151018,2015,10,18,4.7,7.2,11.6,0.2
"03490",20151019,2015,10,19,6.7,8.6,10.6,0
"03490",20151020,2015,10,20,7.2,9.5,11.3,0.2
"03490",20151021,2015,10,21,7.7,10.4,14,0
"03490",20151022,2015,10,22,10.1,12.1,15.6,0
"03490",20151023,2015,10,23,6.2,11.1,15.4,0
"03490",20151024,2015,10,24,7.5,10.4,14.3,0
"03490",20151025,2015,10,25,9,11.1,13.4,0
"03490",20151026,2015,10,26,3.9,9.3,17.1,0
"03490",20151027,2015,10,27,2.9,7.9,14.3,0
"03490",20151028,2015,10,28,1.5,7.8,12.3,0
"03490",20151029,2015,10,29,4.4,10.3,17.5,0
"03490",20151030,2015,10,30,1.8,7.3,12.4,0
"03490",20151031,2015,10,31,2.3,8.3,12.4,0
"03490",20151101,2015,11,1,1.4,5.9,13.6,0
"03490",20151102,2015,11,2,0.2,5.5,14.4,0
"03490",20151103,2015,11,3,1.4,4.9,10.6,0
"03490",20151104,2015,11,4,0.4,8.4,17.4,0
"03490",20151105,2015,11,5,4.8,10.8,16.3,0.8
"03490",20151106,2015,11,6,9.2,14.2,17.8,1.4
"03490",20151107,2015,11,7,12.4,17,19.6,0
"03490",20151108,2015,11,8,7.6,13.6,20,0.1
"03490",20151109,2015,11,9,14.2,16.2,18.6,0.1
"03490",20151110,2015,11,10,12.9,14.4,15.4,0
"03490",20151111,2015,11,11,7.3,11.6,13.7,0.1
"03490",20151112,2015,11,12,7.7,11.4,16.2,0
"03490",20151113,2015,11,13,8.6,11.6,14.3,3.3
"03490",20151114,2015,11,14,7.1,9.2,11.1,0.6
"03490",20151115,2015,11,15,9.5,13.7,17.3,0
"03490",20151116,2015,11,16,6.6,11.2,14,1.8
"03490",20151117,2015,11,17,12.4,14.8,16.8,1.1
"03490",20151118,2015,11,18,12.3,14,16.2,0.6
"03490",20151119,2015,11,19,8.5,11.9,15.1,13.5
"03490",20151120,2015,11,20,3.4,7.6,10.5,2.8
"03490",20151121,2015,11,21,0.2,4,6.1,1.8
"03490",20151122,2015,11,22,0.4,3,5.7,4.9
"03490",20151123,2015,11,23,-0.9,2.2,5.9,0
"03490",20151124,2015,11,24,-2,1.7,3.8,3.2
"03490",20151125,2015,11,25,3.3,5.3,7.5,1.8
"03490",20151126,2015,11,26,0.9,4.3,6.8,0
"03490",20151127,2015,11,27,-2.7,0.5,5.4,0.3
"03490",20151128,2015,11,28,1.6,5.2,7.1,4.2
"03490",20151129,2015,11,29,5.9,9.3,11.7,4.2
"03490",20151130,2015,11,30,7.3,10.2,12.2,4.8
"03490",20151201,2015,12,1,8.9,10.9,13,3.5
"03490",20151202,2015,12,2,5.1,9.1,11.2,0
"03490",20151203,2015,12,3,2.8,7.1,11.8,0
"03490",20151204,2015,12,4,3.3,7.8,12.1,0.5
"03490",20151205,2015,12,5,-0.5,4.7,9,0
"03490",20151206,2015,12,6,-0.2,8.6,12.1,0
"03490",20151207,2015,12,7,2.8,9,14.8,0
"03490",20151208,2015,12,8,1.3,7.5,12.8,6.2
"03490",20151209,2015,12,9,1.1,6.9,10.7,0
"03490",20151210,2015,12,10,-2.8,1,7.4,0
"03490",20151211,2015,12,11,-0.3,5.9,9.1,7.3
"03490",20151212,2015,12,12,5.8,8.1,11.3,0
"03490",20151213,2015,12,13,6.5,8.1,10.6,1.9
"03490",20151214,2015,12,14,0.5,5.3,9.1,0
"03490",20151215,2015,12,15,1,4.9,9,3.5
"03490",20151216,2015,12,16,6.2,9.8,12.8,1.6
"03490",20151217,2015,12,17,8.9,13.6,16.3,1.1
"03490",20151218,2015,12,18,5.8,11.2,14.2,0
"03490",20151219,2015,12,19,5.2,9.8,14.7,0
"03490",20151220,2015,12,20,4.7,9.8,13.8,1
"03490",20151221,2015,12,21,9.7,11.2,12.8,0.9
"03490",20151222,2015,12,22,11.1,12.3,13.2,0.1
"03490",20151223,2015,12,23,2.3,10.3,13.7,0
"03490",20151224,2015,12,24,1.2,10.4,14.6,3.3
"03490",20151225,2015,12,25,6.3,10.7,13.9,0
"03490",20151226,2015,12,26,9.4,12.6,15.4,0
"03490",20151227,2015,12,27,3.8,10.8,13.8,0
"03490",20151228,2015,12,28,0.1,4.4,9.5,0
"03490",20151229,2015,12,29,-0.7,4.9,10,0
"03490",20151230,2015,12,30,0,4.5,8.6,0
"03490",20151231,2015,12,31,-1.5,5.2,11.9,0.4
"03490",20160101,2016,1,1,-2,3.7,7,0
"03490",20160102,2016,1,2,3.8,4.6,5.9,2.1
"03490",20160103,2016,1,3,4,5.9,8.2,5.9
"03490",20160104,2016,1,4,2.3,4.9,8,0.4
"03490",20160105,2016,1,5,2.9,5.8,9.6,1.1
"03490",20160106,2016,1,6,2.2,5.1,7.6,0.1
"03490",20160107,2016,1,7,1.4,5.1,8.1,2.4
"03490",20160108,2016,1,8,-2.5,3.4,8,0
"03490",20160109,2016,1,9,-3.6,1.4,7.8,0.3
"03490",20160110,2016,1,10,3,6.7,9.7,2.9
"03490",20160111,2016,1,11,-0.5,4.7,7.6,2.5
"03490",20160112,2016,1,12,3.3,5.8,8.5,2.7
"03490",20160113,2016,1,13,2.1,4.7,6.5,4.3
"03490",20160114,2016,1,14,-0.8,3,5.6,2.7
"03490",20160115,2016,1,15,1.5,2.6,3.5,2.4
"03490",20160116,2016,1,16,1.2,2.1,4.3,1.5
"03490",20160117,2016,1,17,-4,-0.1,1.8,1.1
"03490",20160118,2016,1,18,-8.1,-4.9,-0.3,0
"03490",20160119,2016,1,19,-9.4,-6.9,-1.2,0
"03490",20160120,2016,1,20,-6.3,-1.8,1.1,0.2
"03490",20160121,2016,1,21,-4.9,0,3.2,0
"03490",20160122,2016,1,22,-7,-1.9,3.6,3.7
"03490",20160123,2016,1,23,-0.9,4.6,8.4,0
"03490",20160124,2016,1,24,-1.2,4.1,8.9,0.3
"03490",20160125,2016,1,25,4.6,9.6,15.2,0
"03490",20160126,2016,1,26,6.2,10.5,12.6,0
"03490",20160127,2016,1,27,10,11.6,13.1,1.5
"03490",20160128,2016,1,28,-1.7,6.7,10.6,0
"03490",20160129,2016,1,29,-1.8,6.1,9.9,0
"03490",20160130,2016,1,30,0.4,7.2,9.8,6.6
"03490",20160131,2016,1,31,3,6.9,12.4,1.8
"03490",20160201,2016,2,1,11.3,12.5,13.7,0
"03490",20160202,2016,2,2,6.1,10.4,13,4.5
"03490",20160203,2016,2,3,1.8,4.2,6.9,1.6
"03490",20160204,2016,2,4,3,5.1,8.1,4.7
"03490",20160205,2016,2,5,3.4,7.7,10.8,0
"03490",20160206,2016,2,6,3.6,9.2,12.2,0.1
"03490",20160207,2016,2,7,7.2,9.7,12,0
"03490",20160208,2016,2,8,7.5,8.5,10.1,3.3
"03490",20160209,2016,2,9,3,7.3,11.9,8.3
"03490",20160210,2016,2,10,2.7,4.6,6.5,2
"03490",20160211,2016,2,11,3.7,5.1,8.9,0.6
"03490",20160212,2016,2,12,-2.6,2.3,5.3,0
"03490",20160213,2016,2,13,-4.3,0.8,4.1,4.1
"03490",20160214,2016,2,14,2.2,4,5.9,0.9
"03490",20160215,2016,2,15,-0.1,1.1,2.4,4.1
"03490",20160216,2016,2,16,-5,-0.6,4.2,0
"03490",20160217,2016,2,17,-5.8,-1,4.3,0.1
"03490",20160218,2016,2,18,-2.5,1.4,5.6,0
"03490",20160219,2016,2,19,-2.2,0.7,5.5,1.5
"03490",20160220,2016,2,20,4.7,7.7,12.6,2.7
"03490",20160221,2016,2,21,11.4,12.5,14.8,0
"03490",20160222,2016,2,22,1.5,9.1,13.1,16.1
"03490",20160223,2016,2,23,1.7,3.2,6.7,5
"03490",20160224,2016,2,24,-1.1,2.9,7.8,0
"03490",20160225,2016,2,25,-2.6,1.3,5.8,0
"03490",20160226,2016,2,26,-1.2,1.5,4.3,0
"03490",20160227,2016,2,27,-2.8,1.6,8.3,0
"03490",20160228,2016,2,28,-4.1,1.1,6.4,0
"03490",20160229,2016,2,29,-2.5,2.1,7.8,0
"03490",20160301,2016,3,1,-4.8,1.6,7.9,1.4
"03490",20160302,2016,3,2,2.1,6.8,9.7,1.3
"03490",20160303,2016,3,3,-1.3,3.1,6.1,1.2
"03490",20160304,2016,3,4,-2.6,1.5,4.2,5.3
"03490",20160305,2016,3,5,1.8,3.5,6.3,0.3
"03490",20160306,2016,3,6,0.5,2.5,4.9,5
"03490",20160307,2016,3,7,-0.2,1.8,5.8,0.7
"03490",20160308,2016,3,8,-2.1,2,7.8,0
"03490",20160309,2016,3,9,-2.7,2.9,8.5,0
"03490",20160310,2016,3,10,-3.5,2.8,10.3,0
"03490",20160311,2016,3,11,0,3.8,9.7,0
"03490",20160312,2016,3,12,-1.9,2.5,5.6,0
"03490",20160313,2016,3,13,-1.7,4.1,10,0
"03490",20160314,2016,3,14,-2,3.6,11.1,0
"03490",20160315,2016,3,15,-1.4,3.5,7.6,0
"03490",20160316,2016,3,16,-2.3,4.2,7.8,0
"03490",20160317,2016,3,17,-2.8,4.2,12.5,0
"03490",20160318,2016,3,18,-0.8,3.2,8.7,0.5
"03490",20160319,2016,3,19,3.8,5,6,0
"03490",20160320,2016,3,20,4.2,5.5,8.7,1.1
"03490",20160321,2016,3,21,4.8,6.8,8.7,2.1
"03490",20160322,2016,3,22,2.2,7.4,11.7,0.9
"03490",20160323,2016,3,23,6,7.3,9.5,0.2
"03490",20160324,2016,3,24,5.3,7.3,9.6,1.2
"03490",20160325,2016,3,25,5.1,7.2,8.7,4.3
"03490",20160326,2016,3,26,1,8.4,15.7,0.1
"03490",20160327,2016,3,27,3.7,9.8,13.3,2.2
"03490",20160328,2016,3,28,3.6,8.5,13.3,6.5
"03490",20160329,2016,3,29,4.4,9,13.3,0.6
"03490",20160330,2016,3,30,6.5,10,13.4,1.7
"03490",20160331,2016,3,31,4.5,6.1,7.4,26.6
"03490",20160401,2016,4,1,4,7.4,13,0
"03490",20160402,2016,4,2,1.2,9.4,15.8,0
"03490",20160403,2016,4,3,9,14.8,21,0.1
"03490",20160404,2016,4,4,8.7,13.6,18,0
"03490",20160405,2016,4,5,5.2,10.3,15.1,3
"03490",20160406,2016,4,6,4.6,10.9,16.3,0.7
"03490",20160407,2016,4,7,5.3,8.5,13,0
"03490",20160408,2016,4,8,-0.2,6.5,12.7,0
"03490",20160409,2016,4,9,1.1,8.6,16.1,0
"03490",20160410,2016,4,10,4.1,11.3,18.5,0
"03490",20160411,2016,4,11,6.5,13.1,19.9,0
"03490",20160412,2016,4,12,6.2,12.1,19.9,0.1
"03490",20160413,2016,4,13,4.7,9.2,13.9,0.1
"03490",20160414,2016,4,14,4.8,10.9,17.8,2
"03490",20160415,2016,4,15,8.2,12.9,17.8,0.1
"03490",20160416,2016,4,16,7.6,11.7,16.2,2.3
"03490",20160417,2016,4,17,3.1,7.1,11.9,0
"03490",20160418,2016,4,18,0.4,7.6,14.1,0
"03490",20160419,2016,4,19,6.8,10,14,0
"03490",20160420,2016,4,20,1.7,8.9,16.4,0
"03490",20160421,2016,4,21,1.7,12,21.9,0
"03490",20160422,2016,4,22,6.2,12.1,17.7,3.7
"03490",20160423,2016,4,23,3.7,7,10.3,1.1
"03490",20160424,2016,4,24,2.5,4.7,9.3,1.9
"03490",20160425,2016,4,25,2.1,4.7,8.1,9.9
"03490",20160426,2016,4,26,1.4,4.2,8,0.7
"03490",20160427,2016,4,27,3,5.3,9.1,0.5
"03490",20160428,2016,4,28,1.5,6.3,12.3,0.1
"03490",20160429,2016,4,29,-0.6,7.6,14,0
"03490",20160430,2016,4,30,4,7.1,9.7,13.3
"03490",20160501,2016,5,1,5.9,9.5,15.4,0
"03490",20160502,2016,5,2,3.8,12.4,20.7,0.6
"03490",20160503,2016,5,3,5.4,11.1,15.3,0.2
"03490",20160504,2016,5,4,2.3,9.2,16.6,0
"03490",20160505,2016,5,5,0.8,11.3,20.4,0
"03490",20160506,2016,5,6,4.4,15,25.4,0
"03490",20160507,2016,5,7,6.9,16.8,26.3,0
"03490",20160508,2016,5,8,6.7,17.2,25.8,0
"03490",20160509,2016,5,9,7.4,17.5,25.8,0
"03490",20160510,2016,5,10,11.3,16.6,20.6,0.3
"03490",20160511,2016,5,11,9.3,17.4,25.2,0
"03490",20160512,2016,5,12,11.4,16.7,23,0.1
"03490",20160513,2016,5,13,10.5,16.1,23.7,1
"03490",20160514,2016,5,14,6.4,10,13.5,0
"03490",20160515,2016,5,15,5.7,9,13.3,0.4
"03490",20160516,2016,5,16,7,10,14.8,0.2
"03490",20160517,2016,5,17,8.6,13.4,18.3,0
"03490",20160518,2016,5,18,10.1,14.8,19.6,1.5
"03490",20160519,2016,5,19,10.3,14.2,20.2,0
"03490",20160520,2016,5,20,9.4,15,19.5,0
"03490",20160521,2016,5,21,12.4,18.2,24.7,0
"03490",20160522,2016,5,22,10.9,17.6,23.7,2.5
"03490",20160523,2016,5,23,10.1,12.9,15.5,7.7
"03490",20160524,2016,5,24,9.4,10.7,12.5,0.7
"03490",20160525,2016,5,25,9.1,12.6,16.4,0
"03490",20160526,2016,5,26,6.2,15.8,23.8,0.9
"03490",20160527,2016,5,27,13.1,17.1,23.6,3.2
"03490",20160528,2016,5,28,11.8,16.6,23.6,5.2
"03490",20160529,2016,5,29,13.1,17.7,23.2,24.3
"03490",20160530,2016,5,30,15.1,16.9,20.6,12
"03490",20160531,2016,5,31,14.3,16.5,20,0.1
"03490",20160601,2016,6,1,13.1,16,17.3,31.7
"03490",20160602,2016,6,2,15,17.8,24.7,7.2
"03490",20160603,2016,6,3,14.9,17.5,21.5,4.6
"03490",20160604,2016,6,4,14.2,17.7,21.7,4.4
"03490",20160605,2016,6,5,14,19.2,26.9,17.5
"03490",20160606,2016,6,6,13,20.2,27.8,0
"03490",20160607,2016,6,7,14.2,20.5,27.6,3.6
"03490",20160608,2016,6,8,14.8,18.6,24.2,0
"03490",20160609,2016,6,9,11.5,15.9,21,0
"03490",20160610,2016,6,10,9.3,16.2,22.6,0
"03490",20160611,2016,6,11,12.2,17.7,23.6,0
"03490",20160612,2016,6,12,14.2,16.7,22.1,5.2
"03490",20160613,2016,6,13,13.3,16.3,21.8,4
"03490",20160614,2016,6,14,12.4,16.1,20.8,7.5
"03490",20160615,2016,6,15,8.6,14.7,20.4,0.2
"03490",20160616,2016,6,16,7.5,13.6,20.4,6.5
"03490",20160617,2016,6,17,10.9,14.7,19.6,5.9
"03490",20160618,2016,6,18,9.1,14.9,20.4,1.6
"03490",20160619,2016,6,19,8.8,13.9,18.4,0.1
"03490",20160620,2016,6,20,6.1,15.4,22.8,4.6
"03490",20160621,2016,6,21,11.2,17.9,23.2,0
"03490",20160622,2016,6,22,15.2,20.5,26.1,0
"03490",20160623,2016,6,23,13.7,25.1,34.6,0
"03490",20160624,2016,6,24,18.1,21.6,25.7,7.3
"03490",20160625,2016,6,25,11.3,16,20,6.2
"03490",20160626,2016,6,26,10.4,15,21.4,8.3
"03490",20160627,2016,6,27,10.4,16.1,21.2,0.4
"03490",20160628,2016,6,28,12.2,17.9,24.1,0
"03490",20160629,2016,6,29,14.8,18.9,23.1,0
"03490",20160630,2016,6,30,15,19.3,23.3,0
"03490",20160701,2016,7,1,17.8,20.3,23.3,1.9
"03490",20160702,2016,7,2,10.1,15.6,20.2,1.1
"03490",20160703,2016,7,3,10,14.7,21.4,4.5
"03490",20160704,2016,7,4,9.8,16.7,23.9,0
"03490",20160705,2016,7,5,11.4,18.7,22.5,0.6
"03490",20160706,2016,7,6,8.9,15.9,22.1,0.1
"03490",20160707,2016,7,7,10.1,18.4,26.5,0
"03490",20160708,2016,7,8,12,20,26.7,0.1
"03490",20160709,2016,7,9,14.9,20.8,27.3,0.1
"03490",20160710,2016,7,10,13,22.8,31.2,0
"03490",20160711,2016,7,11,17.3,21.2,24.4,0.1
"03490",20160712,2016,7,12,12.1,18.1,24.8,4.4
"03490",20160713,2016,7,13,10.4,14.6,19.9,3.1
"03490",20160714,2016,7,14,11.2,15.2,19,0
"03490",20160715,2016,7,15,10.6,15.9,21.7,0
"03490",20160716,2016,7,16,10.5,16.9,23.3,0
"03490",20160717,2016,7,17,16.4,21.2,27.1,0
"03490",20160718,2016,7,18,15.5,22.1,29.1,0
"03490",20160719,2016,7,19,15,23.2,31.7,0
"03490",20160720,2016,7,20,14.9,25.4,35.3,0.3
"03490",20160721,2016,7,21,NA,NA,NA,NA
"03490",20160722,2016,7,22,NA,NA,NA,NA
"03490",20160723,2016,7,23,NA,NA,NA,NA
"03490",20160724,2016,7,24,NA,NA,NA,NA
"03490",20160725,2016,7,25,NA,NA,NA,NA
"03490",20160726,2016,7,26,NA,NA,NA,NA
"03490",20160727,2016,7,27,NA,NA,NA,NA
"03490",20160728,2016,7,28,NA,NA,NA,NA
"03490",20160729,2016,7,29,NA,NA,NA,NA
"03490",20160730,2016,7,30,NA,NA,NA,NA
"03490",20160731,2016,7,31,NA,NA,NA,NA
"03490",20160801,2016,8,1,NA,NA,NA,NA
"03490",20160802,2016,8,2,NA,NA,NA,NA
"03490",20160803,2016,8,3,NA,NA,NA,NA
"03490",20160804,2016,8,4,NA,NA,NA,NA
"03490",20160805,2016,8,5,NA,NA,NA,NA
"03490",20160806,2016,8,6,NA,NA,NA,NA
"03490",20160807,2016,8,7,NA,NA,NA,NA
"03490",20160808,2016,8,8,12.8,19,22.6,0.3
"03490",20160809,2016,8,9,10.9,15.5,21.2,0.1
"03490",20160810,2016,8,10,7.9,12.3,18.4,3.4
"03490",20160811,2016,8,11,5.9,12.6,18.5,2.9
"03490",20160812,2016,8,12,13.9,18.5,23.6,0.1
"03490",20160813,2016,8,13,11.2,19.9,28.4,0
"03490",20160814,2016,8,14,14,19,25.6,0.1
"03490",20160815,2016,8,15,12.3,17.8,24.8,0
"03490",20160816,2016,8,16,11.1,17.5,25.8,0
"03490",20160817,2016,8,17,9.6,18.1,26.4,0
"03490",20160818,2016,8,18,8.8,17.8,27.1,0.1
"03490",20160819,2016,8,19,11.4,19.2,26.4,0.5
"03490",20160820,2016,8,20,15.6,19.2,24.2,0.1
"03490",20160821,2016,8,21,15.6,17.7,21.3,0.5
"03490",20160822,2016,8,22,12.1,17.7,25.5,0.2
"03490",20160823,2016,8,23,10.7,19.6,30,0
"03490",20160824,2016,8,24,12.2,21.8,32.8,0
"03490",20160825,2016,8,25,13.8,22.8,34.3,0
"03490",20160826,2016,8,26,13.6,24.4,35.4,0
"03490",20160827,2016,8,27,17.5,24.1,35.9,0
"03490",20160828,2016,8,28,16.5,24.5,33.8,0
"03490",20160829,2016,8,29,14,18.2,23,0.5
"03490",20160830,2016,8,30,12.5,17.8,25.1,0
"03490",20160831,2016,8,31,10.5,18.6,28.2,0
"03490",20160901,2016,9,1,13.7,19,25.9,0
"03490",20160902,2016,9,2,11.3,19.6,28.1,0.1
"03490",20160903,2016,9,3,13,19.5,27.3,3.1
"03490",20160904,2016,9,4,12.4,17.4,22.4,6.2
"03490",20160905,2016,9,5,11.2,17.5,22.9,0.2
"03490",20160906,2016,9,6,9,17,25,0
"03490",20160907,2016,9,7,10,19,26,0
"03490",20160908,2016,9,8,12,21,29,0
"03490",20160909,2016,9,9,13,20,25,0
"03490",20160910,2016,9,10,12,20,28.5,0
"03490",20160911,2016,9,11,12,19,26,0
"03490",20160912,2016,9,12,12,21,31,0
"03490",20160913,2016,9,13,15,23,32,0
"03490",20160914,2016,9,14,14,23,32.4,0
"03490",20160915,2016,9,15,13.7,21,30.1,6.5
"03490",20160916,2016,9,16,12,16.8,22.1,0
"03490",20160917,2016,9,17,9.7,15.9,21.7,3.7
"03490",20160918,2016,9,18,15.3,16.8,18.6,0
"03490",20160919,2016,9,19,12.6,15.2,18.6,0
"03490",20160920,2016,9,20,12.3,14.2,17.1,0
"03490",20160921,2016,9,21,8.2,14.2,20.9,0
"03490",20160922,2016,9,22,5.2,12.6,22.2,0
"03490",20160923,2016,9,23,7.9,14.7,22.5,0.1
"03490",20160924,2016,9,24,6.4,14.4,25,0
"03490",20160925,2016,9,25,5.6,16.1,27.1,0
"03490",20160926,2016,9,26,9.2,15.3,21.3,0.2
"03490",20160927,2016,9,27,8.8,14.8,23.3,0
"03490",20160928,2016,9,28,7.7,17,23.2,0
"03490",20160929,2016,9,29,9.9,18.3,25.1,0
"03490",20160930,2016,9,30,11.1,15.6,20.7,4.2
"03490",20161001,2016,10,1,11.4,13.8,18.5,2.6
"03490",20161002,2016,10,2,9.7,12.6,16,1.5
"03490",20161003,2016,10,3,9.9,13.2,17,2.3
"03490",20161004,2016,10,4,3.2,9.9,15.6,0
"03490",20161005,2016,10,5,2.9,7.8,15.2,0
"03490",20161006,2016,10,6,1.6,7.2,11.5,0.1
"03490",20161007,2016,10,7,7.9,10.6,13.4,2.7
"03490",20161008,2016,10,8,7.1,9.3,13.9,0
"03490",20161009,2016,10,9,3.5,7.7,14.4,0.1
"03490",20161010,2016,10,10,3.5,7.2,13.1,0.1
"03490",20161011,2016,10,11,3.4,7.5,12.6,0.2
"03490",20161012,2016,10,12,4.2,8.4,10.4,0.1
"03490",20161013,2016,10,13,2.1,7.4,11.6,0
"03490",20161014,2016,10,14,6.5,9.4,13.1,0.4
"03490",20161015,2016,10,15,2.6,9.8,16.9,0.3
"03490",20161016,2016,10,16,0.6,8.8,21.1,0
"03490",20161017,2016,10,17,5.8,11,16.9,0
"03490",20161018,2016,10,18,5.1,11,16,1.6
"03490",20161019,2016,10,19,4.7,8.9,13,15.2
"03490",20161020,2016,10,20,6.9,7.8,9.1,14.7
"03490",20161021,2016,10,21,5.6,7.3,9.7,4.8
"03490",20161022,2016,10,22,4.4,8,11.4,1.9
"03490",20161023,2016,10,23,4.2,6.3,9.3,0.6
"03490",20161024,2016,10,24,6.7,9.4,11.4,10.6
"03490",20161025,2016,10,25,8.5,10.6,12.2,0
"03490",20161026,2016,10,26,5.5,8.7,14.5,0
"03490",20161027,2016,10,27,5.1,9.2,14.7,0
"03490",20161028,2016,10,28,4,10.8,15.6,0
"03490",20161029,2016,10,29,5.8,11,14.9,0
"03490",20161030,2016,10,30,3.2,8,15.8,0
"03490",20161031,2016,10,31,3,7.3,15.1,0
"03490",20161101,2016,11,1,0.8,7.3,15.3,0.8
"03490",20161102,2016,11,2,4.4,7.2,9.4,3.6
"03490",20161103,2016,11,3,0.2,5.5,11,0.1
"03490",20161104,2016,11,4,0,4.5,9.2,0.1
"03490",20161105,2016,11,5,1.4,7.5,9.8,0.2
"03490",20161106,2016,11,6,0.4,5.5,8.7,4.9
"03490",20161107,2016,11,7,3.4,4.2,5.3,13.7
"03490",20161108,2016,11,8,-2.9,2.2,6,0.1
"03490",20161109,2016,11,9,0.6,3.2,5.8,8.8
"03490",20161110,2016,11,10,2.5,5,8.7,4.5
"03490",20161111,2016,11,11,2.2,4.1,5.8,2.4
"03490",20161112,2016,11,12,-0.6,2.4,5.5,0
"03490",20161113,2016,11,13,-2.2,2.5,5.6,0.2
"03490",20161114,2016,11,14,-4,0.3,5.4,0
"03490",20161115,2016,11,15,3.1,6,9.9,3.2
"03490",20161116,2016,11,16,7.3,11,12.9,3.8
"03490",20161117,2016,11,17,9.7,11.6,12.6,0.9
"03490",20161118,2016,11,18,6.9,9.6,12.9,4.7
"03490",20161119,2016,11,19,2.6,5.9,8.7,0
"03490",20161120,2016,11,20,4.7,9.8,13.8,0
"03490",20161121,2016,11,21,9.5,11.7,14.1,2.5
"03490",20161122,2016,11,22,7.5,11.4,13.6,0.8
"03490",20161123,2016,11,23,5.4,8.8,14.5,0
"03490",20161124,2016,11,24,3.2,8.6,15.2,0
"03490",20161125,2016,11,25,3.1,6.2,8.8,0
"03490",20161126,2016,11,26,5.1,6.7,8.5,0
"03490",20161127,2016,11,27,-0.4,4.8,6.8,0.4
"03490",20161128,2016,11,28,-5.8,-1,2.8,0
"03490",20161129,2016,11,29,-7.3,-3.8,3.2,0
"03490",20161130,2016,11,30,-7.9,-3,3.9,0
"03490",20161201,2016,12,1,3.8,5.9,7.8,0
"03490",20161202,2016,12,2,2.1,6.5,8,1.6
"03490",20161203,2016,12,3,-3.3,-0.5,2.3,0
"03490",20161204,2016,12,4,-6.5,-3,3.4,0
"03490",20161205,2016,12,5,-6.2,-3.4,3,0
"03490",20161206,2016,12,6,-6.2,-3.6,2.1,0.1
"03490",20161207,2016,12,7,-5.1,-1.4,3.7,0
"03490",20161208,2016,12,8,-3.6,-0.2,6,0
"03490",20161209,2016,12,9,0.8,4.8,9.5,0
"03490",20161210,2016,12,10,-1.6,3.6,10.1,0
"03490",20161211,2016,12,11,7.8,8.9,10.6,0.1
"03490",20161212,2016,12,12,1.4,7.2,10.5,0
"03490",20161213,2016,12,13,-1.1,3.2,5.3,3
"03490",20161214,2016,12,14,3.2,5,8,0
"03490",20161215,2016,12,15,3.5,6.8,8.6,0
"03490",20161216,2016,12,16,-1.4,3.4,6.1,0
"03490",20161217,2016,12,17,-0.5,3.6,6.9,0.8
"03490",20161218,2016,12,18,4.5,5.7,7.2,0
"03490",20161219,2016,12,19,1.5,3.8,5.5,0
"03490",20161220,2016,12,20,-3.4,0.9,5.4,0
"03490",20161221,2016,12,21,-4.6,-1.2,5.5,0
"03490",20161222,2016,12,22,-1.3,2.9,5,9.3
"03490",20161223,2016,12,23,-0.3,3.2,7,0
"03490",20161224,2016,12,24,6.9,8,9.5,0.1
"03490",20161225,2016,12,25,8.4,9.5,11.1,0.1
"03490",20161226,2016,12,26,2.2,8.1,11.7,2.5
"03490",20161227,2016,12,27,1.1,4.8,7.5,0
"03490",20161228,2016,12,28,-1.8,2.8,5.9,0
"03490",20161229,2016,12,29,-5,-2.3,3.2,0
"03490",20161230,2016,12,30,-7.6,-4,2.1,0
"03490",20161231,2016,12,31,-10,-6.2,-0.2,0
"03490",20170101,2017,1,1,-10.1,-5.2,0.3,0.4
"03490",20170102,2017,1,2,-1.1,1.4,3.8,0.5
"03490",20170103,2017,1,3,-1,2.9,4.7,0.2
"03490",20170104,2017,1,4,1.1,4,5.9,5
"03490",20170105,2017,1,5,-6.2,-0.2,2.8,0
"03490",20170106,2017,1,6,-9.9,-6.5,-1,0
"03490",20170107,2017,1,7,-9.8,-4,-0.8,3
"03490",20170108,2017,1,8,-0.9,1.9,4.1,0
"03490",20170109,2017,1,9,0.2,2.7,5.4,1.7
"03490",20170110,2017,1,10,0.1,1.8,4.2,0.3
"03490",20170111,2017,1,11,0.5,4.7,7.6,3.6
"03490",20170112,2017,1,12,2.7,4.8,7.2,9
"03490",20170113,2017,1,13,0.4,2.2,6,3.8
"03490",20170114,2017,1,14,0.9,2.4,3.7,0.8
"03490",20170115,2017,1,15,-0.4,1.5,3.7,1.4
"03490",20170116,2017,1,16,-5.4,-1,2.6,0
"03490",20170117,2017,1,17,-7.8,-5,-1.7,0
"03490",20170118,2017,1,18,-9.8,-6.4,-1.2,0
"03490",20170119,2017,1,19,-10,-6.1,1.4,0
"03490",20170120,2017,1,20,-9.8,-5.3,1.8,0
"03490",20170121,2017,1,21,-8.9,-5,3.7,0
"03490",20170122,2017,1,22,-9,-5.5,0.8,0
"03490",20170123,2017,1,23,-8.2,-3.5,-1.1,0
"03490",20170124,2017,1,24,-1.8,-0.5,1.3,0
"03490",20170125,2017,1,25,-2.7,-1.7,-0.8,0
"03490",20170126,2017,1,26,-4.8,-1.3,1.6,0
"03490",20170127,2017,1,27,-7.1,-1.9,2.5,0
"03490",20170128,2017,1,28,-5.4,-0.7,5,0.1
"03490",20170129,2017,1,29,-1.6,2,7.3,2
"03490",20170130,2017,1,30,0.3,5.8,8.5,0.3
"03490",20170131,2017,1,31,1.6,2.5,4.6,0
"03490",20170201,2017,2,1,-3.2,2.2,4.9,0.2
"03490",20170202,2017,2,2,0.2,4.4,10.4,0.3
"03490",20170203,2017,2,3,1,6.3,11.3,0.5
"03490",20170204,2017,2,4,-0.7,5.1,8.6,2.2
"03490",20170205,2017,2,5,-1.2,4.1,8,0
"03490",20170206,2017,2,6,-1.4,2.8,7.2,0
"03490",20170207,2017,2,7,2.2,4,6.2,0.8
"03490",20170208,2017,2,8,-0.7,3.4,6.4,0
"03490",20170209,2017,2,9,-2.3,0.5,4.5,0
"03490",20170210,2017,2,10,-0.6,0.4,1.5,1.7
"03490",20170211,2017,2,11,-0.3,1.3,3.8,1.9
"03490",20170212,2017,2,12,0.9,3.5,7.3,0
"03490",20170213,2017,2,13,-1.2,3.6,8.9,0
"03490",20170214,2017,2,14,-2.1,3.3,10.5,0
"03490",20170215,2017,2,15,-3.6,3.4,14.6,0
"03490",20170216,2017,2,16,0,4.6,9.4,1.1
"03490",20170217,2017,2,17,0.4,6.1,8.9,1.3
"03490",20170218,2017,2,18,0,5.4,9,0
"03490",20170219,2017,2,19,-3.3,3.8,10.6,0.8
"03490",20170220,2017,2,20,4.9,9.2,11.5,2.6
"03490",20170221,2017,2,21,7.5,10.1,11.7,0.9
"03490",20170222,2017,2,22,10.6,11.2,12.6,0.4
"03490",20170223,2017,2,23,6.7,9.5,10.7,1.4
"03490",20170224,2017,2,24,0.7,4.9,9.1,0
"03490",20170225,2017,2,25,-3.2,3.9,9.4,0
"03490",20170226,2017,2,26,4.9,9.3,14.5,0
"03490",20170227,2017,2,27,6.9,10.8,13.1,6.8
"03490",20170228,2017,2,28,3.6,5.9,9.5,5.4
"03490",20170301,2017,3,1,3.9,6.7,10.3,0.6
"03490",20170302,2017,3,2,1.1,8,10.5,0
"03490",20170303,2017,3,3,-1.5,6.3,12.2,0
"03490",20170304,2017,3,4,5.4,10.8,16,4.1
"03490",20170305,2017,3,5,5.7,7.3,10.7,1.6
"03490",20170306,2017,3,6,5.4,6.2,8,2.7
"03490",20170307,2017,3,7,2.6,6.5,10.8,3.1
"03490",20170308,2017,3,8,0.6,5.5,10.3,12.2
"03490",20170309,2017,3,9,7,10.3,15.1,0.2
"03490",20170310,2017,3,10,2.7,7.1,12.3,0
"03490",20170311,2017,3,11,0.5,6.4,17.9,0
"03490",20170312,2017,3,12,0.5,6.6,15.8,0
"03490",20170313,2017,3,13,0.1,7.6,15.3,0
"03490",20170314,2017,3,14,3.5,10.5,16,0
"03490",20170315,2017,3,15,5.3,9,15.1,0
"03490",20170316,2017,3,16,0.3,8.8,18.8,0
"03490",20170317,2017,3,17,2.3,8.4,12.2,1.7
"03490",20170318,2017,3,18,6.6,10,13.3,12
"03490",20170319,2017,3,19,8.9,12.3,15.8,0
"03490",20170320,2017,3,20,10.1,11.4,14.2,0.1
"03490",20170321,2017,3,21,2.6,9.1,12.3,0.2
"03490",20170322,2017,3,22,-0.3,5.5,9.7,0.1
"03490",20170323,2017,3,23,0.9,7.7,16.1,0
"03490",20170324,2017,3,24,2,8.7,15.2,0
"03490",20170325,2017,3,25,1,8.4,17.3,0
"03490",20170326,2017,3,26,1.8,8.1,17.1,0
"03490",20170327,2017,3,27,1.3,8.8,18.7,0
"03490",20170328,2017,3,28,0.5,12.6,22.6,0
"03490",20170329,2017,3,29,6.5,12.9,17.6,0
"03490",20170330,2017,3,30,6.8,15,22.5,0
"03490",20170331,2017,3,31,4.8,14.5,23.3,0
"03490",20170401,2017,4,1,7.3,12.9,18.3,0.1
"03490",20170402,2017,4,2,6.5,11.9,18.1,0.1
"03490",20170403,2017,4,3,4.4,9.5,15.8,0
"03490",20170404,2017,4,4,3,9.5,16.6,0.1
"03490",20170405,2017,4,5,3,8.5,13.1,0.3
"03490",20170406,2017,4,6,5.6,7.8,11.6,0
"03490",20170407,2017,4,7,3.8,9.7,15.2,0
"03490",20170408,2017,4,8,7.1,12.2,18.5,0
"03490",20170409,2017,4,9,3.2,13.4,23.9,0
"03490",20170410,2017,4,10,4.9,10.9,15.5,0
"03490",20170411,2017,4,11,6.1,9.2,15,0.1
"03490",20170412,2017,4,12,3.2,11.4,17.6,0.5
"03490",20170413,2017,4,13,5.6,11.1,13.7,0
"03490",20170414,2017,4,14,2.5,9,15.3,0.1
"03490",20170415,2017,4,15,2.9,8.9,11.7,1.6
"03490",20170416,2017,4,16,2,7.4,10.6,2.8
"03490",20170417,2017,4,17,4.2,6.6,11.3,6.4
"03490",20170418,2017,4,18,0.7,4.8,9.5,2.1
"03490",20170419,2017,4,19,-0.7,4,8.7,0
"03490",20170420,2017,4,20,-2,5,11.5,0
"03490",20170421,2017,4,21,1,8.8,15.1,0.1
"03490",20170422,2017,4,22,5.6,8.7,10.7,0.6
"03490",20170423,2017,4,23,2.7,6.9,11.5,0
"03490",20170424,2017,4,24,-0.6,8.8,17.1,0.1
"03490",20170425,2017,4,25,3.8,7.1,11.2,0
"03490",20170426,2017,4,26,0.6,6.2,11.3,1.1
"03490",20170427,2017,4,27,1.7,6.5,12.8,0.1
"03490",20170428,2017,4,28,0.7,7,11.8,0.2
"03490",20170429,2017,4,29,0.3,7.6,14,0
"03490",20170430,2017,4,30,-0.7,11,19.3,0
"03490",20170501,2017,5,1,6.6,10.1,12.9,5.2
"03490",20170502,2017,5,2,5.8,8.3,10.8,8
"03490",20170503,2017,5,3,6.3,10,16.6,4.6
"03490",20170504,2017,5,4,9.1,10.7,13,10.1
"03490",20170505,2017,5,5,4.2,9.9,14.8,0.4
"03490",20170506,2017,5,6,3.2,13.2,21.8,1.6
"03490",20170507,2017,5,7,11,13.4,16.4,0.3
"03490",20170508,2017,5,8,7.1,8.8,10.9,0
"03490",20170509,2017,5,9,4.2,8.9,14.2,0.1
"03490",20170510,2017,5,10,2.2,10.8,19.3,0
"03490",20170511,2017,5,11,4.1,14.5,24.7,2.4
"03490",20170512,2017,5,12,12,16,23,0.3
"03490",20170513,2017,5,13,12,17.4,24.2,0
"03490",20170514,2017,5,14,9.8,16.3,22.4,0.3
"03490",20170515,2017,5,15,9.1,16.2,22.8,0
"03490",20170516,2017,5,16,10.2,19.1,27.6,0
"03490",20170517,2017,5,17,12.4,20.7,29,0
"03490",20170518,2017,5,18,12.3,17.3,22.7,7.1
"03490",20170519,2017,5,19,8.5,13.1,18.9,9.9
"03490",20170520,2017,5,20,5.9,12.3,17.9,0
"03490",20170521,2017,5,21,4.6,13.9,21.7,0
"03490",20170522,2017,5,22,7.5,16.6,24.5,0
"03490",20170523,2017,5,23,10.1,18.3,25.6,0
"03490",20170524,2017,5,24,11.1,17.2,22.5,0.1
"03490",20170525,2017,5,25,12.7,17.2,24.2,0
"03490",20170526,2017,5,26,10.8,18.9,27.2,0
"03490",20170527,2017,5,27,11.4,22,30.9,0
"03490",20170528,2017,5,28,14.6,21.5,29.5,6
"03490",20170529,2017,5,29,16.5,24.5,32,0
"03490",20170530,2017,5,30,15.2,20,26.7,0
"03490",20170531,2017,5,31,13,18.5,24.4,0
"03490",20170601,2017,6,1,NA,NA,NA,NA
"03490",20170602,2017,6,2,NA,NA,NA,NA
"03490",20170603,2017,6,3,NA,NA,NA,NA
"03490",20170604,2017,6,4,NA,NA,NA,NA
"03490",20170605,2017,6,5,NA,NA,NA,NA
"03490",20170606,2017,6,6,NA,NA,NA,NA
"03490",20170607,2017,6,7,NA,NA,NA,NA
"03490",20170608,2017,6,8,NA,NA,NA,NA
"03490",20170609,2017,6,9,NA,NA,NA,NA
"03490",20170610,2017,6,10,NA,NA,NA,NA
"03490",20170611,2017,6,11,NA,NA,NA,NA
"03490",20170612,2017,6,12,NA,NA,NA,NA
"03490",20170613,2017,6,13,NA,NA,NA,NA
"03490",20170614,2017,6,14,NA,NA,NA,NA
"03490",20170615,2017,6,15,NA,NA,NA,NA
"03490",20170616,2017,6,16,NA,NA,NA,NA
"03490",20170617,2017,6,17,NA,NA,NA,NA
"03490",20170618,2017,6,18,NA,NA,NA,NA
"03490",20170619,2017,6,19,NA,NA,NA,NA
"03490",20170620,2017,6,20,NA,NA,NA,NA
"03490",20170621,2017,6,21,NA,NA,NA,NA
"03490",20170622,2017,6,22,NA,NA,NA,NA
"03490",20170623,2017,6,23,NA,NA,NA,NA
"03490",20170624,2017,6,24,NA,NA,NA,NA
"03490",20170625,2017,6,25,NA,NA,NA,NA
"03490",20170626,2017,6,26,NA,NA,NA,NA
"03490",20170627,2017,6,27,NA,NA,NA,NA
"03490",20170628,2017,6,28,NA,NA,NA,NA
"03490",20170629,2017,6,29,NA,NA,NA,NA
"03490",20170630,2017,6,30,NA,NA,NA,NA
"03490",20170701,2017,7,1,NA,NA,NA,NA
"03490",20170702,2017,7,2,NA,NA,NA,NA
"03490",20170703,2017,7,3,NA,NA,NA,NA
"03490",20170704,2017,7,4,NA,NA,NA,NA
"03490",20170705,2017,7,5,NA,NA,NA,NA
"03490",20170706,2017,7,6,NA,NA,NA,NA
"03490",20170707,2017,7,7,NA,NA,NA,NA
"03490",20170708,2017,7,8,NA,NA,NA,NA
"03490",20170709,2017,7,9,NA,NA,NA,NA
"03490",20170710,2017,7,10,NA,NA,NA,NA
"03490",20170711,2017,7,11,NA,NA,NA,NA
"03490",20170712,2017,7,12,NA,NA,NA,NA
"03490",20170713,2017,7,13,NA,NA,NA,NA
"03490",20170714,2017,7,14,NA,NA,NA,NA
"03490",20170715,2017,7,15,NA,NA,NA,NA
"03490",20170716,2017,7,16,NA,NA,NA,NA
"03490",20170717,2017,7,17,NA,NA,NA,NA
"03490",20170718,2017,7,18,NA,NA,NA,NA
"03490",20170719,2017,7,19,NA,NA,NA,NA
"03490",20170720,2017,7,20,NA,NA,NA,NA
"03490",20170721,2017,7,21,NA,NA,NA,NA
"03490",20170722,2017,7,22,NA,NA,NA,NA
"03490",20170723,2017,7,23,NA,NA,NA,NA
"03490",20170724,2017,7,24,NA,NA,NA,NA
"03490",20170725,2017,7,25,NA,NA,NA,NA
"03490",20170726,2017,7,26,NA,NA,NA,NA
"03490",20170727,2017,7,27,NA,NA,NA,NA
"03490",20170728,2017,7,28,NA,NA,NA,NA
"03490",20170729,2017,7,29,NA,NA,NA,NA
"03490",20170730,2017,7,30,NA,NA,NA,NA
"03490",20170731,2017,7,31,NA,NA,NA,NA
"03490",20170801,2017,8,1,NA,NA,NA,NA
"03490",20170802,2017,8,2,NA,NA,NA,NA
"03490",20170803,2017,8,3,NA,NA,NA,NA
"03490",20170804,2017,8,4,NA,NA,NA,NA
"03490",20170805,2017,8,5,NA,NA,NA,NA
"03490",20170806,2017,8,6,NA,NA,NA,NA
"03490",20170807,2017,8,7,NA,NA,NA,NA
"03490",20170808,2017,8,8,NA,NA,NA,NA
"03490",20170809,2017,8,9,NA,NA,NA,NA
"03490",20170810,2017,8,10,NA,NA,NA,NA
"03490",20170811,2017,8,11,NA,NA,NA,NA
"03490",20170812,2017,8,12,NA,NA,NA,NA
"03490",20170813,2017,8,13,NA,NA,NA,NA
"03490",20170814,2017,8,14,NA,NA,NA,NA
"03490",20170815,2017,8,15,NA,NA,NA,NA
"03490",20170816,2017,8,16,NA,NA,NA,NA
"03490",20170817,2017,8,17,NA,NA,NA,NA
"03490",20170818,2017,8,18,NA,NA,NA,NA
"03490",20170819,2017,8,19,NA,NA,NA,NA
"03490",20170820,2017,8,20,NA,NA,NA,NA
"03490",20170821,2017,8,21,NA,NA,NA,NA
"03490",20170822,2017,8,22,NA,NA,NA,NA
"03490",20170823,2017,8,23,12.5,NA,26.5,0
"03490",20170824,2017,8,24,14.2,19,23.5,0
"03490",20170825,2017,8,25,12.9,18.2,25.6,20.3
"03490",20170826,2017,8,26,16.6,21.2,27.2,0.2
"03490",20170827,2017,8,27,15.5,19.4,25,0
"03490",20170828,2017,8,28,13.9,20.2,27.8,0
"03490",20170829,2017,8,29,13.2,21.1,31,0
"03490",20170830,2017,8,30,14.9,22.1,28.8,0.8
"03490",20170831,2017,8,31,9.4,15.4,19.2,1
"03490",20170901,2017,9,1,7.5,13.3,20.2,0.8
"03490",20170902,2017,9,2,9.4,13.8,19.3,0
"03490",20170903,2017,9,3,8.1,13.2,21.4,0
"03490",20170904,2017,9,4,7.1,14.8,20.8,0.1
"03490",20170905,2017,9,5,14.3,19.4,26.5,0.1
"03490",20170906,2017,9,6,13.9,17.3,19.5,0
"03490",20170907,2017,9,7,13.6,15.9,19.9,0.1
"03490",20170908,2017,9,8,14.8,16.2,17.5,5.3
"03490",20170909,2017,9,9,11.5,14.8,19.4,2.3
"03490",20170910,2017,9,10,7.6,13.5,18.8,0
"03490",20170911,2017,9,11,13.1,15.5,18.8,0.7
"03490",20170912,2017,9,12,12.7,14.8,18.8,0.7
"03490",20170913,2017,9,13,12.4,15.7,19.3,2
"03490",20170914,2017,9,14,10.3,12.3,15.7,6.9
"03490",20170915,2017,9,15,7.1,11.5,16.9,0
"03490",20170916,2017,9,16,3.7,9.8,17,1.7
"03490",20170917,2017,9,17,6.1,10.1,15.8,0.5
"03490",20170918,2017,9,18,5.3,10.6,15.8,0.6
"03490",20170919,2017,9,19,7.6,11.6,16.1,0
"03490",20170920,2017,9,20,6.2,11.2,18.6,0.1
"03490",20170921,2017,9,21,3.4,11.1,20.6,0
"03490",20170922,2017,9,22,4.4,12.7,19.9,0
"03490",20170923,2017,9,23,9.7,14.2,20,0.1
"03490",20170924,2017,9,24,8.7,12.6,20.6,0.1
"03490",20170925,2017,9,25,5.9,12.8,20.8,0
"03490",20170926,2017,9,26,9,14.4,21,0.1
"03490",20170927,2017,9,27,8,13.3,21.1,0.1
"03490",20170928,2017,9,28,10.1,15.5,23.3,0.3
"03490",20170929,2017,9,29,12.6,18,25,2.9
"03490",20170930,2017,9,30,6.3,13.3,16.3,21.1
"03490",20171001,2017,10,1,5.2,11.7,18.5,0.3
"03490",20171002,2017,10,2,10.9,16,20.1,7.6
"03490",20171003,2017,10,3,7.4,12.2,17,0
"03490",20171004,2017,10,4,7.4,12.2,15.5,0
"03490",20171005,2017,10,5,9.2,13,15.4,3.1
"03490",20171006,2017,10,6,8,10.4,13,7.3
"03490",20171007,2017,10,7,8.9,10.9,12,3.5
"03490",20171008,2017,10,8,9.7,11.8,14.6,3.2
"03490",20171009,2017,10,9,9.3,11.8,16.5,0.5
"03490",20171010,2017,10,10,10.1,14,16.7,0
"03490",20171011,2017,10,11,8.9,13.1,16.6,0.3
"03490",20171012,2017,10,12,7.5,13.6,18.4,0
"03490",20171013,2017,10,13,5.6,13.1,20.7,0.1
"03490",20171014,2017,10,14,7.6,13.8,22.8,0
"03490",20171015,2017,10,15,5.3,12.5,25.1,0
"03490",20171016,2017,10,16,6.8,13.5,24.1,0
"03490",20171017,2017,10,17,7.3,12.4,20.4,0
"03490",20171018,2017,10,18,6.5,12.4,20.4,0.1
"03490",20171019,2017,10,19,4.4,12.5,23.1,0.6
"03490",20171020,2017,10,20,4.5,13,17.7,0
"03490",20171021,2017,10,21,5.8,12.8,19.1,0.1
"03490",20171022,2017,10,22,8.9,10.9,12.8,2.4
"03490",20171023,2017,10,23,9.2,11.5,14.1,0
"03490",20171024,2017,10,24,11.4,14.7,17.5,0
"03490",20171025,2017,10,25,12.5,16.4,20.3,0
"03490",20171026,2017,10,26,10.8,14.3,17.3,2.6
"03490",20171027,2017,10,27,8.9,11.6,14,2.1
"03490",20171028,2017,10,28,8.2,11.1,13.6,3.2
"03490",20171029,2017,10,29,6.5,10.6,15.1,2.1
"03490",20171030,2017,10,30,4,7.1,11,0
"03490",20171031,2017,10,31,4.8,8.2,12.3,0.4
"03490",20171101,2017,11,1,4.1,9.2,15.9,0
"03490",20171102,2017,11,2,1.5,7.5,15,0
"03490",20171103,2017,11,3,1.6,7.5,12.7,0
"03490",20171104,2017,11,4,2.5,9.3,15.8,7.4
"03490",20171105,2017,11,5,3.8,8.7,13.6,3.1
"03490",20171106,2017,11,6,2.6,5.3,7.8,0.1
"03490",20171107,2017,11,7,2.1,4.2,5.7,0.4
"03490",20171108,2017,11,8,5.2,6.2,7,3.1
"03490",20171109,2017,11,9,3.3,7.2,10,0
"03490",20171110,2017,11,10,6,8.4,10.8,1.1
"03490",20171111,2017,11,11,3.7,6.7,7.5,2.2
"03490",20171112,2017,11,12,3.1,4.7,6,2.5
"03490",20171113,2017,11,13,4.9,6.3,8.9,0.3
"03490",20171114,2017,11,14,-0.6,4.7,9.4,0.1
"03490",20171115,2017,11,15,5,7,9.5,0
"03490",20171116,2017,11,16,0.5,5.3,7.7,1.3
"03490",20171117,2017,11,17,1.4,6.1,9.3,0.4
"03490",20171118,2017,11,18,-1.1,3.8,6.5,4.8
"03490",20171119,2017,11,19,3.7,5.9,8,0.5
"03490",20171120,2017,11,20,3.6,6,9.9,3.4
"03490",20171121,2017,11,21,8.8,10.4,12.6,0.3
"03490",20171122,2017,11,22,2.7,9.5,14.6,0
"03490",20171123,2017,11,23,7.9,12.7,15.4,3.8
"03490",20171124,2017,11,24,6.8,9.5,13.4,4.3
"03490",20171125,2017,11,25,1.9,4.8,7.3,0.7
"03490",20171126,2017,11,26,1.1,4.1,5.4,0
"03490",20171127,2017,11,27,3.6,5.9,8,5.5
"03490",20171128,2017,11,28,-1.1,4,7.5,1.5
"03490",20171129,2017,11,29,1.7,3.2,6.3,0
"03490",20171130,2017,11,30,-1.6,1.9,5,2.5
"03490",20171201,2017,12,1,0.2,1.4,3.1,1.9
"03490",20171202,2017,12,2,-1.6,0,0.9,0
"03490",20171203,2017,12,3,-1.3,0.8,4,2.8
"03490",20171204,2017,12,4,2,5.6,7.2,0.8
"03490",20171205,2017,12,5,4.1,6,6.9,0
"03490",20171206,2017,12,6,5.8,7.1,8.2,0
"03490",20171207,2017,12,7,-0.8,4.8,7.9,1.8
"03490",20171208,2017,12,8,1.6,3.8,6.8,0.1
"03490",20171209,2017,12,9,0.4,1.7,2.7,0.2
"03490",20171210,2017,12,10,-1,3.1,8.1,3.9
"03490",20171211,2017,12,11,2,6,9.7,6.9
"03490",20171212,2017,12,12,0.7,3.2,5.9,0.1
"03490",20171213,2017,12,13,-0.6,4.4,7.1,11.3
"03490",20171214,2017,12,14,1,4.2,6.2,2.2
"03490",20171215,2017,12,15,-1.9,1.1,3.8,1.5
"03490",20171216,2017,12,16,0.7,3.1,4.9,1.3
"03490",20171217,2017,12,17,1.8,3.3,5.4,4.5
"03490",20171218,2017,12,18,0.4,1.7,2.5,1.4
"03490",20171219,2017,12,19,2,4.1,6.3,5.8
"03490",20171220,2017,12,20,4.3,5.9,7.1,1.2
"03490",20171221,2017,12,21,6.5,7.8,9.4,2.4
"03490",20171222,2017,12,22,7.3,8.7,10.3,2.3
"03490",20171223,2017,12,23,7.7,9.3,10.4,0
"03490",20171224,2017,12,24,8.5,9.4,10.1,0
"03490",20171225,2017,12,25,3.4,6.6,8.8,0
"03490",20171226,2017,12,26,4,6.6,9.5,3.3
"03490",20171227,2017,12,27,2.4,5.1,7.5,1.5
"03490",20171228,2017,12,28,1.7,3.1,4.5,1.2
"03490",20171229,2017,12,29,-0.8,2.7,5,1.4
"03490",20171230,2017,12,30,2.3,9,14.1,2.3
"03490",20171231,2017,12,31,9.8,13,14.3,0
"03490",20180101,2018,1,1,4.7,7.4,11.1,7.2
"03490",20180102,2018,1,2,4.9,6.4,8.8,7.6
"03490",20180103,2018,1,3,3.9,8.8,12.3,5.3
"03490",20180104,2018,1,4,6.6,8.9,13.1,3.2
"03490",20180105,2018,1,5,2,8.7,10.3,0.1
"03490",20180106,2018,1,6,-0.5,3.7,6.5,1.9
"03490",20180107,2018,1,7,4.2,4.9,5.6,0
"03490",20180108,2018,1,8,4.2,4.8,5.7,0
"03490",20180109,2018,1,9,3.6,5.5,7.8,0
"03490",20180110,2018,1,10,4.1,6.6,11.1,0.5
"03490",20180111,2018,1,11,4,6.3,8.5,0
"03490",20180112,2018,1,12,4.8,5.8,7,0
"03490",20180113,2018,1,13,4.3,5.3,6.1,0
"03490",20180114,2018,1,14,-2.9,2.5,4.8,0
"03490",20180115,2018,1,15,-3.5,3,8,2.7
"03490",20180116,2018,1,16,-0.2,5.7,8.4,2.3
"03490",20180117,2018,1,17,0.8,3.4,4.8,2.8
"03490",20180118,2018,1,18,0.2,5.5,11.2,4.5
"03490",20180119,2018,1,19,-1,3.2,6,0
"03490",20180120,2018,1,20,0.9,2.6,4.7,6.4
"03490",20180121,2018,1,21,1.4,3.1,5.7,1.9
"03490",20180122,2018,1,22,1.4,5.4,8.2,0.9
"03490",20180123,2018,1,23,5.8,7.9,10.3,0
"03490",20180124,2018,1,24,9.9,12.1,13.9,2.4
"03490",20180125,2018,1,25,5.7,8.5,11.6,6.2
"03490",20180126,2018,1,26,4,5.9,9.2,0.3
"03490",20180127,2018,1,27,1.2,3.7,6.8,0.9
"03490",20180128,2018,1,28,5.3,8.4,11.1,0
"03490",20180129,2018,1,29,6.6,10.3,11.3,0.9
"03490",20180130,2018,1,30,0.1,5.3,10.5,0
"03490",20180131,2018,1,31,0.9,7.3,10.3,4.7
"03490",20180201,2018,2,1,-2.3,2.8,6.2,0.7
"03490",20180202,2018,2,2,2.2,3.6,5.3,2.6
"03490",20180203,2018,2,3,0.4,3.1,5.9,0.1
"03490",20180204,2018,2,4,-0.9,0.6,2.7,0
"03490",20180205,2018,2,5,-3,0.6,4.6,0
"03490",20180206,2018,2,6,-3.7,-1.3,-0.6,3.8
"03490",20180207,2018,2,7,-4.4,-1.3,-0.2,0
"03490",20180208,2018,2,8,-8.5,-4.3,1.9,0
"03490",20180209,2018,2,9,-10.4,-3.7,0.9,0.1
"03490",20180210,2018,2,10,-1.6,2.1,5.5,0.4
"03490",20180211,2018,2,11,0.6,3.6,6.7,1.6
"03490",20180212,2018,2,12,-0.1,2.3,4.8,0.3
"03490",20180213,2018,2,13,-5.4,-0.3,5.8,0
"03490",20180214,2018,2,14,-7.4,-0.8,5.9,1.4
"03490",20180215,2018,2,15,-0.2,2.1,6.3,2.3
"03490",20180216,2018,2,16,-2.4,1.8,9.2,0
"03490",20180217,2018,2,17,-3.3,-0.2,4.6,0
"03490",20180218,2018,2,18,-6.9,-1.1,7.6,0
"03490",20180219,2018,2,19,-5.3,-0.2,5.5,0
"03490",20180220,2018,2,20,-4.4,0.1,5.3,0
"03490",20180221,2018,2,21,-4.8,-0.2,5.7,0
"03490",20180222,2018,2,22,-6.6,-1.6,4.8,0
"03490",20180223,2018,2,23,-7.4,-2,3.6,0
"03490",20180224,2018,2,24,-9.6,-2.3,4.9,0
"03490",20180225,2018,2,25,-8.1,-2.7,1.1,0
"03490",20180226,2018,2,26,-9.7,-4.7,-1,0
"03490",20180227,2018,2,27,-11.3,-5.6,-1,0
"03490",20180228,2018,2,28,-13.9,-7.9,-2.8,0
"03490",20180301,2018,3,1,-7,-3.7,1,0
"03490",20180302,2018,3,2,-4.8,-2.9,-0.9,1.4
"03490",20180303,2018,3,3,-5,-0.5,3.1,0.4
"03490",20180304,2018,3,4,-2.5,4.2,10.2,0
"03490",20180305,2018,3,5,-2.2,5.4,13.3,0
"03490",20180306,2018,3,6,-1.8,5.4,13.4,4.7
"03490",20180307,2018,3,7,-0.5,5.1,10.2,0.1
"03490",20180308,2018,3,8,-0.7,5.7,10.3,5.7
"03490",20180309,2018,3,9,-0.6,5,8.9,1.9
"03490",20180310,2018,3,10,5,10.3,16.9,0.1
"03490",20180311,2018,3,11,3.8,10.2,15.6,1.5
"03490",20180312,2018,3,12,4.9,9.4,14,1.3
"03490",20180313,2018,3,13,4.4,7.3,9.8,2.5
"03490",20180314,2018,3,14,0.9,6.2,12.3,0
"03490",20180315,2018,3,15,2.5,6.7,11.8,1.1
"03490",20180316,2018,3,16,2.8,7.1,10,4.1
"03490",20180317,2018,3,17,-2.4,-0.9,2.8,1.6
"03490",20180318,2018,3,18,-3.9,-2.1,0,0.2
"03490",20180319,2018,3,19,-5.2,-1.2,4.7,0
"03490",20180320,2018,3,20,-5.5,0.1,7.9,0.3
"03490",20180321,2018,3,21,-3.9,0.5,5.5,0
"03490",20180322,2018,3,22,-0.2,4.3,7,2.9
"03490",20180323,2018,3,23,3.2,6.1,10,0
"03490",20180324,2018,3,24,-1.2,5.1,12.8,0
"03490",20180325,2018,3,25,-0.9,6.7,13.3,0.1
"03490",20180326,2018,3,26,3.3,7.3,11.1,0.5
"03490",20180327,2018,3,27,-0.7,5.7,12.4,4.3
"03490",20180328,2018,3,28,3.9,8.6,10.8,2.2
"03490",20180329,2018,3,29,0.6,6,11.8,0.1
"03490",20180330,2018,3,30,1.2,7.6,13.3,0.1
"03490",20180331,2018,3,31,0.5,7.7,13.4,0.3
"03490",20180401,2018,4,1,3.7,7,10.3,0.3
"03490",20180402,2018,4,2,0.7,9.3,15.8,0.2
"03490",20180403,2018,4,3,8.6,13.9,19.5,0.1
"03490",20180404,2018,4,4,7.4,11.5,14.6,2.5
"03490",20180405,2018,4,5,1.5,7.4,10.4,0.7
"03490",20180406,2018,4,6,-1.7,7.9,15.6,0
"03490",20180407,2018,4,7,1.7,13.4,24.2,0
"03490",20180408,2018,4,8,8.6,15.4,25.6,0.1
"03490",20180409,2018,4,9,8.8,14.1,20.5,0
"03490",20180410,2018,4,10,8.2,13.3,20,8.7
"03490",20180411,2018,4,11,7.3,10.7,15.3,4.6
"03490",20180412,2018,4,12,6.9,12.5,20.4,0
"03490",20180413,2018,4,13,6.2,10.8,16,0.3
"03490",20180414,2018,4,14,4.2,13.2,21.1,6.2
"03490",20180415,2018,4,15,10.7,14.3,19.9,0.1
"03490",20180416,2018,4,16,6.3,12.7,17.9,0
"03490",20180417,2018,4,17,6,14.4,23.6,0
"03490",20180418,2018,4,18,8.1,16.5,26.6,0
"03490",20180419,2018,4,19,6.4,17.4,28.1,0
"03490",20180420,2018,4,20,6.9,18.4,28.3,0
"03490",20180421,2018,4,21,12.2,18.4,25.2,0
"03490",20180422,2018,4,22,10.9,20,29,0.5
"03490",20180423,2018,4,23,8.9,16.7,21.6,0
"03490",20180424,2018,4,24,5,12.9,21.3,0.1
"03490",20180425,2018,4,25,8.5,13.7,18.1,0.2
"03490",20180426,2018,4,26,6,10.7,15.4,0.1
"03490",20180427,2018,4,27,3.7,11.7,19.9,0
"03490",20180428,2018,4,28,6.3,13.6,18.1,0.1
"03490",20180429,2018,4,29,6.5,14,22.8,8.1
"03490",20180430,2018,4,30,7.3,11.9,14.4,0.4
"03490",20180501,2018,5,1,4.2,9,14,0.1
"03490",20180502,2018,5,2,1,10.3,17.9,0.1
"03490",20180503,2018,5,3,6.3,11.5,16.8,0
"03490",20180504,2018,5,4,3.9,12.7,21.4,0
"03490",20180505,2018,5,5,5.5,14.7,24.8,0
"03490",20180506,2018,5,6,6.4,16.9,27.6,0
"03490",20180507,2018,5,7,5.8,17.1,26.6,0
"03490",20180508,2018,5,8,8.5,18.1,27.3,0
"03490",20180509,2018,5,9,10.3,19.2,27.9,0
"03490",20180510,2018,5,10,12.5,14.8,17.7,0.1
"03490",20180511,2018,5,11,6.8,14.7,21.4,0
"03490",20180512,2018,5,12,9,16.8,24.7,5.9
"03490",20180513,2018,5,13,11.2,14,18.4,19.4
"03490",20180514,2018,5,14,11.6,15.9,23.8,0.1
"03490",20180515,2018,5,15,10.2,16.8,24.4,3.6
"03490",20180516,2018,5,16,12.3,15.3,19.7,4.5
"03490",20180517,2018,5,17,8.7,12.6,17.8,0
"03490",20180518,2018,5,18,8.3,11.4,17.1,0
"03490",20180519,2018,5,19,6,12.4,18,0
"03490",20180520,2018,5,20,6.6,13.9,23.6,4.5
"03490",20180521,2018,5,21,11.2,18,25.4,0
"03490",20180522,2018,5,22,13.4,16.8,22,2.3
"03490",20180523,2018,5,23,13.5,18.2,24.3,0
"03490",20180524,2018,5,24,12.9,17.7,21.8,0
"03490",20180525,2018,5,25,12.2,18.9,25.9,0
"03490",20180526,2018,5,26,13.3,20.9,28.9,0
"03490",20180527,2018,5,27,14.6,20.1,27.4,2.9
"03490",20180528,2018,5,28,13.4,21.7,30.2,0
"03490",20180529,2018,5,29,16.5,21.5,29.5,0.1
"03490",20180530,2018,5,30,13.6,21.8,29,0.2
"03490",20180531,2018,5,31,18.1,22,28,22.3
"03490",20180601,2018,6,1,14.8,17.7,20.3,15.3
"03490",20180602,2018,6,2,13.7,18,22.9,0.7
"03490",20180603,2018,6,3,12.7,19,25.6,0
"03490",20180604,2018,6,4,13.7,20.6,27.2,0
"03490",20180605,2018,6,5,14.5,18.6,23.6,0
"03490",20180606,2018,6,6,13.2,21.2,29.3,0
"03490",20180607,2018,6,7,16.8,21.7,27.7,0.7
"03490",20180608,2018,6,8,16.5,20.1,23.3,0.2
"03490",20180609,2018,6,9,18.1,21.4,26.3,1.1
"03490",20180610,2018,6,10,17.1,21.3,25.4,0
"03490",20180611,2018,6,11,15.2,18.5,22.7,33.4
"03490",20180612,2018,6,12,14.3,15.9,17.8,0.2
"03490",20180613,2018,6,13,9.4,14.1,17.3,0
"03490",20180614,2018,6,14,8.4,15.1,22,3.2
"03490",20180615,2018,6,15,14,18.1,23.9,0
"03490",20180616,2018,6,16,12,19.1,26.1,6.2
"03490",20180617,2018,6,17,11.5,15.9,21.9,0.4
"03490",20180618,2018,6,18,12.7,17.9,23.2,0
"03490",20180619,2018,6,19,11.9,18.4,22.4,0
"03490",20180620,2018,6,20,16.3,22.4,29.5,0
"03490",20180621,2018,6,21,10.1,16.8,20.5,0.1
"03490",20180622,2018,6,22,10,13.3,17.6,0
"03490",20180623,2018,6,23,10.1,13.4,17.3,0.2
"03490",20180624,2018,6,24,11.6,15.5,19.3,0.2
"03490",20180625,2018,6,25,13.3,16,20.9,0
"03490",20180626,2018,6,26,11.5,16.2,22.5,0.1
"03490",20180627,2018,6,27,10.6,18.7,26.9,0
"03490",20180628,2018,6,28,11.2,19.9,27.6,0
"03490",20180629,2018,6,29,15.5,22,29.3,0
"03490",20180630,2018,6,30,14.2,22,29.7,0
"03490",20180701,2018,7,1,10.1,20,26.6,0
"03490",20180702,2018,7,2,7.2,18.9,28.2,0
"03490",20180703,2018,7,3,11,21.5,30.5,0
"03490",20180704,2018,7,4,14.8,19.9,26.5,1.4
"03490",20180705,2018,7,5,14,19.7,26.5,1.5
"03490",20180706,2018,7,6,15.5,19.6,25.7,0
"03490",20180707,2018,7,7,14.2,20.6,26.8,0
"03490",20180708,2018,7,8,12.9,19.2,25.8,0
"03490",20180709,2018,7,9,13.6,19.8,24.5,1.4
"03490",20180710,2018,7,10,13,16,19.3,1.1
"03490",20180711,2018,7,11,10.5,16.5,22.4,5.3
"03490",20180712,2018,7,12,15.3,19.5,25.6,0
"03490",20180713,2018,7,13,13.1,20.3,27.7,0
"03490",20180714,2018,7,14,14.8,21.6,28.8,0
"03490",20180715,2018,7,15,13.5,21.7,29.4,0
"03490",20180716,2018,7,16,14.1,22.1,30.8,0
"03490",20180717,2018,7,17,14.5,20.3,28.5,2.8
"03490",20180718,2018,7,18,12.5,19.4,26.4,0
"03490",20180719,2018,7,19,12.4,20.9,28.8,0
"03490",20180720,2018,7,20,13.7,21.3,30.6,0.3
"03490",20180721,2018,7,21,16,21.3,29,0
"03490",20180722,2018,7,22,18.3,22.4,28.5,0
"03490",20180723,2018,7,23,15.5,22.2,28.9,0
"03490",20180724,2018,7,24,16.4,24.7,33.5,0
"03490",20180725,2018,7,25,17.9,25.8,35.5,0.1
"03490",20180726,2018,7,26,18.9,26.7,37.1,0
"03490",20180727,2018,7,27,17.4,26.4,36.2,0.2
"03490",20180728,2018,7,28,16.9,22.9,29,2.6
"03490",20180729,2018,7,29,15,22.5,30.6,0
"03490",20180730,2018,7,30,16.9,25.3,34.2,0
"03490",20180731,2018,7,31,18.3,25.4,33.7,0
"03490",20180801,2018,8,1,16,22.3,27.1,0
"03490",20180802,2018,8,2,15.2,24.9,33.9,0
"03490",20180803,2018,8,3,18.2,26.7,35.9,0
"03490",20180804,2018,8,4,20.4,26.7,33.6,0
"03490",20180805,2018,8,5,15.9,22.8,29.5,0
"03490",20180806,2018,8,6,13.8,24.4,35.2,0
"03490",20180807,2018,8,7,14.4,27.5,37.5,9.5
"03490",20180808,2018,8,8,16.6,23.1,28.9,0.1
"03490",20180809,2018,8,9,16.1,21.1,30.9,5
"03490",20180810,2018,8,10,10.9,17.7,24.3,0
"03490",20180811,2018,8,11,12.2,18.1,24.4,0
"03490",20180812,2018,8,12,8.5,18.9,29.2,1.9
"03490",20180813,2018,8,13,11.4,18,24.7,2.9
"03490",20180814,2018,8,14,14.5,18.9,23.9,0
"03490",20180815,2018,8,15,14.5,19.9,24.9,0.1
"03490",20180816,2018,8,16,13.1,21.8,31.5,0
"03490",20180817,2018,8,17,14,18.5,22.3,0.8
"03490",20180818,2018,8,18,11.5,19.1,27.5,0
"03490",20180819,2018,8,19,12.9,20.7,30.7,0
"03490",20180820,2018,8,20,16.2,21.1,24.7,0.1
"03490",20180821,2018,8,21,16.9,21.9,28.4,0
"03490",20180822,2018,8,22,15,22.8,31.9,0
"03490",20180823,2018,8,23,16,22.4,30.5,0.2
"03490",20180824,2018,8,24,14.9,18.3,21.8,0.5
"03490",20180825,2018,8,25,8,14.3,18.7,0.2
"03490",20180826,2018,8,26,5.5,14.5,22.1,0.8
"03490",20180827,2018,8,27,12.6,18.4,24,0
"03490",20180828,2018,8,28,10.2,18.7,26.3,0
"03490",20180829,2018,8,29,9.2,18.6,30.9,2.7
"03490",20180830,2018,8,30,11.4,16.6,21,0
"03490",20180831,2018,8,31,9.7,14.7,20.2,0
"03490",20180901,2018,9,1,7.2,14,22.1,0
"03490",20180902,2018,9,2,7.3,15.2,22.4,0
"03490",20180903,2018,9,3,15,17.8,21.5,0.3
"03490",20180904,2018,9,4,14.2,20.3,27.5,0
"03490",20180905,2018,9,5,16.5,21.3,28.8,0.5
"03490",20180906,2018,9,6,15.9,18.6,21.6,1.1
"03490",20180907,2018,9,7,7.6,14,19.1,1
"03490",20180908,2018,9,8,4,14,23,0
"03490",20180909,2018,9,9,10,17.3,27,0
"03490",20180910,2018,9,10,9.3,17,25.4,0
"03490",20180911,2018,9,11,8.6,18.3,28.9,0
"03490",20180912,2018,9,12,9.3,18.6,27.9,0.7
"03490",20180913,2018,9,13,12.3,15.2,17.1,0
"03490",20180914,2018,9,14,11.2,16.2,22.6,0.1
"03490",20180915,2018,9,15,9.2,15.2,21.5,0
"03490",20180916,2018,9,16,5.3,15.8,25.6,0
"03490",20180917,2018,9,17,8.8,17.2,29.2,0
"03490",20180918,2018,9,18,8.9,20.6,32.3,0
"03490",20180919,2018,9,19,14.1,21.1,29.4,0
"03490",20180920,2018,9,20,13.5,19.4,28.1,0
"03490",20180921,2018,9,21,12.4,15,17.8,0.3
"03490",20180922,2018,9,22,10.8,13.3,18.6,6.3
"03490",20180923,2018,9,23,8.7,11.3,14.7,33.6
"03490",20180924,2018,9,24,6.9,10.1,15.4,1.6
"03490",20180925,2018,9,25,2.6,8.7,16.3,0
"03490",20180926,2018,9,26,2.6,9.2,18.7,0
"03490",20180927,2018,9,27,2.9,12.8,25.6,0
"03490",20180928,2018,9,28,5.7,9.8,13.6,0.7
"03490",20180929,2018,9,29,3,8.1,17.2,0
"03490",20180930,2018,9,30,0.1,8.9,18.1,0
"03490",20181001,2018,10,1,7.7,10,14.8,1.3
"03490",20181002,2018,10,2,7.1,10,13.3,0.9
"03490",20181003,2018,10,3,7.5,12.1,16.1,0
"03490",20181004,2018,10,4,4.9,9.8,18.1,0
"03490",20181005,2018,10,5,2.3,11,22.4,0
"03490",20181006,2018,10,6,4.4,13.2,25.6,0.2
"03490",20181007,2018,10,7,6.9,12,16.8,0.3
"03490",20181008,2018,10,8,5.2,10.2,17.8,0
"03490",20181009,2018,10,9,3.8,11.6,22.5,0
"03490",20181010,2018,10,10,6.7,13.4,23.3,0
"03490",20181011,2018,10,11,7.5,14.4,23.3,0.1
"03490",20181012,2018,10,12,10.2,17.2,26.1,0.1
"03490",20181013,2018,10,13,9.2,16.2,27.4,0
"03490",20181014,2018,10,14,7.7,15,26.5,0
"03490",20181015,2018,10,15,7.7,15.8,27.2,0
"03490",20181016,2018,10,16,9.8,15.3,25.4,0
"03490",20181017,2018,10,17,7,14.5,24.3,0
"03490",20181018,2018,10,18,9.2,13.8,16.9,0
"03490",20181019,2018,10,19,7.4,11,16.9,0
"03490",20181020,2018,10,20,4.8,9.1,15.1,0
"03490",20181021,2018,10,21,2.5,7.8,16.8,0
"03490",20181022,2018,10,22,2.6,8.2,11.9,0
"03490",20181023,2018,10,23,4.6,10.5,15.9,0
"03490",20181024,2018,10,24,12.1,13.7,15.2,1.3
"03490",20181025,2018,10,25,10.4,12.2,13.8,0
"03490",20181026,2018,10,26,4.4,9.6,11.4,1.2
"03490",20181027,2018,10,27,1.2,5,8.3,0
"03490",20181028,2018,10,28,0.8,4.5,7.3,0.2
"03490",20181029,2018,10,29,4.5,5.5,6.7,9.1
"03490",20181030,2018,10,30,4,6.3,9.2,3.4
"03490",20181031,2018,10,31,0.1,6.7,11.3,0
"03490",20181101,2018,11,1,1.9,6.4,11.5,0.4
"03490",20181102,2018,11,2,2.5,8.4,11.3,0.1
"03490",20181103,2018,11,3,-1.6,3.5,10.8,0
"03490",20181104,2018,11,4,-1.9,6.6,12.5,0
"03490",20181105,2018,11,5,3,8.5,13.2,0
"03490",20181106,2018,11,6,2,7.7,16.3,0
"03490",20181107,2018,11,7,2.5,11.1,17.2,0
"03490",20181108,2018,11,8,3.5,9.4,15.2,0.1
"03490",20181109,2018,11,9,1.8,8.1,16.5,0
"03490",20181110,2018,11,10,5.4,12.7,15.8,2
"03490",20181111,2018,11,11,9.4,12,15.7,7.8
"03490",20181112,2018,11,12,9.6,13.4,20.1,1.4
"03490",20181113,2018,11,13,4.8,11.1,14.5,0
"03490",20181114,2018,11,14,0.7,4.7,11.5,0
"03490",20181115,2018,11,15,-0.6,3.2,8.8,0
"03490",20181116,2018,11,16,-1,5.3,11.3,0
"03490",20181117,2018,11,17,-3,1.6,11.1,0
"03490",20181118,2018,11,18,-4.7,-0.4,7.5,0
"03490",20181119,2018,11,19,-3.7,1.7,5.5,0
"03490",20181120,2018,11,20,2.6,3.4,4.6,0
"03490",20181121,2018,11,21,0.4,2.7,3.7,0
"03490",20181122,2018,11,22,-2.5,2.1,7.1,0.1
"03490",20181123,2018,11,23,-4.1,-0.2,7.4,0.3
"03490",20181124,2018,11,24,-1.2,3.4,5.6,1.3
"03490",20181125,2018,11,25,0.8,4.2,6.1,0
"03490",20181126,2018,11,26,4,5.2,6.3,0
"03490",20181127,2018,11,27,-3.2,2.3,6.6,0
"03490",20181128,2018,11,28,-3.7,2.9,7,0.8
"03490",20181129,2018,11,29,4,6.6,8.1,0.2
"03490",20181130,2018,11,30,3.9,8.4,12,0
"03490",20181201,2018,12,1,-0.6,6.2,10.7,4.5
"03490",20181202,2018,12,2,9,12.4,15.5,9.7
"03490",20181203,2018,12,3,10.6,12.4,14.6,5.8
"03490",20181204,2018,12,4,1.2,5.9,12.2,3.6
"03490",20181205,2018,12,5,0.3,3.8,7.1,0.7
"03490",20181206,2018,12,6,5.8,10.3,13.4,0
"03490",20181207,2018,12,7,6.4,11.3,13.4,1.8
"03490",20181208,2018,12,8,6.2,8.1,10.7,5
"03490",20181209,2018,12,9,5.9,8.3,10.6,7.5
"03490",20181210,2018,12,10,3.5,5.1,7.2,5.2
"03490",20181211,2018,12,11,1.2,3.9,5.7,2.7
"03490",20181212,2018,12,12,-0.2,2.2,4.5,0
"03490",20181213,2018,12,13,-3.5,0.3,2.6,0
"03490",20181214,2018,12,14,-0.3,0.7,1.2,0
"03490",20181215,2018,12,15,-0.7,0.3,1.2,0.8
"03490",20181216,2018,12,16,-2.1,-0.4,1.6,0.7
"03490",20181217,2018,12,17,-2.3,3.5,8.4,0.6
"03490",20181218,2018,12,18,-1.3,4.4,7.6,0
"03490",20181219,2018,12,19,4.1,7.4,11,0.2
"03490",20181220,2018,12,20,4.1,7.8,9.2,1.3
"03490",20181221,2018,12,21,7.7,11.5,14.5,2.8
"03490",20181222,2018,12,22,3.9,9.5,11.7,4
"03490",20181223,2018,12,23,4,7.5,11.4,19.1
"03490",20181224,2018,12,24,-2,4.3,7.1,0.3
"03490",20181225,2018,12,25,-3,2.3,6.7,0
"03490",20181226,2018,12,26,-4.3,-2,2.4,0.1
"03490",20181227,2018,12,27,-3.8,-0.4,3.4,0
"03490",20181228,2018,12,28,-2.1,-0.1,3.8,0.2
"03490",20181229,2018,12,29,0.3,4,9.3,1.4
"03490",20181230,2018,12,30,6.6,7.9,8.8,2.2
"03490",20181231,2018,12,31,7,8.7,9.8,0.3
"03490",20190101,2019,1,1,4.3,7,8.7,2.3
"03490",20190102,2019,1,2,0.4,3.8,5.5,0.1
"03490",20190103,2019,1,3,-0.9,3,4.2,0.4
"03490",20190104,2019,1,4,2,3.4,4.3,1.3
"03490",20190105,2019,1,5,3.9,5.7,6.6,1.5
"03490",20190106,2019,1,6,4.5,5.1,5.6,2.3
"03490",20190107,2019,1,7,4,5.6,7.9,3.9
"03490",20190108,2019,1,8,4.2,6.5,8.8,4.7
"03490",20190109,2019,1,9,1.1,3.5,5.2,4.9
"03490",20190110,2019,1,10,0.7,1.4,2.3,0.4
"03490",20190111,2019,1,11,0.5,3.7,7,1.5
"03490",20190112,2019,1,12,5.2,6.4,7.7,4.9
"03490",20190113,2019,1,13,6.6,8.5,9.8,13.8
"03490",20190114,2019,1,14,1.9,4.8,7.4,5.2
"03490",20190115,2019,1,15,2.7,5.4,7.4,0.2
"03490",20190116,2019,1,16,2.7,5.5,6.6,0.2
"03490",20190117,2019,1,17,1.6,4.6,7.4,2.3
"03490",20190118,2019,1,18,-3.7,0.7,3.1,0
"03490",20190119,2019,1,19,-7,-3.1,2.8,0
"03490",20190120,2019,1,20,-7.9,-4.7,1.1,0
"03490",20190121,2019,1,21,-9.2,-5.7,0.7,0
"03490",20190122,2019,1,22,-10.7,-5,0.2,0.1
"03490",20190123,2019,1,23,-2.4,-1.7,-0.9,0
"03490",20190124,2019,1,24,-3.3,-2.6,-2.1,0
"03490",20190125,2019,1,25,-2.5,0.5,3.6,2.3
"03490",20190126,2019,1,26,3.6,6.1,8,0.2
"03490",20190127,2019,1,27,2.7,6.1,8.3,4.7
"03490",20190128,2019,1,28,1.7,3,3.8,9.5
"03490",20190129,2019,1,29,-2.3,1.2,4.6,0
"03490",20190130,2019,1,30,-0.8,0.2,1.2,5.9
"03490",20190131,2019,1,31,-5.3,-1.3,2.5,3.7
"03490",20190201,2019,2,1,-2.7,1.4,8.4,5
"03490",20190202,2019,2,2,0.8,1.7,3.6,0.1
"03490",20190203,2019,2,3,0.3,1.9,4.4,0
"03490",20190204,2019,2,4,-3.9,1.6,5.4,0.2
"03490",20190205,2019,2,5,-2.2,3.4,6.4,0.2
"03490",20190206,2019,2,6,-3.8,2.3,10.7,0
"03490",20190207,2019,2,7,2.3,6.7,9.8,0.1
"03490",20190208,2019,2,8,5.9,7.7,9.1,3.2
"03490",20190209,2019,2,9,6.5,8.5,11,1.2
"03490",20190210,2019,2,10,3.6,8.1,10.5,14.7
"03490",20190211,2019,2,11,1.4,4.3,6.9,0.5
"03490",20190212,2019,2,12,0.5,3.7,7.9,0
"03490",20190213,2019,2,13,-3.2,1.2,7.1,0
"03490",20190214,2019,2,14,-4.3,1.9,12.2,0
"03490",20190215,2019,2,15,-3.4,3.8,14.7,0
"03490",20190216,2019,2,16,-3.6,3.7,16,0
"03490",20190217,2019,2,17,-3.1,4,16.3,0
"03490",20190218,2019,2,18,-3.1,6.7,16.8,0.1
"03490",20190219,2019,2,19,2.4,7.2,13.2,0
"03490",20190220,2019,2,20,-0.5,5.2,12.1,0
"03490",20190221,2019,2,21,-0.5,7.9,15.4,0.4
"03490",20190222,2019,2,22,2.1,9.4,13.3,0.5
"03490",20190223,2019,2,23,-1.2,4.8,10.8,0
"03490",20190224,2019,2,24,-2.8,4.1,14.6,0
"03490",20190225,2019,2,25,-1.4,6.9,18.7,0
"03490",20190226,2019,2,26,-0.9,8.6,20,0
"03490",20190227,2019,2,27,-0.8,8.9,20.7,0
"03490",20190228,2019,2,28,2.5,9.5,18.8,2.3
"03490",20190301,2019,3,1,4.6,7.6,9.8,1
"03490",20190302,2019,3,2,4.7,8.1,12.2,0.1
"03490",20190303,2019,3,3,9,11.2,13.2,0.2
"03490",20190304,2019,3,4,6.5,9.5,13.3,4.7
"03490",20190305,2019,3,5,3.3,6.6,10.4,1
"03490",20190306,2019,3,6,4.2,10.1,14.6,0.1
"03490",20190307,2019,3,7,6.6,10,12.4,3.5
"03490",20190308,2019,3,8,6.4,8.3,11.4,2.1
"03490",20190309,2019,3,9,6.1,9.9,13.9,4.8
"03490",20190310,2019,3,10,3.1,8.2,14.5,10.2
"03490",20190311,2019,3,11,1.6,4.4,7.4,2.1
"03490",20190312,2019,3,12,1.4,6.8,10.7,0.2
"03490",20190313,2019,3,13,4.5,6.1,8,8.9
"03490",20190314,2019,3,14,4.1,7.2,10.7,2.9
"03490",20190315,2019,3,15,6.3,10.6,13.8,12.2
"03490",20190316,2019,3,16,7.6,10.1,12.8,0
"03490",20190317,2019,3,17,3.3,7.9,11.1,3.9
"03490",20190318,2019,3,18,1,5,9.9,1.7
"03490",20190319,2019,3,19,-0.9,4.3,10.4,0
"03490",20190320,2019,3,20,-2.1,6.1,14.5,0
"03490",20190321,2019,3,21,1.9,8.9,17.4,0
"03490",20190322,2019,3,22,2.4,10.1,20.2,0
"03490",20190323,2019,3,23,3.8,7,10.8,0
"03490",20190324,2019,3,24,2.3,6.8,12.5,0.1
"03490",20190325,2019,3,25,1.4,6.2,8.7,3.4
"03490",20190326,2019,3,26,5.1,6.8,9,0
"03490",20190327,2019,3,27,2.3,6.6,11.3,0
"03490",20190328,2019,3,28,3,7.9,13.7,0
"03490",20190329,2019,3,29,1.6,8.9,17.9,0
"03490",20190330,2019,3,30,2.4,11.3,20.3,0
"03490",20190331,2019,3,31,2.8,10.2,16.9,0
"03490",20190401,2019,4,1,1.1,8.4,17.4,0
"03490",20190402,2019,4,2,2.9,10.4,17.5,0.5
"03490",20190403,2019,4,3,4.2,7.7,10,1
"03490",20190404,2019,4,4,2.3,5.3,7.4,0.7
"03490",20190405,2019,4,5,2.9,6.4,8.9,0
"03490",20190406,2019,4,6,6.1,10.7,16.9,0
"03490",20190407,2019,4,7,5.2,12.8,20.5,0
"03490",20190408,2019,4,8,7,12.8,18.6,1
"03490",20190409,2019,4,9,7,11.7,17,0.3
"03490",20190410,2019,4,10,1.2,8.7,15.1,0
"03490",20190411,2019,4,11,-0.6,5.9,12.7,0
"03490",20190412,2019,4,12,-1.1,3.6,6.8,0
"03490",20190413,2019,4,13,-1.1,2.4,6.6,3.9
"03490",20190414,2019,4,14,-0.8,4.7,12.4,0.6
"03490",20190415,2019,4,15,1.7,9.1,18,0
"03490",20190416,2019,4,16,-0.2,10.7,19.5,1.9
"03490",20190417,2019,4,17,4.8,12,18.3,0.1
"03490",20190418,2019,4,18,3.1,13.3,22.4,0
"03490",20190419,2019,4,19,3.8,14.6,24.6,0
"03490",20190420,2019,4,20,6.5,15.6,25.3,0
"03490",20190421,2019,4,21,6.5,15.5,25.1,0
"03490",20190422,2019,4,22,6.3,15.8,25.1,0
"03490",20190423,2019,4,23,4.9,14.2,21.6,0
"03490",20190424,2019,4,24,7.4,15.1,25.4,6.7
"03490",20190425,2019,4,25,5.7,13.7,21.1,1.1
"03490",20190426,2019,4,26,8.5,12,16.5,0
"03490",20190427,2019,4,27,4.6,9.3,13.6,1
"03490",20190428,2019,4,28,4,8,12.1,8.8
"03490",20190429,2019,4,29,2.9,9.9,15.7,0.1
"03490",20190430,2019,4,30,7.1,12.9,18.4,0
"03490",20190501,2019,5,1,5.4,10.4,17,0
"03490",20190502,2019,5,2,5.6,11.1,17.3,2.8
"03490",20190503,2019,5,3,6.3,9.4,12.9,12
"03490",20190504,2019,5,4,1.3,4.9,10.5,2
"03490",20190505,2019,5,5,1.7,5.5,11.2,4.2
"03490",20190506,2019,5,6,2.4,6.8,11.6,0.2
"03490",20190507,2019,5,7,3.5,8,12.6,0
"03490",20190508,2019,5,8,2.1,9.1,14.9,3.1
"03490",20190509,2019,5,9,7.8,11.8,16.5,1.3
"03490",20190510,2019,5,10,7.2,12.2,16.8,13.6
"03490",20190511,2019,5,11,6.5,10,14.1,8.3
"03490",20190512,2019,5,12,4.8,8.9,14.5,0
"03490",20190513,2019,5,13,2.1,9.5,16.6,0
"03490",20190514,2019,5,14,2.1,9.6,16.8,0
"03490",20190515,2019,5,15,2.4,10.2,17.8,0
"03490",20190516,2019,5,16,4.8,10.5,16.9,6.4
"03490",20190517,2019,5,17,8,11.3,17.3,5.8
"03490",20190518,2019,5,18,8,14.6,21.3,0.2
"03490",20190519,2019,5,19,11.1,15.3,21,0.8
"03490",20190520,2019,5,20,10.8,13.5,15.5,5.2
"03490",20190521,2019,5,21,11.5,12,12.7,12.3
"03490",20190522,2019,5,22,8.8,12.9,18.5,0
"03490",20190523,2019,5,23,7.8,15.7,22.9,0
"03490",20190524,2019,5,24,10.2,17.1,23.9,0
"03490",20190525,2019,5,25,8.7,14.5,19.7,0
"03490",20190526,2019,5,26,7.8,16.7,22.8,0
"03490",20190527,2019,5,27,12.3,15.2,17.8,0.1
"03490",20190528,2019,5,28,11.3,13.4,18,2.8
"03490",20190529,2019,5,29,8.2,13.9,20.3,0
"03490",20190530,2019,5,30,9.4,15.7,21.5,0
"03490",20190531,2019,5,31,10.5,17.9,24.1,0
"03490",20190601,2019,6,1,11.4,20.2,28.3,0
"03490",20190602,2019,6,2,11.2,22.4,31.3,0
"03490",20190603,2019,6,3,12.6,20.3,28.9,0.6
"03490",20190604,2019,6,4,15.4,21.7,30.1,1.5
"03490",20190605,2019,6,5,15.3,21.9,29.2,7.2
"03490",20190606,2019,6,6,7.8,14.7,18.2,0
"03490",20190607,2019,6,7,5.7,15.5,24.5,0
"03490",20190608,2019,6,8,8.9,15.6,19.5,0.2
"03490",20190609,2019,6,9,7.6,16.6,23.6,0
"03490",20190610,2019,6,10,13.6,18.8,23.9,0.6
"03490",20190611,2019,6,11,13.4,17.2,21.1,0
"03490",20190612,2019,6,12,8.8,15.8,21.1,7.5
"03490",20190613,2019,6,13,6.7,15.3,22.5,0.1
"03490",20190614,2019,6,14,7.9,19.3,27.8,1
"03490",20190615,2019,6,15,14.7,19.5,25,0.5
"03490",20190616,2019,6,16,12.8,18.7,24.1,0
"03490",20190617,2019,6,17,11.4,19.7,27.4,0.1
"03490",20190618,2019,6,18,13.9,22.1,29.5,0.1
"03490",20190619,2019,6,19,14.8,21.6,29.4,0.4
"03490",20190620,2019,6,20,14.6,18.5,24,3.7
"03490",20190621,2019,6,21,12.2,17.1,22.8,0
"03490",20190622,2019,6,22,9.9,18.8,26.8,0
"03490",20190623,2019,6,23,14.2,22,29.8,0
"03490",20190624,2019,6,24,13.8,24.2,32.6,0
"03490",20190625,2019,6,25,15.3,27,36.4,0
"03490",20190626,2019,6,26,20.6,26.8,32.7,0
"03490",20190627,2019,6,27,14.8,22,27.9,0
"03490",20190628,2019,6,28,12,20.3,28.9,0
"03490",20190629,2019,6,29,12.9,23.5,34.3,0
"03490",20190630,2019,6,30,11.6,24.8,35.1,1.2
"03490",20190701,2019,7,1,15.1,21.2,26.3,0
"03490",20190702,2019,7,2,12.4,18,24.1,0
"03490",20190703,2019,7,3,9.8,16.6,23.6,0
"03490",20190704,2019,7,4,8.5,17.7,25,0
"03490",20190705,2019,7,5,14.4,20.7,28,0
"03490",20190706,2019,7,6,13.6,21.5,30.7,3.7
"03490",20190707,2019,7,7,10.9,16.9,21.3,0
"03490",20190708,2019,7,8,9.1,14.4,18.1,0
"03490",20190709,2019,7,9,9.3,15.1,21.4,0
"03490",20190710,2019,7,10,7.8,17.7,25.3,0
"03490",20190711,2019,7,11,13.4,17.3,22.5,5.8
"03490",20190712,2019,7,12,13.4,18.1,24.7,1.9
"03490",20190713,2019,7,13,14.5,17.5,21.3,0.4
"03490",20190714,2019,7,14,13.9,15.8,18.8,0
"03490",20190715,2019,7,15,12.6,15.3,17.2,0
"03490",20190716,2019,7,16,12.1,16.1,21,0
"03490",20190717,2019,7,17,10,16.4,22.9,0
"03490",20190718,2019,7,18,10.8,19.7,28,3.2
"03490",20190719,2019,7,19,15.8,20,25.9,0
"03490",20190720,2019,7,20,11.7,20.1,31.3,6.9
"03490",20190721,2019,7,21,13.4,20.3,26.2,0
"03490",20190722,2019,7,22,13.7,22.4,30.1,0
"03490",20190723,2019,7,23,16.4,25.7,35.5,0
"03490",20190724,2019,7,24,17.7,28.3,39.9,0
"03490",20190725,2019,7,25,19.4,29.6,40.4,0
"03490",20190726,2019,7,26,17.2,26.6,39.2,0
"03490",20190727,2019,7,27,19.1,22,28.9,2.5
"03490",20190728,2019,7,28,16.8,18.7,20,1.5
"03490",20190729,2019,7,29,16,20.6,27.4,0
"03490",20190730,2019,7,30,14,22.6,30.7,0
"03490",20190731,2019,7,31,12,19.5,25.1,0.2
"03490",20190801,2019,8,1,11.4,18.8,25.6,0.1
"03490",20190802,2019,8,2,15.1,20.4,27.1,3.4
"03490",20190803,2019,8,3,13.8,18.5,23.5,0.8
"03490",20190804,2019,8,4,12.3,20.2,29.5,1.9
"03490",20190805,2019,8,5,16.3,21.9,28.3,0
"03490",20190806,2019,8,6,14.8,20,26.4,4.9
"03490",20190807,2019,8,7,13.4,18.8,24.9,6
"03490",20190808,2019,8,8,11.9,18.8,24.3,0
"03490",20190809,2019,8,9,13,20.2,28.6,9.3
"03490",20190810,2019,8,10,12.9,20.7,25.7,0
"03490",20190811,2019,8,11,12.9,18,22.6,0
"03490",20190812,2019,8,12,11.5,16.6,23.9,8.8
"03490",20190813,2019,8,13,10.1,15.3,21.8,0.9
"03490",20190814,2019,8,14,6.5,15.7,23.6,0.4
"03490",20190815,2019,8,15,14.3,17.9,23.4,1.4
"03490",20190816,2019,8,16,11.3,17.9,23.7,0.1
"03490",20190817,2019,8,17,14.7,18.4,22.5,5.7
"03490",20190818,2019,8,18,13.7,19,26.4,0
"03490",20190819,2019,8,19,10.4,17,24.1,0
"03490",20190820,2019,8,20,8.2,15.4,21.9,0
"03490",20190821,2019,8,21,9.8,16.6,24.4,0
"03490",20190822,2019,8,22,9.9,18.2,27.4,0
"03490",20190823,2019,8,23,11.6,19.9,29.5,0
"03490",20190824,2019,8,24,12,21,31,0
"03490",20190825,2019,8,25,14.9,22.8,31.7,0
"03490",20190826,2019,8,26,17.5,24.5,34.1,0
"03490",20190827,2019,8,27,15.5,22.6,32,3.3
"03490",20190828,2019,8,28,14.3,21.9,32.2,0
"03490",20190829,2019,8,29,15.9,21.5,26.4,0
"03490",20190830,2019,8,30,14.4,20.3,27.4,0
"03490",20190831,2019,8,31,11.5,22.5,33.5,3.9
"03490",20190901,2019,9,1,11.4,16.8,20.4,0
"03490",20190902,2019,9,2,9.2,15.1,21.4,0
"03490",20190903,2019,9,3,8.4,15.7,23.9,0
"03490",20190904,2019,9,4,10.6,17.8,26.2,1.4
"03490",20190905,2019,9,5,8.9,14.2,18.6,0.3
"03490",20190906,2019,9,6,6.8,14,21.4,3.2
"03490",20190907,2019,9,7,11.1,13.8,17.5,1.9
"03490",20190908,2019,9,8,10.4,12.5,15,10.6
"03490",20190909,2019,9,9,8.2,12.8,16.9,0
"03490",20190910,2019,9,10,4.8,12.5,20.1,0
"03490",20190911,2019,9,11,7.8,15,21.9,0.3
"03490",20190912,2019,9,12,12.9,18.8,24.5,0.4
"03490",20190913,2019,9,13,12.5,17.1,21.7,0.5
"03490",20190914,2019,9,14,10.9,15.3,23.1,0
"03490",20190915,2019,9,15,5.9,15.9,25.9,0
"03490",20190916,2019,9,16,12.3,16.4,23.2,1.1
"03490",20190917,2019,9,17,7.6,14.7,18.7,0
"03490",20190918,2019,9,18,5.5,10.9,17.7,0
"03490",20190919,2019,9,19,5.2,10.5,17.6,0
"03490",20190920,2019,9,20,3.2,10.5,20.5,0
"03490",20190921,2019,9,21,2.6,12.3,25.1,0
"03490",20190922,2019,9,22,5.1,16.2,26.4,3.8
"03490",20190923,2019,9,23,11.8,16.4,21.3,0
"03490",20190924,2019,9,24,7,13.7,19.9,3.4
"03490",20190925,2019,9,25,12.2,15.8,19.3,0.4
"03490",20190926,2019,9,26,10.9,16.6,19.6,6.6
"03490",20190927,2019,9,27,13,16.6,20.8,0.1
"03490",20190928,2019,9,28,14.3,15.9,19,0
"03490",20190929,2019,9,29,14.5,16.8,18.8,3.1
"03490",20190930,2019,9,30,12.1,15.5,18.8,0.1
"03490",20191001,2019,10,1,11.8,15.7,19.8,11
"03490",20191002,2019,10,2,8.2,11.5,15.5,0.6
"03490",20191003,2019,10,3,7.4,10.8,14.5,0
"03490",20191004,2019,10,4,7.5,11,14.8,4
"03490",20191005,2019,10,5,4.8,9.7,12.9,0
"03490",20191006,2019,10,6,5,8.2,9.1,17.7
"03490",20191007,2019,10,7,8.2,10.3,13.4,2.1
"03490",20191008,2019,10,8,8.4,13.2,16.3,5.6
"03490",20191009,2019,10,9,9.4,11.9,14.5,4.2
"03490",20191010,2019,10,10,8.8,12.2,16.3,0.1
"03490",20191011,2019,10,11,8.5,14.5,17.2,0
"03490",20191012,2019,10,12,11.5,17.4,21.9,0
"03490",20191013,2019,10,13,10.7,19.1,25.1,0
"03490",20191014,2019,10,14,11.6,16.4,24.4,0
"03490",20191015,2019,10,15,9.8,13.9,18.3,2.8
"03490",20191016,2019,10,16,11.2,13.6,15.6,0.9
"03490",20191017,2019,10,17,12.2,15.5,18.1,0.2
"03490",20191018,2019,10,18,7.8,13.8,17.8,1.6
"03490",20191019,2019,10,19,9.2,12.8,16.3,5.9
"03490",20191020,2019,10,20,11.4,12.2,13.4,25.5
"03490",20191021,2019,10,21,8.1,12.9,17.9,0
"03490",20191022,2019,10,22,5.2,9.9,16.4,0
"03490",20191023,2019,10,23,6.3,10.9,15.1,0
"03490",20191024,2019,10,24,7.9,13,21.6,0
"03490",20191025,2019,10,25,8.8,13.7,17.7,0
"03490",20191026,2019,10,26,11.2,16.5,21.2,0.4
"03490",20191027,2019,10,27,4.9,10.4,17.1,3
"03490",20191028,2019,10,28,2.7,4.9,9.3,0
"03490",20191029,2019,10,29,0.1,5.6,11.6,0
"03490",20191030,2019,10,30,-2.5,2,7.4,0
"03490",20191031,2019,10,31,-2.8,1.7,10.2,0
"03490",20191101,2019,11,1,-1.4,6,12.2,5.8
"03490",20191102,2019,11,2,11.6,14.1,17,1.6
"03490",20191103,2019,11,3,8.6,12.2,15.8,0.5
"03490",20191104,2019,11,4,5.4,10,13.6,1.4
"03490",20191105,2019,11,5,7.3,9.5,12,0.2
"03490",20191106,2019,11,6,5.8,8.2,10,5
"03490",20191107,2019,11,7,0.1,6.9,10.8,0.9
"03490",20191108,2019,11,8,-0.8,3.8,9.6,0
"03490",20191109,2019,11,9,-0.2,4.4,9.4,0
"03490",20191110,2019,11,10,-2.3,1.1,5.7,0
"03490",20191111,2019,11,11,-2.3,3.9,7.7,1.1
"03490",20191112,2019,11,12,-1.4,4.8,8,2.1
"03490",20191113,2019,11,13,-2.2,4.2,7.8,0
"03490",20191114,2019,11,14,1,5.4,8.8,0
"03490",20191115,2019,11,15,0.5,3.5,7.4,0
"03490",20191116,2019,11,16,-2.8,1.5,8.1,0.1
"03490",20191117,2019,11,17,-2.8,1.7,4.6,13.3
"03490",20191118,2019,11,18,3,4,5.2,9.4
"03490",20191119,2019,11,19,0.3,4.1,7.2,0.4
"03490",20191120,2019,11,20,-2.7,1.8,6.3,0
"03490",20191121,2019,11,21,-2.5,1.3,5.5,0.5
"03490",20191122,2019,11,22,-0.7,4,6.8,0.3
"03490",20191123,2019,11,23,1.1,6.2,11.7,0.1
"03490",20191124,2019,11,24,0,3.8,10.7,0
"03490",20191125,2019,11,25,1,4.5,7.7,0
"03490",20191126,2019,11,26,4.7,8.9,12.5,0.8
"03490",20191127,2019,11,27,7.8,11,12.9,0.5
"03490",20191128,2019,11,28,8.7,10.6,11.6,3.9
"03490",20191129,2019,11,29,1.7,6.1,9.6,0
"03490",20191130,2019,11,30,-1.5,1.1,5.6,0
"03490",20191201,2019,12,1,-2.5,0,2.6,0
"03490",20191202,2019,12,2,-1.5,3,6.4,0.9
"03490",20191203,2019,12,3,-0.1,5.7,7.9,0.1
"03490",20191204,2019,12,4,-3.9,1,5.6,0
"03490",20191205,2019,12,5,-5.4,-2.5,2.6,0.1
"03490",20191206,2019,12,6,-5.1,3,8.5,1.1
"03490",20191207,2019,12,7,7.8,9.3,10.2,0
"03490",20191208,2019,12,8,6.5,10.1,12,3.3
"03490",20191209,2019,12,9,4.7,7.3,9,3.7
"03490",20191210,2019,12,10,1.1,4.6,6.8,1.4
"03490",20191211,2019,12,11,3.2,4.6,7,5.6
"03490",20191212,2019,12,12,0.3,3.4,6.4,0.1
"03490",20191213,2019,12,13,2.2,4.4,7.5,4.9
"03490",20191214,2019,12,14,4.4,6.9,8.7,1.7
"03490",20191215,2019,12,15,1.5,8.2,11.7,4
"03490",20191216,2019,12,16,3.1,6.4,9.7,0.9
"03490",20191217,2019,12,17,4.3,11.2,17.3,3.4
"03490",20191218,2019,12,18,1.8,6.6,11.5,0
"03490",20191219,2019,12,19,2.1,6.5,12.4,0
"03490",20191220,2019,12,20,3.7,8.7,11.6,3.8
"03490",20191221,2019,12,21,2,7.2,10.5,0.4
"03490",20191222,2019,12,22,3.4,8.1,11.6,1.2
"03490",20191223,2019,12,23,3.1,7.9,9.7,0.6
"03490",20191224,2019,12,24,1,7.7,11.5,2.8
"03490",20191225,2019,12,25,4.6,7.4,9.4,1.6
"03490",20191226,2019,12,26,2.4,4,5.6,2.3
"03490",20191227,2019,12,27,-0.8,4.2,6.1,0.1
"03490",20191228,2019,12,28,-3.3,-0.9,1.8,0
"03490",20191229,2019,12,29,-4.9,-1.7,2.5,0
"03490",20191230,2019,12,30,-4.7,-1.8,4.7,0
"03490",20191231,2019,12,31,-5.2,-0.9,4,0
"03490",20200101,2020,1,1,-4.9,-2.2,3.6,0.1
"03490",20200102,2020,1,2,-6.4,-1,3.5,0
"03490",20200103,2020,1,3,1.8,6.5,10.1,2
"03490",20200104,2020,1,4,-0.1,5.5,7.4,0
"03490",20200105,2020,1,5,3.9,6.5,7.5,0
"03490",20200106,2020,1,6,-1.9,3.2,7.6,0.6
"03490",20200107,2020,1,7,1.6,5.7,9.5,0.3
"03490",20200108,2020,1,8,5.4,9.2,11.9,1.1
"03490",20200109,2020,1,9,8.5,11.7,14,0.2
"03490",20200110,2020,1,10,3.1,8.2,11.1,2.7
"03490",20200111,2020,1,11,-0.2,3.8,7,0
"03490",20200112,2020,1,12,-1.9,4.4,8.2,0
"03490",20200113,2020,1,13,0.7,6,9.8,0
"03490",20200114,2020,1,14,8.9,10.7,12.5,0
"03490",20200115,2020,1,15,7.1,11.8,14.1,0.4
"03490",20200116,2020,1,16,1.8,6.2,12.6,0
"03490",20200117,2020,1,17,1.3,7.1,11,0.2
"03490",20200118,2020,1,18,1.3,4.4,7.3,4.1
"03490",20200119,2020,1,19,1.3,3.4,4.7,0.7
"03490",20200120,2020,1,20,-2,2,6.5,0
"03490",20200121,2020,1,21,-5.2,-1.3,4.3,0
"03490",20200122,2020,1,22,-6.1,-1.4,1.5,0
"03490",20200123,2020,1,23,-3,1,2.4,0
"03490",20200124,2020,1,24,-5.1,-1.1,3,0
"03490",20200125,2020,1,25,-1.8,1.1,3.9,0
"03490",20200126,2020,1,26,-0.8,2.7,9.5,0
"03490",20200127,2020,1,27,0.1,7.1,9.6,3.1
"03490",20200128,2020,1,28,3.5,6,8.6,2
"03490",20200129,2020,1,29,2.8,5.3,7,0.1
"03490",20200130,2020,1,30,4,8.2,13.2,0.1
"03490",20200131,2020,1,31,11.8,13.6,15.2,0
"03490",20200201,2020,2,1,7.7,11.8,13,5.3
"03490",20200202,2020,2,2,5.6,10.6,15.3,1.7
"03490",20200203,2020,2,3,5.6,10.3,12,16.3
"03490",20200204,2020,2,4,3,4.6,6,4.4
"03490",20200205,2020,2,5,0,3.8,7.6,0
"03490",20200206,2020,2,6,-2.7,1.6,7,0
"03490",20200207,2020,2,7,-3,1.5,7.7,0
"03490",20200208,2020,2,8,-2.8,2.3,6.9,0
"03490",20200209,2020,2,9,0,9.1,13.2,6.7
"03490",20200210,2020,2,10,3.7,8.4,12.6,7.5
"03490",20200211,2020,2,11,2.4,5.9,7.8,2.1
"03490",20200212,2020,2,12,3.2,5.6,8.6,0.1
"03490",20200213,2020,2,13,-1.2,4.6,7.7,7.5
"03490",20200214,2020,2,14,1.6,6.2,8.3,0.7
"03490",20200215,2020,2,15,-0.1,7.6,13.2,0
"03490",20200216,2020,2,16,9.3,14.8,18.5,2.9
"03490",20200217,2020,2,17,6.7,8.6,11.5,1.5
"03490",20200218,2020,2,18,4.8,7.1,9,2.2
"03490",20200219,2020,2,19,0.5,5.7,8,0.2
"03490",20200220,2020,2,20,4.7,8,9.8,3.8
"03490",20200221,2020,2,21,2.6,5.7,8.9,0
"03490",20200222,2020,2,22,3.6,8.6,11.5,0.2
"03490",20200223,2020,2,23,6.7,11,14.2,4.4
"03490",20200224,2020,2,24,2.3,8.1,12.7,4
"03490",20200225,2020,2,25,4,8.3,11.7,4.2
"03490",20200226,2020,2,26,2.1,4.1,5.3,1.9
"03490",20200227,2020,2,27,0.2,2.6,4.8,14
"03490",20200228,2020,2,28,1.6,4.5,7.2,0.9
"03490",20200229,2020,2,29,6.1,9.7,15,1.3
"03490",20200301,2020,3,1,2.6,7.2,10.7,10.7
"03490",20200302,2020,3,2,2.5,6.4,11.8,3.9
"03490",20200303,2020,3,3,1.8,5.3,8.4,0.5
"03490",20200304,2020,3,4,0.9,5.3,10.2,0.4
"03490",20200305,2020,3,5,2.8,5.7,7.5,11.5
"03490",20200306,2020,3,6,4,5.8,7.2,1.7
"03490",20200307,2020,3,7,4.4,6.4,9.2,0.2
"03490",20200308,2020,3,8,7.7,9.6,13.4,0.2
"03490",20200309,2020,3,9,3.6,7.7,10.5,6.4
"03490",20200310,2020,3,10,6.1,10.7,15.1,4.4
"03490",20200311,2020,3,11,13.3,14.3,15.9,0.1
"03490",20200312,2020,3,12,6.1,11,14,2.3
"03490",20200313,2020,3,13,2.8,7.2,10,0.2
"03490",20200314,2020,3,14,-0.2,6.1,12.4,0.1
"03490",20200315,2020,3,15,1,8.2,15.5,0.1
"03490",20200316,2020,3,16,0.4,9.3,18.2,0
"03490",20200317,2020,3,17,6.7,10.8,16.4,0
"03490",20200318,2020,3,18,1.8,11.1,17.2,0
"03490",20200319,2020,3,19,7.9,11.9,17.9,0.1
"03490",20200320,2020,3,20,5.7,9.4,11.7,5.7
"03490",20200321,2020,3,21,2.4,5.8,10.7,0.6
"03490",20200322,2020,3,22,0.9,4.7,10.2,0
"03490",20200323,2020,3,23,-2.9,3.2,9.6,0
"03490",20200324,2020,3,24,-4.9,2.2,9.8,0
"03490",20200325,2020,3,25,-5.3,3.3,12.2,0
"03490",20200326,2020,3,26,-3.9,3.9,11.4,0
"03490",20200327,2020,3,27,-0.7,7.5,16.9,0
"03490",20200328,2020,3,28,2.1,9.1,17.1,0
"03490",20200329,2020,3,29,0.1,3.8,6.5,0.3
"03490",20200330,2020,3,30,-4.7,2.8,7.8,0.3
"03490",20200331,2020,3,31,-1,5.1,10.2,0
"03490",20200401,2020,4,1,-2.5,4.2,11.5,0
"03490",20200402,2020,4,2,-1.5,5.5,11.4,0
"03490",20200403,2020,4,3,2.1,8.3,11.9,0
"03490",20200404,2020,4,4,-0.4,6.5,14.7,0
"03490",20200405,2020,4,5,-1.4,9.1,19.7,0
"03490",20200406,2020,4,6,2.1,13.2,22.9,0
"03490",20200407,2020,4,7,7,14.4,22.4,0
"03490",20200408,2020,4,8,5.8,15,24.3,0
"03490",20200409,2020,4,9,6.8,15.9,23.2,0
"03490",20200410,2020,4,10,6.7,14.1,22.5,0
"03490",20200411,2020,4,11,3.9,14,23.6,0
"03490",20200412,2020,4,12,5.8,15.1,23.4,0
"03490",20200413,2020,4,13,1.1,8.8,11.9,0.4
"03490",20200414,2020,4,14,0.9,5.7,11.2,0
"03490",20200415,2020,4,15,-0.2,8.8,19.6,0
"03490",20200416,2020,4,16,2.1,14.5,25,0
"03490",20200417,2020,4,17,7.6,15.7,23.8,0
"03490",20200418,2020,4,18,7.3,14,20.3,0.4
"03490",20200419,2020,4,19,4.8,12.2,18.3,0.1
"03490",20200420,2020,4,20,0.7,11.6,19.7,0
"03490",20200421,2020,4,21,1.5,12.5,21.4,0
"03490",20200422,2020,4,22,1.7,13.2,22.9,0
"03490",20200423,2020,4,23,2.2,13.1,23.1,0
"03490",20200424,2020,4,24,4.5,13.7,21.9,0
"03490",20200425,2020,4,25,5.5,10.2,16.2,0
"03490",20200426,2020,4,26,2.7,11.7,20.2,0
"03490",20200427,2020,4,27,5.2,14,22.8,0.1
"03490",20200428,2020,4,28,5.2,12.9,18,0.2
"03490",20200429,2020,4,29,10.3,14.9,18.5,3.3
"03490",20200430,2020,4,30,7.5,11.8,16.8,8.3
"03490",20200501,2020,5,1,4.9,10.6,15.7,1.9
"03490",20200502,2020,5,2,5.9,9.5,14.3,0.3
"03490",20200503,2020,5,3,2.5,11.3,17.9,0.8
"03490",20200504,2020,5,4,5.2,10.8,15.2,0.9
"03490",20200505,2020,5,5,3.3,9.3,16.7,0
"03490",20200506,2020,5,6,1.7,10.3,18.3,0
"03490",20200507,2020,5,7,3.9,13.5,22.1,0
"03490",20200508,2020,5,8,8,15.9,23.3,0
"03490",20200509,2020,5,9,9.5,16,23.4,0.2
"03490",20200510,2020,5,10,9,14.7,20.9,5.1
"03490",20200511,2020,5,11,1.6,8.4,12.6,0.7
"03490",20200512,2020,5,12,0.4,7,13.1,0
"03490",20200513,2020,5,13,2.7,8.8,13.4,0
"03490",20200514,2020,5,14,3.9,9.7,15.5,0.1
"03490",20200515,2020,5,15,1.8,9.8,16.7,0
"03490",20200516,2020,5,16,3,11.9,19.2,0
"03490",20200517,2020,5,17,5.7,12.9,19.3,0
"03490",20200518,2020,5,18,5.3,16.2,24.5,0
"03490",20200519,2020,5,19,8.5,17.5,24.3,0.1
"03490",20200520,2020,5,20,11.2,17,22.9,0
"03490",20200521,2020,5,21,9.2,18.9,28,0
"03490",20200522,2020,5,22,10.9,19,27.2,2.4
"03490",20200523,2020,5,23,7.7,13.2,17.6,0.6
"03490",20200524,2020,5,24,10.1,13.9,18.4,0.6
"03490",20200525,2020,5,25,8.7,15.1,20.7,0
"03490",20200526,2020,5,26,7.7,15.4,23.2,0
"03490",20200527,2020,5,27,7,17.8,25.3,0
"03490",20200528,2020,5,28,7.9,16.2,22.5,0
"03490",20200529,2020,5,29,6.8,15.3,24.1,0
"03490",20200530,2020,5,30,5.7,15.5,24.4,0
"03490",20200531,2020,5,31,7.9,15.1,23.2,0
"03490",20200601,2020,6,1,7.5,17.8,27.3,0
"03490",20200602,2020,6,2,9.7,20.4,29.3,0
"03490",20200603,2020,6,3,13.8,20.4,26.1,7.2
"03490",20200604,2020,6,4,9.9,13.6,16,1.7
"03490",20200605,2020,6,5,7.3,11.2,15.1,4.4
"03490",20200606,2020,6,6,7.2,12.6,18.9,1.4
"03490",20200607,2020,6,7,5.8,13.5,20,0
"03490",20200608,2020,6,8,8.1,13.2,20.5,0.6
"03490",20200609,2020,6,9,10,14.4,19,2.4
"03490",20200610,2020,6,10,12.6,15.4,19.6,0.9
"03490",20200611,2020,6,11,10.9,15.7,20.2,0.3
"03490",20200612,2020,6,12,8.2,19.4,28.9,0.4
"03490",20200613,2020,6,13,15.7,21.1,26.6,0
"03490",20200614,2020,6,14,15.6,19.6,22.2,0
"03490",20200615,2020,6,15,15.8,19,22.4,1.1
"03490",20200616,2020,6,16,11.3,17.3,21.9,2.2
"03490",20200617,2020,6,17,11.3,17.7,25.4,4.5
"03490",20200618,2020,6,18,12.1,18.6,25.2,0
"03490",20200619,2020,6,19,10.2,17.2,24.1,1.8
"03490",20200620,2020,6,20,12.4,17.7,23.4,0
"03490",20200621,2020,6,21,11.5,19.9,27.1,0
"03490",20200622,2020,6,22,13.4,18.3,24.4,0
"03490",20200623,2020,6,23,11.5,20.1,28.7,0
"03490",20200624,2020,6,24,13.1,21.9,30.3,0
"03490",20200625,2020,6,25,NA,NA,NA,NA
"03490",20200626,2020,6,26,NA,NA,NA,NA
"03490",20200627,2020,6,27,NA,NA,NA,NA
"03490",20200628,2020,6,28,NA,NA,NA,NA
"03490",20200629,2020,6,29,NA,NA,NA,NA
"03490",20200630,2020,6,30,NA,NA,NA,NA
"03490",20200701,2020,7,1,NA,NA,NA,NA
"03490",20200702,2020,7,2,NA,NA,NA,NA
"03490",20200703,2020,7,3,NA,NA,NA,NA
"03490",20200704,2020,7,4,NA,NA,NA,NA
"03490",20200705,2020,7,5,NA,NA,NA,NA
"03490",20200706,2020,7,6,NA,NA,NA,NA
"03490",20200707,2020,7,7,9,14,22.6,0.1
"03490",20200708,2020,7,8,12.3,15.3,17.3,4.9
"03490",20200709,2020,7,9,15.9,20.8,27.8,0
"03490",20200710,2020,7,10,12.8,18,21.1,0
"03490",20200711,2020,7,11,11.3,16,21.9,0
"03490",20200712,2020,7,12,8,17.4,23.8,0
"03490",20200713,2020,7,13,9,19.7,27.6,0
"03490",20200714,2020,7,14,12.3,17.9,26.7,1.1
"03490",20200715,2020,7,15,14.4,17.3,21.4,0.9
"03490",20200716,2020,7,16,13.7,16,19.2,3
"03490",20200717,2020,7,17,13.8,18,24.5,0
"03490",20200718,2020,7,18,12.6,19.5,27.6,0
"03490",20200719,2020,7,19,13.8,22.5,31.3,0
"03490",20200720,2020,7,20,11.3,17.9,23,0
"03490",20200721,2020,7,21,9.6,16.4,23.4,0
"03490",20200722,2020,7,22,8.9,18,24,0
"03490",20200723,2020,7,23,9.9,19.3,27,0
"03490",20200724,2020,7,24,14.2,21.1,26.9,0
"03490",20200725,2020,7,25,12.6,20.5,26.2,6.6
"03490",20200726,2020,7,26,13.5,19.5,25.5,0
"03490",20200727,2020,7,27,11.5,21.6,31.6,0
"03490",20200728,2020,7,28,12.2,20.9,26.5,0
"03490",20200729,2020,7,29,10,17.9,25.1,0
"03490",20200730,2020,7,30,11.3,20.6,30.2,0
"03490",20200731,2020,7,31,13.9,25.1,36.5,0
"03490",20200801,2020,8,1,16.5,23.2,31.2,3.4
"03490",20200802,2020,8,2,15.1,21.2,25.5,0
"03490",20200803,2020,8,3,12.6,18.3,23.9,0
"03490",20200804,2020,8,4,13.2,18.1,24.2,0
"03490",20200805,2020,8,5,11.3,20.8,30.5,0
"03490",20200806,2020,8,6,10.4,22.2,32.6,0
"03490",20200807,2020,8,7,16.2,25.4,35.4,0
"03490",20200808,2020,8,8,18.7,27.6,37.2,0
"03490",20200809,2020,8,9,20.1,25.2,36.2,2.1
"03490",20200810,2020,8,10,18.2,25.4,34.6,0
"03490",20200811,2020,8,11,18.7,25,35.8,6
"03490",20200812,2020,8,12,19.2,23.7,34.6,11.2
"03490",20200813,2020,8,13,18.6,24.2,32.9,0
"03490",20200814,2020,8,14,17.9,22.9,29.7,0.1
"03490",20200815,2020,8,15,17.9,21.3,28.4,8.7
"03490",20200816,2020,8,16,16.6,22,30.8,8.5
"03490",20200817,2020,8,17,17.3,21.4,27.6,0
"03490",20200818,2020,8,18,13,19.2,24.1,6.1
"03490",20200819,2020,8,19,13.5,20,26,1
"03490",20200820,2020,8,20,18,24,30,0
"03490",20200821,2020,8,21,20,25,28,0.1
"03490",20200822,2020,8,22,17,20,24,0.5
"03490",20200823,2020,8,23,14,17,20,0.1
"03490",20200824,2020,8,24,12.5,16,21.9,0.4
"03490",20200825,2020,8,25,NA,NA,NA,NA
"03490",20200826,2020,8,26,NA,NA,NA,NA
"03490",20200827,2020,8,27,NA,NA,NA,NA
"03490",20200828,2020,8,28,NA,NA,NA,NA
"03490",20200829,2020,8,29,NA,NA,NA,NA
"03490",20200830,2020,8,30,NA,NA,NA,NA
"03490",20200831,2020,8,31,NA,NA,NA,NA
"03490",20200901,2020,9,1,NA,NA,NA,NA
"03490",20200902,2020,9,2,NA,NA,NA,NA
"03490",20200903,2020,9,3,NA,NA,NA,NA
"03490",20200904,2020,9,4,NA,NA,NA,NA
"03490",20200905,2020,9,5,NA,NA,NA,NA
"03490",20200906,2020,9,6,NA,NA,NA,NA
"03490",20200907,2020,9,7,NA,NA,NA,NA
"03490",20200908,2020,9,8,8,17,26,0
"03490",20200909,2020,9,9,10.2,18.7,25.9,2
"03490",20200910,2020,9,10,10,16,21.6,0
"03490",20200911,2020,9,11,6,16,25.4,0
"03490",20200912,2020,9,12,10,18,27.5,0
"03490",20200913,2020,9,13,12.1,18,28.9,0
"03490",20200914,2020,9,14,10.7,22,32,0
"03490",20200915,2020,9,15,12.5,22.8,34.5,0
"03490",20200916,2020,9,16,13.2,21.9,31.6,0
"03490",20200917,2020,9,17,10,17.5,23,0
"03490",20200918,2020,9,18,9,16,24.7,0
"03490",20200919,2020,9,19,10,17,27.1,0
"03490",20200920,2020,9,20,10,18,26.9,0
"03490",20200921,2020,9,21,8,17,26.6,0
"03490",20200922,2020,9,22,10,19,28.6,0
"03490",20200923,2020,9,23,10.7,18,25,0.5
"03490",20200924,2020,9,24,11.7,16.5,19.9,3
"03490",20200925,2020,9,25,7,9,15.2,1
"03490",20200926,2020,9,26,8,8,10,26
"03490",20200927,2020,9,27,8,9,12,0
"03490",20200928,2020,9,28,8,10,13,0.5
"03490",20200929,2020,9,29,9,11,14,5
"03490",20200930,2020,9,30,11,13,19,0
"03490",20201001,2020,10,1,7.5,12,16.9,1.5
"03490",20201002,2020,10,2,4.8,12.3,18,0.3
"03490",20201003,2020,10,3,7.9,12.3,14.8,2.9
"03490",20201004,2020,10,4,6.2,11,14.8,5.1
"03490",20201005,2020,10,5,9.5,12.6,15.1,0.5
"03490",20201006,2020,10,6,12,13.8,16.6,0
"03490",20201007,2020,10,7,7.7,13.2,15.5,1.3
"03490",20201008,2020,10,8,6.5,13.7,17.6,12.3
"03490",20201009,2020,10,9,7.4,11.4,13.9,5
"03490",20201010,2020,10,10,5.9,9.9,13.7,0
"03490",20201011,2020,10,11,7.7,10.4,14,0.3
"03490",20201012,2020,10,12,2.8,9.3,13.8,0
"03490",20201013,2020,10,13,2.3,6.5,12,0
"03490",20201014,2020,10,14,3.3,7.4,11.7,2.2
"03490",20201015,2020,10,15,7.7,8.8,9.8,0.3
"03490",20201016,2020,10,16,7.5,8.8,10.3,0
"03490",20201017,2020,10,17,7.1,8.2,9.8,0
"03490",20201018,2020,10,18,6.4,9.2,12.6,0
"03490",20201019,2020,10,19,1.8,8.2,15.3,0
"03490",20201020,2020,10,20,3.6,10.5,16.7,0.1
"03490",20201021,2020,10,21,12,17.8,22.5,0.3
"03490",20201022,2020,10,22,11.3,17.2,21.3,2.8
"03490",20201023,2020,10,23,11.4,14,17.8,0.7
"03490",20201024,2020,10,24,9.5,14,16,0
"03490",20201025,2020,10,25,10.8,14,15.5,1.8
"03490",20201026,2020,10,26,7,10.7,13.7,0
"03490",20201027,2020,10,27,7.4,11.2,13.3,0.1
"03490",20201028,2020,10,28,7.6,12.7,15.3,1.8
"03490",20201029,2020,10,29,8.1,11.3,13.2,4
"03490",20201030,2020,10,30,11.7,14.5,16.3,0
"03490",20201031,2020,10,31,8.1,14.1,17.9,0.7
"03490",20201101,2020,11,1,10.8,15.9,19.1,0
"03490",20201102,2020,11,2,11.9,18.4,20.9,5
"03490",20201103,2020,11,3,6,10.5,13.5,0
"03490",20201104,2020,11,4,0.5,5.4,11.8,0
"03490",20201105,2020,11,5,1.4,3.5,9.4,0
"03490",20201106,2020,11,6,-2.1,2.8,12,0
"03490",20201107,2020,11,7,-0.3,5.2,13.3,0
"03490",20201108,2020,11,8,0.8,7,12.8,2.6
"03490",20201109,2020,11,9,7.4,9.9,14,0.6
"03490",20201110,2020,11,10,6.9,8.4,12.3,0
"03490",20201111,2020,11,11,7.8,9.5,12.6,1.2
"03490",20201112,2020,11,12,1.4,9.2,14.8,0
"03490",20201113,2020,11,13,-0.7,8.3,15.7,0
"03490",20201114,2020,11,14,6.9,12.6,17.8,0
"03490",20201115,2020,11,15,8.7,15.3,18.4,1.3
"03490",20201116,2020,11,16,5.4,10.8,13.3,0.1
"03490",20201117,2020,11,17,7,11.8,13.5,0
"03490",20201118,2020,11,18,6.6,11.4,17.4,1
"03490",20201119,2020,11,19,4.1,9.6,14.1,3.2
"03490",20201120,2020,11,20,-1.8,4.4,8.2,0
"03490",20201121,2020,11,21,-1.3,4.8,10,0
"03490",20201122,2020,11,22,7.6,9.2,11.2,0.1
"03490",20201123,2020,11,23,0.2,6,10.4,0
"03490",20201124,2020,11,24,0.2,3.9,7.9,0
"03490",20201125,2020,11,25,-1.9,2.5,9.3,0
"03490",20201126,2020,11,26,-0.9,1.7,5.7,0
"03490",20201127,2020,11,27,-1.9,0.9,5.1,0
"03490",20201128,2020,11,28,-1.6,1.3,6.5,0
"03490",20201129,2020,11,29,-5.8,0.1,3.2,0
"03490",20201130,2020,11,30,-8,-1.7,5,9.8
"03490",20201201,2020,12,1,3,4.2,5.6,3.9
"03490",20201202,2020,12,2,2.4,3.5,5,0.1
"03490",20201203,2020,12,3,2.3,4,6.2,2.6
"03490",20201204,2020,12,4,0.8,4.9,8.7,0.2
"03490",20201205,2020,12,5,0.1,3.1,7.5,1.3
"03490",20201206,2020,12,6,0.9,3.3,5.1,4.2
"03490",20201207,2020,12,7,0.1,3.9,6.5,0.3
"03490",20201208,2020,12,8,-0.3,3.1,5,0
"03490",20201209,2020,12,9,-4.2,1.3,4.4,0
"03490",20201210,2020,12,10,-5.7,-1.8,1.6,0
"03490",20201211,2020,12,11,-1.5,2.4,4.1,0.4
"03490",20201212,2020,12,12,1.1,4.8,7.4,1
"03490",20201213,2020,12,13,2.4,5.6,9.5,0.3
"03490",20201214,2020,12,14,4.8,7.5,10.9,0.3
"03490",20201215,2020,12,15,3.9,7,9,2.4
"03490",20201216,2020,12,16,3.8,6.6,11.8,0
"03490",20201217,2020,12,17,1.1,7.4,12.3,0.4
"03490",20201218,2020,12,18,-1,3.1,10.4,0
"03490",20201219,2020,12,19,1.6,7,13.6,0
"03490",20201220,2020,12,20,4.6,8.1,12.1,0
"03490",20201221,2020,12,21,0,6.4,12.5,2
"03490",20201222,2020,12,22,10.5,13.1,15.5,22.5
"03490",20201223,2020,12,23,9.2,11.3,13.8,5.6
"03490",20201224,2020,12,24,3.5,6.5,9.4,5.6
"03490",20201225,2020,12,25,2.1,3.5,4.4,0.8
"03490",20201226,2020,12,26,1.9,3.8,5.2,0
"03490",20201227,2020,12,27,3.5,4.5,5.4,3
"03490",20201228,2020,12,28,-1.9,2.8,5.8,0
"03490",20201229,2020,12,29,-0.6,2.8,6,0.4
"03490",20201230,2020,12,30,-0.4,2.9,6.1,0.3
"03490",20201231,2020,12,31,0.1,2.7,4.6,4.8
"03490",20210101,2021,1,1,-0.9,1.9,3.8,0
"03490",20210102,2021,1,2,-0.7,1.4,3.6,0
"03490",20210103,2021,1,3,1.2,2.2,3.4,0.7
"03490",20210104,2021,1,4,0.6,1.4,1.9,0.4
"03490",20210105,2021,1,5,1.4,2.1,2.7,7
"03490",20210106,2021,1,6,0.2,1.6,2.8,0
"03490",20210107,2021,1,7,0.9,2,3.1,5
"03490",20210108,2021,1,8,0.4,1.6,2.4,4
"03490",20210109,2021,1,9,0.4,1.5,2.5,1.6
"03490",20210110,2021,1,10,-3,0.9,3.2,0.2
"03490",20210111,2021,1,11,-4.2,0.1,4.2,0
"03490",20210112,2021,1,12,2.5,4.6,6.5,3.3
"03490",20210113,2021,1,13,0.5,3.2,5.5,0.4
"03490",20210114,2021,1,14,-2.2,1.6,4.2,0
"03490",20210115,2021,1,15,-3.5,-0.2,2.6,0.3
"03490",20210116,2021,1,16,-1.4,0.1,1.5,1.4
"03490",20210117,2021,1,17,-1.5,0.7,4.9,6.5
"03490",20210118,2021,1,18,0.9,4.5,6.1,0.1
"03490",20210119,2021,1,19,4.5,5.6,7.8,1
"03490",20210120,2021,1,20,5.2,8.5,11.4,0
"03490",20210121,2021,1,21,5.5,9.4,12.3,7
"03490",20210122,2021,1,22,1.2,5.3,11.7,1.1
"03490",20210123,2021,1,23,-0.9,3,6.8,7
"03490",20210124,2021,1,24,-0.9,1.6,3.7,0.8
"03490",20210125,2021,1,25,-0.1,0.9,2.5,0.4
"03490",20210126,2021,1,26,-0.8,3.2,4.6,0
"03490",20210127,2021,1,27,1.1,3.4,5.7,4.1
"03490",20210128,2021,1,28,3.4,7.9,12.3,12.9
"03490",20210129,2021,1,29,6.4,9,10.8,3
"03490",20210130,2021,1,30,0.5,3.1,8.8,5.6
"03490",20210131,2021,1,31,-0.3,0.7,1.8,0.5
"03490",20210201,2021,2,1,1.7,4.1,6.4,1.2
"03490",20210202,2021,2,2,4.1,7.7,11.9,1.4
"03490",20210203,2021,2,3,6,9.3,13.5,8.2
"03490",20210204,2021,2,4,2.6,6.6,11,0
"03490",20210205,2021,2,5,1.8,5.8,11.6,1.3
"03490",20210206,2021,2,6,2.2,4.7,6.5,11.7
"03490",20210207,2021,2,7,-1.3,1.5,2.7,0.3
"03490",20210208,2021,2,8,-4.2,-3.1,-1.3,0
"03490",20210209,2021,2,9,-7.4,-5.1,-3.6,0
"03490",20210210,2021,2,10,-10.8,-6.1,-1.8,0
"03490",20210211,2021,2,11,-8,-4.3,0.5,0.1
"03490",20210212,2021,2,12,-10.2,-6.2,-1.1,0
"03490",20210213,2021,2,13,-10.6,-5.7,1,0
"03490",20210214,2021,2,14,-9.2,-1.3,5.6,0
"03490",20210215,2021,2,15,-1.5,2.4,6.6,1.7
"03490",20210216,2021,2,16,1.7,7.6,12.8,0.7
"03490",20210217,2021,2,17,0.6,8,11.9,0
"03490",20210218,2021,2,18,-0.3,5.3,11.3,0.7
"03490",20210219,2021,2,19,0,6.1,11.8,0
"03490",20210220,2021,2,20,-0.2,7.4,17.7,0
"03490",20210221,2021,2,21,1.6,9.6,19.3,0
"03490",20210222,2021,2,22,1.7,7.9,20.1,0
"03490",20210223,2021,2,23,5.6,12.4,20.1,0
"03490",20210224,2021,2,24,5.8,12.2,20.5,0
"03490",20210225,2021,2,25,2.9,12.1,21.3,0.1
"03490",20210226,2021,2,26,2.2,7.9,11.4,3.1
"03490",20210227,2021,2,27,1.2,4.9,9.6,0
"03490",20210228,2021,2,28,0.2,5.4,12.9,0
"03490",20210301,2021,3,1,-1.4,4.3,14.1,0
"03490",20210302,2021,3,2,-0.8,6.1,16.7,0
"03490",20210303,2021,3,3,-0.2,7.7,17.8,0
"03490",20210304,2021,3,4,3.3,6.5,11,6.5
"03490",20210305,2021,3,5,-2,2.7,6.4,0
"03490",20210306,2021,3,6,-4.2,0.9,8.3,0
"03490",20210307,2021,3,7,-4.6,0.9,7.8,0
"03490",20210308,2021,3,8,-2.5,1.6,6.1,0
"03490",20210309,2021,3,9,-0.7,3.3,5.9,2.4
"03490",20210310,2021,3,10,3,7.1,11.5,1.6
"03490",20210311,2021,3,11,6.8,10.2,14.8,1
"03490",20210312,2021,3,12,5.4,7.5,10.9,4.2
"03490",20210313,2021,3,13,4,7.4,10,7.2
"03490",20210314,2021,3,14,2.4,5.7,8.7,3.1
"03490",20210315,2021,3,15,4,5.9,9,7.8
"03490",20210316,2021,3,16,3.5,5.5,8.2,2.7
"03490",20210317,2021,3,17,0.8,4.5,6.5,2.4
"03490",20210318,2021,3,18,-0.4,3.4,7.2,7.7
"03490",20210319,2021,3,19,0.4,3.5,8,0
"03490",20210320,2021,3,20,-1.2,3.3,7.4,0.1
"03490",20210321,2021,3,21,4.6,6.1,8.4,0.4
"03490",20210322,2021,3,22,3.9,5.5,7.3,0
"03490",20210323,2021,3,23,0,6.6,12.4,0
"03490",20210324,2021,3,24,-1.4,7.8,18.2,0
"03490",20210325,2021,3,25,2.1,8.9,14.9,0
"03490",20210326,2021,3,26,2.6,10.8,16,0.5
"03490",20210327,2021,3,27,2.8,7.1,11.3,3.1
"03490",20210328,2021,3,28,1.9,10.2,16.1,0
"03490",20210329,2021,3,29,2.3,12.7,23.4,0
"03490",20210330,2021,3,30,4.7,12.7,24.3,0
"03490",20210331,2021,3,31,3.2,14.7,26.6,0
"03490",20210401,2021,4,1,4.7,14.4,21.9,0
"03490",20210402,2021,4,2,2.7,6.5,10.1,0
"03490",20210403,2021,4,3,4.7,7.7,12.4,0
"03490",20210404,2021,4,4,0,4.9,8,0
"03490",20210405,2021,4,5,-0.8,2.8,7.2,4.4
"03490",20210406,2021,4,6,0.1,2.2,6,1.4
"03490",20210407,2021,4,7,-0.1,2.6,5.2,0.7
"03490",20210408,2021,4,8,1.1,4.8,9.8,0
"03490",20210409,2021,4,9,-1,8.4,16.6,8.5
"03490",20210410,2021,4,10,6.4,9.3,11.8,3.3
"03490",20210411,2021,4,11,3,5.5,10,10.3
"03490",20210412,2021,4,12,-1.4,3.2,7.8,1.2
"03490",20210413,2021,4,13,-1.3,3.6,9,0
"03490",20210414,2021,4,14,-1,3.3,9,0
"03490",20210415,2021,4,15,-0.7,4.3,10.4,0
"03490",20210416,2021,4,16,0.7,5.6,10.6,0
"03490",20210417,2021,4,17,0.8,7,12.7,0
"03490",20210418,2021,4,18,4.5,9,13.3,0
"03490",20210419,2021,4,19,6,9.4,13.4,3.4
"03490",20210420,2021,4,20,3.9,10.1,17.6,0
"03490",20210421,2021,4,21,4.5,11.6,17.9,0
"03490",20210422,2021,4,22,1.2,7.5,12.5,0
"03490",20210423,2021,4,23,0.6,7.8,15,0
"03490",20210424,2021,4,24,1.2,8,15.3,0
"03490",20210425,2021,4,25,0.8,6.9,13.7,0
"03490",20210426,2021,4,26,-0.2,7.8,15.6,0
"03490",20210427,2021,4,27,1.1,8.9,17.6,0
"03490",20210428,2021,4,28,2.2,12.8,21.2,0
"03490",20210429,2021,4,29,3.7,11,15.2,0.1
"03490",20210430,2021,4,30,1.2,8.5,13.8,0.3
"03490",20210501,2021,5,1,3.9,9.4,13.8,0
"03490",20210502,2021,5,2,3.1,7.7,11.8,0
"03490",20210503,2021,5,3,0.7,8.9,15,1
"03490",20210504,2021,5,4,2.3,11.1,16,0.1
"03490",20210505,2021,5,5,3.7,7.9,12,1
"03490",20210506,2021,5,6,2.9,7.9,14,3.5
"03490",20210507,2021,5,7,1.4,6.8,12.7,1.2
"03490",20210508,2021,5,8,-1,10.5,18.9,0
"03490",20210509,2021,5,9,5.2,19.2,28.5,0
"03490",20210510,2021,5,10,12.8,18.4,21.9,2.8
"03490",20210511,2021,5,11,12,13.7,15.8,0.8
"03490",20210512,2021,5,12,8.2,13.2,17.9,0.3
"03490",20210513,2021,5,13,5.3,12.2,18.6,0.8
"03490",20210514,2021,5,14,6.3,11.2,18.1,4.9
"03490",20210515,2021,5,15,6,11.1,15,3.8
"03490",20210516,2021,5,16,5.3,10.9,17.4,8.3
"03490",20210517,2021,5,17,8.1,12.1,15.6,1.6
"03490",20210518,2021,5,18,8.1,11.4,17.1,4.9
"03490",20210519,2021,5,19,7.1,11.8,16.8,0.4
"03490",20210520,2021,5,20,7.6,13.5,18.4,0
"03490",20210521,2021,5,21,6.3,13.9,18.6,2.3
"03490",20210522,2021,5,22,5.7,11.6,16.7,1.8
"03490",20210523,2021,5,23,6,12,17,0
"03490",20210524,2021,5,24,4.2,12.1,18.8,2
"03490",20210525,2021,5,25,6.6,9.5,13.7,9.7
"03490",20210526,2021,5,26,7.3,10.5,15.4,2.8
"03490",20210527,2021,5,27,9.9,11.8,15,0.9
"03490",20210528,2021,5,28,9.2,13.5,19.6,0
"03490",20210529,2021,5,29,6.9,13.9,20.9,0
"03490",20210530,2021,5,30,6.3,14.9,23.2,0
"03490",20210531,2021,5,31,8.2,16.4,24.9,0
"03490",20210601,2021,6,1,7.8,17.3,25.6,0
"03490",20210602,2021,6,2,9.7,20.3,28.7,0
"03490",20210603,2021,6,3,13.1,19.4,24.4,39.2
"03490",20210604,2021,6,4,14.7,19.2,25,5.8
"03490",20210605,2021,6,5,13.7,17.2,21.8,0
"03490",20210606,2021,6,6,14,15.6,17,0
"03490",20210607,2021,6,7,14.4,17.6,20.3,0
"03490",20210608,2021,6,8,14.3,18.5,24,0
"03490",20210609,2021,6,9,13.1,20,26.3,0
"03490",20210610,2021,6,10,13.7,20.8,26.8,0
"03490",20210611,2021,6,11,14.4,21.4,27.7,0
"03490",20210612,2021,6,12,13.9,19.2,23.1,0
"03490",20210613,2021,6,13,11.5,16.9,24,0
"03490",20210614,2021,6,14,9.9,20.4,29,0
"03490",20210615,2021,6,15,13.9,21.1,27.6,0
"03490",20210616,2021,6,16,15.2,23.4,32.1,0
"03490",20210617,2021,6,17,15.7,26.1,34.4,0
"03490",20210618,2021,6,18,19.2,26,32.8,0.2
"03490",20210619,2021,6,19,16.5,24.9,32.3,35.5
"03490",20210620,2021,6,20,18.8,22.6,27,0.4
"03490",20210621,2021,6,21,16,19.2,23.2,0
"03490",20210622,2021,6,22,14.2,15.1,16,8.1
"03490",20210623,2021,6,23,13.7,16.1,19.8,0
"03490",20210624,2021,6,24,14.1,16.5,20.5,11.2
"03490",20210625,2021,6,25,13,18.4,23.9,0
"03490",20210626,2021,6,26,12.4,19,25.5,0
"03490",20210627,2021,6,27,13.2,20.1,26.6,0.1
"03490",20210628,2021,6,28,16,22.5,29.3,0
"03490",20210629,2021,6,29,15,19,25.9,11.6
"03490",20210630,2021,6,30,13.3,16.1,20,3.4
"03490",20210701,2021,7,1,13,14.5,16.4,0.3
"03490",20210702,2021,7,2,10,17.1,23.7,0
"03490",20210703,2021,7,3,12.1,19.8,27,0
"03490",20210704,2021,7,4,14.2,17.7,22.5,8.5
"03490",20210705,2021,7,5,14.1,18,22.6,0.6
"03490",20210706,2021,7,6,11.6,18.6,23.3,1.7
"03490",20210707,2021,7,7,12.2,19.5,25.1,0
"03490",20210708,2021,7,8,13.8,16.5,22,10.8
"03490",20210709,2021,7,9,14.7,17.7,21.7,1
"03490",20210710,2021,7,10,12.5,18.6,25,12.9
"03490",20210711,2021,7,11,14.2,17.7,22.3,0
"03490",20210712,2021,7,12,12,18.7,23.7,8.2
"03490",20210713,2021,7,13,16.2,18.6,21.8,16.1
"03490",20210714,2021,7,14,15.8,17,18.1,66.2
"03490",20210715,2021,7,15,NA,NA,NA,NA
"03490",20210716,2021,7,16,NA,NA,NA,NA
"03490",20210717,2021,7,17,NA,NA,NA,NA
"03490",20210718,2021,7,18,NA,NA,NA,NA
"03490",20210719,2021,7,19,NA,NA,NA,NA
"03490",20210720,2021,7,20,NA,NA,NA,NA
"03490",20210721,2021,7,21,NA,NA,NA,NA
"03490",20210722,2021,7,22,NA,NA,NA,NA
"03490",20210723,2021,7,23,NA,NA,NA,NA
"03490",20210724,2021,7,24,NA,NA,NA,NA
"03490",20210725,2021,7,25,NA,NA,NA,NA
"03490",20210726,2021,7,26,NA,NA,NA,NA
"03490",20210727,2021,7,27,NA,NA,NA,NA
"03490",20210728,2021,7,28,NA,NA,NA,NA
"03490",20210729,2021,7,29,NA,NA,NA,NA
"03490",20210730,2021,7,30,NA,NA,NA,NA
"03490",20210731,2021,7,31,NA,NA,NA,NA
"03490",20210801,2021,8,1,NA,NA,NA,NA
"03490",20210802,2021,8,2,NA,NA,NA,NA
"03490",20210803,2021,8,3,NA,NA,NA,NA
"03490",20210804,2021,8,4,NA,NA,NA,NA
"03490",20210805,2021,8,5,NA,NA,NA,NA
"03490",20210806,2021,8,6,NA,NA,NA,NA
"03490",20210807,2021,8,7,NA,NA,NA,NA
"03490",20210808,2021,8,8,NA,NA,NA,NA
"03490",20210809,2021,8,9,NA,NA,NA,NA
"03490",20210810,2021,8,10,NA,NA,NA,NA
"03490",20210811,2021,8,11,NA,NA,NA,NA
"03490",20210812,2021,8,12,NA,NA,NA,NA
"03490",20210813,2021,8,13,NA,NA,NA,NA
"03490",20210814,2021,8,14,NA,NA,NA,NA
"03490",20210815,2021,8,15,NA,NA,NA,NA
"03490",20210816,2021,8,16,NA,NA,NA,NA
"03490",20210817,2021,8,17,NA,NA,NA,NA
"03490",20210818,2021,8,18,NA,NA,NA,NA
"03490",20210819,2021,8,19,NA,NA,NA,NA
"03490",20210820,2021,8,20,NA,NA,NA,NA
"03490",20210821,2021,8,21,NA,NA,NA,NA
"03490",20210822,2021,8,22,NA,NA,NA,NA
"03490",20210823,2021,8,23,NA,NA,NA,NA
"03490",20210824,2021,8,24,NA,NA,NA,NA
"03490",20210825,2021,8,25,NA,NA,NA,NA
"03490",20210826,2021,8,26,NA,NA,NA,NA
"03490",20210827,2021,8,27,NA,NA,NA,NA
"03490",20210828,2021,8,28,NA,NA,NA,NA
"03490",20210829,2021,8,29,NA,NA,NA,NA
"03490",20210830,2021,8,30,NA,NA,NA,NA
"03490",20210831,2021,8,31,NA,NA,NA,NA
"03490",20210901,2021,9,1,NA,NA,NA,NA
"03490",20210902,2021,9,2,NA,NA,NA,NA
"03490",20210903,2021,9,3,NA,NA,NA,NA
"03490",20210904,2021,9,4,NA,NA,NA,NA
"03490",20210905,2021,9,5,NA,NA,NA,NA
"03490",20210906,2021,9,6,NA,NA,NA,NA
"03490",20210907,2021,9,7,NA,NA,NA,NA
"03490",20210908,2021,9,8,NA,NA,NA,NA
"03490",20210909,2021,9,9,NA,NA,NA,NA
"03490",20210910,2021,9,10,NA,NA,NA,NA
"03490",20210911,2021,9,11,NA,NA,NA,NA
"03490",20210912,2021,9,12,NA,NA,NA,NA
"03490",20210913,2021,9,13,NA,NA,NA,NA
"03490",20210914,2021,9,14,NA,NA,NA,NA
"03490",20210915,2021,9,15,NA,NA,NA,NA
"03490",20210916,2021,9,16,NA,NA,NA,NA
"03490",20210917,2021,9,17,NA,NA,NA,NA
"03490",20210918,2021,9,18,NA,NA,NA,NA
"03490",20210919,2021,9,19,NA,NA,NA,NA
"03490",20210920,2021,9,20,NA,NA,NA,NA
"03490",20210921,2021,9,21,NA,NA,NA,NA
"03490",20210922,2021,9,22,NA,NA,NA,NA
"03490",20210923,2021,9,23,NA,NA,NA,NA
"03490",20210924,2021,9,24,NA,NA,NA,NA
"03490",20210925,2021,9,25,NA,NA,NA,NA
"03490",20210926,2021,9,26,NA,NA,NA,NA
"03490",20210927,2021,9,27,NA,NA,NA,NA
"03490",20210928,2021,9,28,NA,NA,NA,NA
"03490",20210929,2021,9,29,NA,NA,NA,NA
"03490",20210930,2021,9,30,NA,NA,NA,NA
"03490",20211001,2021,10,1,NA,NA,NA,NA
"03490",20211002,2021,10,2,NA,NA,NA,NA
"03490",20211003,2021,10,3,NA,NA,NA,NA
"03490",20211004,2021,10,4,NA,NA,NA,NA
"03490",20211005,2021,10,5,NA,NA,NA,NA
"03490",20211006,2021,10,6,NA,NA,NA,NA
"03490",20211007,2021,10,7,NA,NA,NA,NA
"03490",20211008,2021,10,8,NA,NA,NA,NA
"03490",20211009,2021,10,9,NA,NA,NA,NA
"03490",20211010,2021,10,10,NA,NA,NA,NA
"03490",20211011,2021,10,11,NA,NA,NA,NA
"03490",20211012,2021,10,12,NA,NA,NA,NA
"03490",20211013,2021,10,13,NA,NA,NA,NA
"03490",20211014,2021,10,14,NA,NA,NA,NA
"03490",20211015,2021,10,15,NA,NA,NA,NA
"03490",20211016,2021,10,16,NA,NA,NA,NA
"03490",20211017,2021,10,17,NA,NA,NA,NA
"03490",20211018,2021,10,18,NA,NA,NA,NA
"03490",20211019,2021,10,19,NA,NA,NA,NA
"03490",20211020,2021,10,20,NA,NA,NA,NA
"03490",20211021,2021,10,21,NA,NA,NA,NA
"03490",20211022,2021,10,22,NA,NA,NA,NA
"03490",20211023,2021,10,23,NA,NA,NA,NA
"03490",20211024,2021,10,24,NA,NA,NA,NA
"03490",20211025,2021,10,25,NA,NA,NA,NA
"03490",20211026,2021,10,26,NA,NA,NA,NA
"03490",20211027,2021,10,27,NA,NA,NA,NA
"03490",20211028,2021,10,28,NA,NA,NA,NA
"03490",20211029,2021,10,29,NA,NA,NA,NA
"03490",20211030,2021,10,30,NA,NA,NA,NA
"03490",20211031,2021,10,31,NA,NA,NA,NA
"03490",20211101,2021,11,1,NA,NA,NA,NA
"03490",20211102,2021,11,2,NA,NA,NA,NA
"03490",20211103,2021,11,3,NA,NA,NA,NA
"03490",20211104,2021,11,4,NA,NA,NA,NA
"03490",20211105,2021,11,5,NA,NA,NA,NA
"03490",20211106,2021,11,6,NA,NA,NA,NA
"03490",20211107,2021,11,7,NA,NA,NA,NA
"03490",20211108,2021,11,8,NA,NA,NA,NA
"03490",20211109,2021,11,9,NA,NA,NA,NA
"03490",20211110,2021,11,10,NA,NA,NA,NA
"03490",20211111,2021,11,11,0,1,7.8,0
"03490",20211112,2021,11,12,-0.2,1.6,5.5,0
"03490",20211113,2021,11,13,1.2,7.8,10.6,13
"03490",20211114,2021,11,14,7.4,8.2,9.4,0
"03490",20211115,2021,11,15,5.7,7,7.8,0
"03490",20211116,2021,11,16,5,5.7,6.4,0.1
"03490",20211117,2021,11,17,4.6,6.6,9.3,0.4
"03490",20211118,2021,11,18,1.5,6.3,10.7,0
"03490",20211119,2021,11,19,6.9,10.7,12.8,0
"03490",20211120,2021,11,20,2.4,8.3,10.4,0
"03490",20211121,2021,11,21,5.5,7.2,8.4,2.1
"03490",20211122,2021,11,22,-0.7,4.1,7,0
"03490",20211123,2021,11,23,-2.2,2.1,4.9,0
"03490",20211124,2021,11,24,-0.6,3.8,6.8,0
"03490",20211125,2021,11,25,1.5,3.8,6.2,0
"03490",20211126,2021,11,26,2.6,4.7,5.8,0.2
"03490",20211127,2021,11,27,-2.2,2.3,5.2,0
"03490",20211128,2021,11,28,-0.6,2.1,4,0.1
"03490",20211129,2021,11,29,1.2,3,4.5,2.1
"03490",20211130,2021,11,30,3.7,6.9,9.6,4
"03490",20211201,2021,12,1,5.5,8.3,10,3.7
"03490",20211202,2021,12,2,-0.9,3.7,5.6,1.3
"03490",20211203,2021,12,3,-2.5,2.4,4.8,0.1
"03490",20211204,2021,12,4,2.2,4.3,5.9,2.5
"03490",20211205,2021,12,5,0.3,4.2,7.2,0
"03490",20211206,2021,12,6,-0.2,2.5,5.3,8.1
"03490",20211207,2021,12,7,1,4.3,5.8,0.3
"03490",20211208,2021,12,8,-0.9,3.8,7.2,0
"03490",20211209,2021,12,9,-2.5,2.4,5.3,0
"03490",20211210,2021,12,10,1.4,2.9,4.6,0.7
"03490",20211211,2021,12,11,1,3.9,6.4,0.3
"03490",20211212,2021,12,12,2.2,6.4,9.2,0.4
"03490",20211213,2021,12,13,6.8,8.8,10.5,0
"03490",20211214,2021,12,14,6.8,7.7,9.1,0
"03490",20211215,2021,12,15,7.1,9,11,0
"03490",20211216,2021,12,16,6.2,8.8,11.1,0
"03490",20211217,2021,12,17,4,7.5,8.9,0
"03490",20211218,2021,12,18,2.7,4,5.7,0.1
"03490",20211219,2021,12,19,5.5,6,6.3,0
"03490",20211220,2021,12,20,-3.2,3.4,6.7,0
"03490",20211221,2021,12,21,-6.4,-2.9,1.5,0
"03490",20211222,2021,12,22,-7.8,-4.2,1.2,0
"03490",20211223,2021,12,23,-5.2,1.5,9.5,0
"03490",20211224,2021,12,24,7.9,9.6,11.3,4.4
"03490",20211225,2021,12,25,0.3,3.7,8,5.5
"03490",20211226,2021,12,26,0.2,1.3,2.3,0.7
"03490",20211227,2021,12,27,1.7,4.2,7.1,1.4
"03490",20211228,2021,12,28,3.8,9,12.1,7.7
"03490",20211229,2021,12,29,8.9,10.5,13.6,3.9
"03490",20211230,2021,12,30,7.8,13.6,16.1,0.2
"03490",20211231,2021,12,31,8.2,13.8,16.4,0
"03490",20220101,2022,1,1,5.7,11.2,14.3,0
"03490",20220102,2022,1,2,5.5,10.5,13.9,0.1
"03490",20220103,2022,1,3,7.5,10.3,12.1,16.2
"03490",20220104,2022,1,4,3.5,7.1,8.5,10.2
"03490",20220105,2022,1,5,1.3,3.9,5.4,0.2
"03490",20220106,2022,1,6,-1.7,3.1,6.5,0.4
"03490",20220107,2022,1,7,-0.5,3.4,5.2,7
"03490",20220108,2022,1,8,0.3,3,5.8,4.2
"03490",20220109,2022,1,9,1.4,4.7,6.3,0.5
"03490",20220110,2022,1,10,-1.4,1,5.2,0
"03490",20220111,2022,1,11,-3.1,-1.1,3,0
"03490",20220112,2022,1,12,-2.7,0.3,2.9,0
"03490",20220113,2022,1,13,-2,0.8,5.9,0
"03490",20220114,2022,1,14,-2.8,0.7,4.7,0
"03490",20220115,2022,1,15,-1.5,0.9,3.7,0
"03490",20220116,2022,1,16,0.2,3.5,5.2,1.2
"03490",20220117,2022,1,17,4.7,6.5,8.1,0
"03490",20220118,2022,1,18,2.3,6.6,7.7,0
"03490",20220119,2022,1,19,2.1,4.3,5.9,1.7
"03490",20220120,2022,1,20,0.9,3.5,5.8,2.2
"03490",20220121,2022,1,21,1.8,3.5,5.2,0.9
"03490",20220122,2022,1,22,4.1,5.3,6.8,0
"03490",20220123,2022,1,23,4.3,5.1,6.3,0
"03490",20220124,2022,1,24,-1.7,2.7,4.7,0
"03490",20220125,2022,1,25,-0.4,1.4,2.6,0
"03490",20220126,2022,1,26,1.5,2,2.7,0
"03490",20220127,2022,1,27,1.5,5.1,8.4,0.4
"03490",20220128,2022,1,28,2.3,5.6,7.9,0
"03490",20220129,2022,1,29,5.6,8.6,11.8,0.2
"03490",20220130,2022,1,30,0,5.1,8.8,0.8
"03490",20220131,2022,1,31,0.9,4.4,6,7.8
"03490",20220201,2022,2,1,3,6.1,9.9,5.4
"03490",20220202,2022,2,2,5.7,8.1,10.2,0.2
"03490",20220203,2022,2,3,4.8,7,9.2,0
"03490",20220204,2022,2,4,3.3,6.9,9.2,1.1
"03490",20220205,2022,2,5,2.8,5.3,7.7,0.4
"03490",20220206,2022,2,6,3.3,6.4,8.1,25.4
"03490",20220207,2022,2,7,1.4,5,7.1,0
"03490",20220208,2022,2,8,5.8,8.8,10.8,0
"03490",20220209,2022,2,9,2.1,8.6,13.2,0
"03490",20220210,2022,2,10,-0.9,5,9.3,11.1
"03490",20220211,2022,2,11,-2.2,3.4,6.5,0.5
"03490",20220212,2022,2,12,-4.8,0.2,7.6,0
"03490",20220213,2022,2,13,-3.8,3.4,11.4,0
"03490",20220214,2022,2,14,2.1,9.2,13.3,1.6
"03490",20220215,2022,2,15,3.6,7.9,10.1,0.1
"03490",20220216,2022,2,16,8.5,12.1,15.2,0.9
"03490",20220217,2022,2,17,4.5,11,14.4,0.6
"03490",20220218,2022,2,18,3.9,9.5,14.3,0.9
"03490",20220219,2022,2,19,4.8,6.5,8.7,1
"03490",20220220,2022,2,20,6,9.4,11.6,3.9
"03490",20220221,2022,2,21,4,6.6,10.7,2
"03490",20220222,2022,2,22,4.1,7.5,10,3.5
"03490",20220223,2022,2,23,2.9,7,12.2,0
"03490",20220224,2022,2,24,2.9,6.2,12.1,4.1
"03490",20220225,2022,2,25,2.2,4.4,7.7,1.1
"03490",20220226,2022,2,26,-2.4,3.3,8.3,0
"03490",20220227,2022,2,27,-4.4,2.3,9.6,0
"03490",20220228,2022,2,28,-3.4,2.6,10.6,0
"03490",20220301,2022,3,1,-3,2.8,9.7,0
"03490",20220302,2022,3,2,-2.1,3.5,11,0
"03490",20220303,2022,3,3,-4.2,2.6,12,0
"03490",20220304,2022,3,4,-3.1,2.1,10.7,0
"03490",20220305,2022,3,5,-3.9,1.3,9.1,0
"03490",20220306,2022,3,6,-2.8,1.5,7.2,0
"03490",20220307,2022,3,7,-5.6,0.1,6.7,0
"03490",20220308,2022,3,8,-4.6,2.3,10.1,0
"03490",20220309,2022,3,9,-3.2,3.7,14.2,0
"03490",20220310,2022,3,10,-3.6,4.9,15.9,0
"03490",20220311,2022,3,11,3.7,8.6,13.3,0
"03490",20220312,2022,3,12,1.9,9.1,13.9,0
"03490",20220313,2022,3,13,0.7,9.2,17.4,3.6
"03490",20220314,2022,3,14,4.8,9.3,14.3,0
"03490",20220315,2022,3,15,2.3,5.7,7.8,3.5
"03490",20220316,2022,3,16,1.2,7.9,12.1,0.1
"03490",20220317,2022,3,17,3.3,8.1,11.6,0.6
"03490",20220318,2022,3,18,0.1,6.9,15.9,0
"03490",20220319,2022,3,19,0,6.7,14,0
"03490",20220320,2022,3,20,-1.3,7,13.1,0
"03490",20220321,2022,3,21,4.1,10,18.9,0
"03490",20220322,2022,3,22,3.1,9.5,18,0
"03490",20220323,2022,3,23,1.9,10.1,19.4,0
"03490",20220324,2022,3,24,3.5,10.2,18.1,0
"03490",20220325,2022,3,25,2.1,9.5,18,0
"03490",20220326,2022,3,26,1.6,10,19.1,0
"03490",20220327,2022,3,27,4,11.3,19,0
"03490",20220328,2022,3,28,4,12.6,20.9,0
"03490",20220329,2022,3,29,6.9,11.4,16.4,6.1
"03490",20220330,2022,3,30,7,9.4,13.7,2
"03490",20220331,2022,3,31,2.6,5.3,7.7,6.2
"03490",20220401,2022,4,1,0.6,1.9,3,2.6
"03490",20220402,2022,4,2,-0.5,1.4,4.3,0.2
"03490",20220403,2022,4,3,-0.7,2.8,7,0
"03490",20220404,2022,4,4,0.9,5.3,8.2,2.5
"03490",20220405,2022,4,5,7.9,10.8,13.7,1.1
"03490",20220406,2022,4,6,9.4,10.9,13.2,0.9
"03490",20220407,2022,4,7,4.9,11.3,14,9.3
"03490",20220408,2022,4,8,3.4,5,7.1,6.9
"03490",20220409,2022,4,9,1.3,6.3,10.5,0
"03490",20220410,2022,4,10,-0.5,5.6,11.3,0
"03490",20220411,2022,4,11,0,8.6,15.8,0
"03490",20220412,2022,4,12,5.2,14.9,23.6,0
"03490",20220413,2022,4,13,9,15.6,21.7,0
"03490",20220414,2022,4,14,10.7,14.4,19.3,0.6
"03490",20220415,2022,4,15,5,11.2,15.9,0
"03490",20220416,2022,4,16,1.8,9.5,17,0
"03490",20220417,2022,4,17,-0.5,8.9,18,0
"03490",20220418,2022,4,18,2.1,10.7,19.3,0
"03490",20220419,2022,4,19,2.7,11.9,19.9,0
"03490",20220420,2022,4,20,1.7,10.4,18.1,0
"03490",20220421,2022,4,21,3.4,11.1,18,0
"03490",20220422,2022,4,22,3.7,11.6,18.6,0
"03490",20220423,2022,4,23,5.1,12.3,18.4,0
"03490",20220424,2022,4,24,7.2,12.2,19,11.7
"03490",20220425,2022,4,25,6.2,9.7,13.8,1.1
"03490",20220426,2022,4,26,8.3,9.5,11.7,3
"03490",20220427,2022,4,27,5.2,11.1,17.3,0.1
"03490",20220428,2022,4,28,4.9,11.9,18.9,0
"03490",20220429,2022,4,29,6.3,11.6,17.9,5.7
"03490",20220430,2022,4,30,6.1,9.8,14.9,0
"03490",20220501,2022,5,1,4.6,10.4,16.2,0
"03490",20220502,2022,5,2,7.5,13.3,20.3,0
"03490",20220503,2022,5,3,9.2,13.6,19.7,0
"03490",20220504,2022,5,4,6.4,12.5,18.1,0
"03490",20220505,2022,5,5,6.8,13,19.7,0
"03490",20220506,2022,5,6,7.2,14.5,21.5,0
"03490",20220507,2022,5,7,9,16,22.8,0
"03490",20220508,2022,5,8,10.2,14.5,20.7,0
"03490",20220509,2022,5,9,7.9,16.3,25,0
"03490",20220510,2022,5,10,8.8,19.5,26.7,0
"03490",20220511,2022,5,11,13,22,28.9,0
"03490",20220512,2022,5,12,11.5,17.2,22.1,0
"03490",20220513,2022,5,13,8.8,15,21.2,0
"03490",20220514,2022,5,14,8.2,16,23,0
"03490",20220515,2022,5,15,9.5,17.8,26.1,0
"03490",20220516,2022,5,16,11.2,17,27.4,41.2
"03490",20220517,2022,5,17,11.2,18.5,26,0.3
"03490",20220518,2022,5,18,13,21.5,29.7,0
"03490",20220519,2022,5,19,13,19.6,30.8,5.4
"03490",20220520,2022,5,20,12.5,18.7,25.4,12.6
"03490",20220521,2022,5,21,10.3,15.4,20.2,0
"03490",20220522,2022,5,22,9.5,16.9,23.8,0
"03490",20220523,2022,5,23,11.9,18,25.3,19.7
"03490",20220524,2022,5,24,9.5,14.1,18.8,2.5
"03490",20220525,2022,5,25,8.7,15.6,20.6,0
"03490",20220526,2022,5,26,14.2,18.2,23,0
"03490",20220527,2022,5,27,8,16,21.4,0.4
"03490",20220528,2022,5,28,8.4,13.5,18.2,0
"03490",20220529,2022,5,29,7.6,10.6,15.5,0.6
"03490",20220530,2022,5,30,7.8,11.5,16.9,0
"03490",20220531,2022,5,31,6.6,12.9,19.3,2
"03490",20220601,2022,6,1,8.7,13.6,19.1,0
"03490",20220602,2022,6,2,6.3,14.3,21.7,0
"03490",20220603,2022,6,3,9.4,18.3,25.7,0
"03490",20220604,2022,6,4,13.2,19.8,27.3,0
"03490",20220605,2022,6,5,13.9,18.3,23.3,1.3
"03490",20220606,2022,6,6,11.8,17.9,22.2,3.2
"03490",20220607,2022,6,7,10.8,16.7,22.4,12.7
"03490",20220608,2022,6,8,11.5,15.6,20.8,8.4
"03490",20220609,2022,6,9,10.7,15.6,20.4,0.2
"03490",20220610,2022,6,10,8,17,24.1,0
"03490",20220611,2022,6,11,13.9,20.1,25.7,0
"03490",20220612,2022,6,12,13.7,19.3,23.7,0
"03490",20220613,2022,6,13,10.4,16.2,20.8,0
"03490",20220614,2022,6,14,8,16.4,23.8,0
"03490",20220615,2022,6,15,10.5,20.3,28.6,0
"03490",20220616,2022,6,16,13.3,19.5,25.1,0
"03490",20220617,2022,6,17,12.6,22,31.3,0
"03490",20220618,2022,6,18,15.2,25.6,35.8,0
"03490",20220619,2022,6,19,15.8,19.8,25.5,14.4
"03490",20220620,2022,6,20,11,14.7,20.8,7
"03490",20220621,2022,6,21,9.1,16.9,24.2,0.1
"03490",20220622,2022,6,22,11.9,20.2,27.9,0
"03490",20220623,2022,6,23,15,24,30.6,4
"03490",20220624,2022,6,24,16.8,20.1,24.5,3.2
"03490",20220625,2022,6,25,13.3,20.7,26.6,0.6
"03490",20220626,2022,6,26,15,18.1,21.4,0.6
"03490",20220627,2022,6,27,10.8,17.5,22,0
"03490",20220628,2022,6,28,8.9,18.3,25.7,0
"03490",20220629,2022,6,29,14.4,20.1,27.9,0
"03490",20220630,2022,6,30,14.2,21.3,30.9,9.8
"03490",20220701,2022,7,1,11,16.2,21.4,0.1
"03490",20220702,2022,7,2,10.1,19.5,27.7,0
"03490",20220703,2022,7,3,14.4,20.8,27.2,0
"03490",20220704,2022,7,4,11.5,18.8,25.1,0
"03490",20220705,2022,7,5,12.5,19.2,25.2,0
"03490",20220706,2022,7,6,10.4,16.4,21.3,0
"03490",20220707,2022,7,7,14.7,17.5,19.9,1
"03490",20220708,2022,7,8,11.9,17.8,23.7,0
"03490",20220709,2022,7,9,13.9,19.1,25.7,0.5
"03490",20220710,2022,7,10,12.2,16.1,19,0
"03490",20220711,2022,7,11,14.1,17.8,21.9,0
"03490",20220712,2022,7,12,12.2,20.9,29.7,0.1
"03490",20220713,2022,7,13,16.5,24.3,33.6,0
"03490",20220714,2022,7,14,17,21,25.9,0
"03490",20220715,2022,7,15,13.7,17.6,23.2,0
"03490",20220716,2022,7,16,11.2,17.7,24.3,0
"03490",20220717,2022,7,17,10.2,19.4,27.8,0
"03490",20220718,2022,7,18,13.8,24.1,34.8,0
"03490",20220719,2022,7,19,12.9,26.2,37.7,0
"03490",20220720,2022,7,20,15,24,30.9,12.1
"03490",20220721,2022,7,21,16.4,20.1,25.2,0.1
"03490",20220722,2022,7,22,16.5,20.2,25.1,0
"03490",20220723,2022,7,23,15.2,20.5,26.6,0
"03490",20220724,2022,7,24,14.9,23.7,32.9,0
"03490",20220725,2022,7,25,14.5,22.9,29.8,0.1
"03490",20220726,2022,7,26,13.6,19.6,24.5,0
"03490",20220727,2022,7,27,12.5,17.3,22.7,0
"03490",20220728,2022,7,28,9.5,18.8,26.9,0
"03490",20220729,2022,7,29,14.2,20.8,27.2,0
"03490",20220730,2022,7,30,14.3,20.9,26.9,0
"03490",20220731,2022,7,31,16.4,23.2,28.7,0
"03490",20220801,2022,8,1,16.1,21.5,25.2,0
"03490",20220802,2022,8,2,13.3,22.4,31.3,0
"03490",20220803,2022,8,3,17.5,25.6,34.8,0
"03490",20220804,2022,8,4,16.5,26.2,36.1,2.1
"03490",20220805,2022,8,5,15.7,19.7,22.9,0
"03490",20220806,2022,8,6,10.6,17,23.5,0
"03490",20220807,2022,8,7,9.3,18.4,26.6,0
"03490",20220808,2022,8,8,11.6,20.3,28.3,0
"03490",20220809,2022,8,9,13,21.7,30.3,0
"03490",20220810,2022,8,10,14.1,22.6,31.8,0
"03490",20220811,2022,8,11,14.3,22.8,31.7,0
"03490",20220812,2022,8,12,14.5,23,32.2,0
"03490",20220813,2022,8,13,13.7,22.9,31.9,0
"03490",20220814,2022,8,14,14.9,23.3,32.8,0
"03490",20220815,2022,8,15,16.5,21.4,25.4,0.4
"03490",20220816,2022,8,16,14.5,22.8,30.1,0
"03490",20220817,2022,8,17,16.4,21.1,26.6,0
"03490",20220818,2022,8,18,15.3,19.4,24.4,0
"03490",20220819,2022,8,19,16.9,21.6,27.8,3.4
"03490",20220820,2022,8,20,15.8,20.2,24.7,0.1
"03490",20220821,2022,8,21,12.7,20.2,28,0
"03490",20220822,2022,8,22,13.5,21.6,30.6,0
"03490",20220823,2022,8,23,14.9,23.4,31.9,0
"03490",20220824,2022,8,24,16.4,24.1,34.2,0
"03490",20220825,2022,8,25,15.7,24,33.1,0
"03490",20220826,2022,8,26,17.6,20.7,22.7,0
"03490",20220827,2022,8,27,16.4,18,19.4,0
"03490",20220828,2022,8,28,12.8,19,24.8,0
"03490",20220829,2022,8,29,10.4,17.6,25.9,0
"03490",20220830,2022,8,30,12.3,20.6,29.9,2.9
"03490",20220831,2022,8,31,12.2,18.9,24.8,0.1
"03490",20220901,2022,9,1,9.9,17.9,26,0
"03490",20220902,2022,9,2,10,18.9,26.9,0
"03490",20220903,2022,9,3,9.5,15.8,24.6,25.1
"03490",20220904,2022,9,4,13.4,18.7,27.3,0
"03490",20220905,2022,9,5,13.3,20.5,30.1,0
"03490",20220906,2022,9,6,14.1,22.7,32,9.6
"03490",20220907,2022,9,7,14.1,19.7,26.2,6
"03490",20220908,2022,9,8,15.5,18.5,23,1.2
"03490",20220909,2022,9,9,15.5,18,21.9,0.4
"03490",20220910,2022,9,10,15.6,17.6,19.9,1
"03490",20220911,2022,9,11,13,17.6,22.5,0
"03490",20220912,2022,9,12,9.6,17.4,26.8,0
"03490",20220913,2022,9,13,11.8,18.3,26.8,15.9
"03490",20220914,2022,9,14,14.7,17.6,20.3,25.7
"03490",20220915,2022,9,15,13.3,15.6,19,0.4
"03490",20220916,2022,9,16,9.8,12.6,17.6,0.8
"03490",20220917,2022,9,17,9.7,12.1,15.9,1.7
"03490",20220918,2022,9,18,8.6,11.2,13,13.4
"03490",20220919,2022,9,19,9.5,12.3,17.3,0.5
"03490",20220920,2022,9,20,8.2,11.7,16.2,0
"03490",20220921,2022,9,21,6.2,10.4,18.2,0
"03490",20220922,2022,9,22,4.6,10.6,18.9,0
"03490",20220923,2022,9,23,3.6,11.6,19.7,0
"03490",20220924,2022,9,24,9.1,12.4,17.2,15.4
"03490",20220925,2022,9,25,7.6,12.6,17.1,0.2
"03490",20220926,2022,9,26,8.2,11.2,13.5,8.9
"03490",20220927,2022,9,27,7.2,10.2,13.2,3
"03490",20220928,2022,9,28,5.2,9.8,13.7,10.5
"03490",20220929,2022,9,29,3.3,8.1,14.6,0.1
"03490",20220930,2022,9,30,2.7,8.9,17.9,5.6
"03490",20221001,2022,10,1,10,13.8,19.4,1.1
"03490",20221002,2022,10,2,10.3,13.8,16.2,1.1
"03490",20221003,2022,10,3,5.9,12,17.3,0
"03490",20221004,2022,10,4,5.5,10.4,21,0
"03490",20221005,2022,10,5,4.7,13.1,20.7,0
"03490",20221006,2022,10,6,7.3,13.4,19.3,0
"03490",20221007,2022,10,7,3.5,10.7,18.9,0
"03490",20221008,2022,10,8,5.3,10.3,17.5,0
"03490",20221009,2022,10,9,2.6,8.4,17.5,0
"03490",20221010,2022,10,10,2.6,11.4,20.8,0.9
"03490",20221011,2022,10,11,5.1,9.2,15.2,0
"03490",20221012,2022,10,12,1.3,8.6,17.2,0
"03490",20221013,2022,10,13,6.3,11.5,17.4,0.5
"03490",20221014,2022,10,14,11,13.9,17.5,1
"03490",20221015,2022,10,15,10.6,15.5,20.6,0
"03490",20221016,2022,10,16,11,14.9,20.5,0
"03490",20221017,2022,10,17,10.7,16.6,22.4,9.4
"03490",20221018,2022,10,18,11.3,15.3,17.9,0.4
"03490",20221019,2022,10,19,9.3,12.5,16.3,0
"03490",20221020,2022,10,20,10.5,12.5,16.9,0.6
"03490",20221021,2022,10,21,11.3,14.6,20.2,3.5
"03490",20221022,2022,10,22,7.8,13.9,18.8,0
"03490",20221023,2022,10,23,7.3,13,20.6,8.1
"03490",20221024,2022,10,24,9.4,15.8,19.8,0
"03490",20221025,2022,10,25,7,13.7,18.3,0.2
"03490",20221026,2022,10,26,9,14.1,22.1,0
"03490",20221027,2022,10,27,6.3,13.8,22.2,0
"03490",20221028,2022,10,28,12,19.4,26.2,0
"03490",20221029,2022,10,29,11.3,14.5,19.6,0
"03490",20221030,2022,10,30,8.1,13.8,21.6,0
"03490",20221031,2022,10,31,8,12.4,19.3,0
"03490",20221101,2022,11,1,12.1,15.8,18.9,0
"03490",20221102,2022,11,2,4.3,11.2,16.2,0
"03490",20221103,2022,11,3,4.5,9.9,14.2,2.7
"03490",20221104,2022,11,4,4.1,9.5,14.7,2.9
"03490",20221105,2022,11,5,3.7,8.9,11.5,0
"03490",20221106,2022,11,6,7.3,10,12.8,0.1
"03490",20221107,2022,11,7,8.2,13.3,15.3,0
"03490",20221108,2022,11,8,4.4,12.6,17.8,0
"03490",20221109,2022,11,9,8.7,13.9,15.7,0
"03490",20221110,2022,11,10,4.1,10.7,14.1,0
"03490",20221111,2022,11,11,1,5.9,14.4,0
"03490",20221112,2022,11,12,0.2,5,12.1,0
"03490",20221113,2022,11,13,1.2,5.4,14.5,0
"03490",20221114,2022,11,14,-0.1,5.5,14,0
"03490",20221115,2022,11,15,6.9,12.6,15.4,4.7
"03490",20221116,2022,11,16,7.4,10.7,14.2,2
"03490",20221117,2022,11,17,4.9,10.1,13.6,2.5
"03490",20221118,2022,11,18,5.3,8.4,12.4,9.6
"03490",20221119,2022,11,19,2,4.1,7.5,0.9
"03490",20221120,2022,11,20,2,4.6,8.2,3.2
"03490",20221121,2022,11,21,4.9,7.2,8.9,0.8
"03490",20221122,2022,11,22,2.2,6.6,9.6,0.1
"03490",20221123,2022,11,23,6.5,8.6,10.6,1.7
"03490",20221124,2022,11,24,2.5,8.3,12.2,0.6
"03490",20221125,2022,11,25,2.3,7.9,12.5,2
"03490",20221126,2022,11,26,-0.4,4.3,10,0.1
"03490",20221127,2022,11,27,-1.5,4.6,9.2,4
"03490",20221128,2022,11,28,5,6.2,7.5,2.1
"03490",20221129,2022,11,29,6,7.8,9.5,0.4
"03490",20221130,2022,11,30,6.2,6.6,6.9,0.9
"03490",20221201,2022,12,1,4.2,5.7,6.4,0
"03490",20221202,2022,12,2,1.5,2.8,4.2,2.3
"03490",20221203,2022,12,3,1.3,1.8,2.5,0.2
"03490",20221204,2022,12,4,0.6,1.6,2.2,16.2
"03490",20221205,2022,12,5,0.2,1.1,2.5,1.1
"03490",20221206,2022,12,6,1.1,3.3,4.5,0.8
"03490",20221207,2022,12,7,1.9,4.6,6.6,0.2
"03490",20221208,2022,12,8,-1.3,3,5.5,0.1
"03490",20221209,2022,12,9,-0.6,1.2,3.3,0
"03490",20221210,2022,12,10,-4.4,-0.7,1,0
"03490",20221211,2022,12,11,-3.7,-1.2,1,0
"03490",20221212,2022,12,12,-6.8,-3,1.3,0
"03490",20221213,2022,12,13,-8.5,-4.3,0.1,0
"03490",20221214,2022,12,14,-8.4,-3.3,-1.6,1.1
"03490",20221215,2022,12,15,-12.9,-8.6,-3.6,0
"03490",20221216,2022,12,16,-11,-6.6,-2.6,0
"03490",20221217,2022,12,17,-11.9,-6.5,-2.8,0
"03490",20221218,2022,12,18,-12.6,-6.6,-1.1,0.3
"03490",20221219,2022,12,19,-1.1,4.5,13.6,0
"03490",20221220,2022,12,20,11.7,13.4,14.9,0.1
"03490",20221221,2022,12,21,7.2,10.5,13.7,3.7
"03490",20221222,2022,12,22,8.9,11.1,12.8,11.2
"03490",20221223,2022,12,23,7.8,10.7,14.1,9.6
"03490",20221224,2022,12,24,5.1,9.9,12.6,0.1
"03490",20221225,2022,12,25,6.3,10.7,14.8,0.9
"03490",20221226,2022,12,26,3.7,10.3,13.8,4.6
"03490",20221227,2022,12,27,4.3,6,7.9,0.1
"03490",20221228,2022,12,28,7,9.8,12.2,0.1
"03490",20221229,2022,12,29,7,10.8,12.8,1.8
"03490",20221230,2022,12,30,5.7,9.9,15.5,0.9
"03490",20221231,2022,12,31,15.3,16.7,18.6,0
"03490",20230101,2023,1,1,9.5,13.9,16.4,0.3
"03490",20230102,2023,1,2,4.8,10.9,14.8,0.6
"03490",20230103,2023,1,3,4.3,8,11.2,0
"03490",20230104,2023,1,4,8.8,11.6,14.1,0
"03490",20230105,2023,1,5,10.3,11.8,13.4,0.1
"03490",20230106,2023,1,6,9.1,11.1,12.3,0
"03490",20230107,2023,1,7,6.3,9.7,12,0
"03490",20230108,2023,1,8,6.6,9.7,11.4,3.2
"03490",20230109,2023,1,9,3.5,7.1,8.9,1.3
"03490",20230110,2023,1,10,3.9,6.7,8,1.1
"03490",20230111,2023,1,11,7.2,9.9,11.8,5.6
"03490",20230112,2023,1,12,9.1,10.6,11.8,2.9
"03490",20230113,2023,1,13,7.2,9.2,11.5,0
"03490",20230114,2023,1,14,6.2,9.6,12.5,7.6
"03490",20230115,2023,1,15,3.8,6.2,8.8,4.8
"03490",20230116,2023,1,16,3.6,4.8,5.9,5.1
"03490",20230117,2023,1,17,-1.5,1.4,4.7,0.1
"03490",20230118,2023,1,18,-2.6,-0.2,4,0
"03490",20230119,2023,1,19,-1.2,1.9,4.7,0.5
"03490",20230120,2023,1,20,-3.9,-0.7,2.6,4
"03490",20230121,2023,1,21,-6,-1.7,0.2,0.7
"03490",20230122,2023,1,22,-0.2,0.6,1.2,0
"03490",20230123,2023,1,23,0.6,1.7,3.2,0
"03490",20230124,2023,1,24,1.2,2,2.7,0
"03490",20230125,2023,1,25,-1.3,0.3,1.2,0
"03490",20230126,2023,1,26,-2.4,-0.1,3.2,6.1
"03490",20230127,2023,1,27,1.8,3.4,5.2,0.1
"03490",20230128,2023,1,28,-0.9,1.3,3,0
"03490",20230129,2023,1,29,-3.5,-0.1,3.2,0
"03490",20230130,2023,1,30,2.5,5.5,8.1,1.1
"03490",20230131,2023,1,31,2.3,5.4,6.9,1.2
"03490",20230201,2023,2,1,4.7,7,8.4,1.2
"03490",20230202,2023,2,2,7.6,8.7,9.7,0.1
"03490",20230203,2023,2,3,8.2,9.7,10.6,0.5
"03490",20230204,2023,2,4,6.1,7.4,9.9,2.5
"03490",20230205,2023,2,5,5.1,6,7,6.3
"03490",20230206,2023,2,6,-1.9,2.7,5.5,0.2
"03490",20230207,2023,2,7,-4.4,-0.8,5.1,0
"03490",20230208,2023,2,8,-5.2,-1.3,6.4,0
"03490",20230209,2023,2,9,-6.8,-1,6,0
"03490",20230210,2023,2,10,-2.4,2.3,8.2,0
"03490",20230211,2023,2,11,-0.5,4,8.3,0
"03490",20230212,2023,2,12,4.1,6.7,9.5,0
"03490",20230213,2023,2,13,0.2,6.2,14.2,0
"03490",20230214,2023,2,14,-1.3,2.8,10.1,0
"03490",20230215,2023,2,15,-1.9,2.7,10.4,0
"03490",20230216,2023,2,16,-3.1,4.6,11.3,0
"03490",20230217,2023,2,17,10.8,13,16.7,0.1
"03490",20230218,2023,2,18,10.2,11.3,12.1,2.1
"03490",20230219,2023,2,19,3.9,9.6,11.1,0.7
"03490",20230220,2023,2,20,1.7,8.2,15.7,0
"03490",20230221,2023,2,21,2.1,7.1,15.6,0
"03490",20230222,2023,2,22,0,7.4,15.2,3.4
"03490",20230223,2023,2,23,7.1,8.5,11.7,0.1
"03490",20230224,2023,2,24,4,5.6,7.4,2.2
"03490",20230225,2023,2,25,-2.3,3.1,5.6,1.7
"03490",20230226,2023,2,26,-4,-0.1,3.8,0
"03490",20230227,2023,2,27,-5.2,-0.3,6.3,0
"03490",20230228,2023,2,28,-5.1,-0.3,5.5,0
"03490",20230301,2023,3,1,-5.2,0.1,8.2,0
"03490",20230302,2023,3,2,-3.6,2.5,11.1,0
"03490",20230303,2023,3,3,-1.8,0.4,2.5,0
"03490",20230304,2023,3,4,0.4,4.2,6.7,0
"03490",20230305,2023,3,5,2.4,4.1,5.8,0.4
"03490",20230306,2023,3,6,1.5,3.8,6,0
"03490",20230307,2023,3,7,0.8,4.5,8.1,9.1
"03490",20230308,2023,3,8,0.2,2.5,4.7,12.2
"03490",20230309,2023,3,9,4.3,9.4,13.7,1.6
"03490",20230310,2023,3,10,1.3,8.5,12.6,1
"03490",20230311,2023,3,11,-2.2,1.9,6,0
"03490",20230312,2023,3,12,-1.3,6.8,12.5,0
"03490",20230313,2023,3,13,12,14.1,16.6,0.8
"03490",20230314,2023,3,14,2.3,7.9,12.2,11.4
"03490",20230315,2023,3,15,-1.7,3.4,7.8,0.4
"03490",20230316,2023,3,16,-2.1,6.1,12.6,0
"03490",20230317,2023,3,17,1.3,9.3,16.6,0.8
"03490",20230318,2023,3,18,4.6,11.8,18,0
"03490",20230319,2023,3,19,7.5,11.9,16.2,0.9
"03490",20230320,2023,3,20,6.7,9,11.2,0.2
"03490",20230321,2023,3,21,6.2,9.9,14,5
"03490",20230322,2023,3,22,9,12.9,14.8,0.1
"03490",20230323,2023,3,23,11.9,13.9,15.9,0
"03490",20230324,2023,3,24,8.9,13.2,16.9,5.8
"03490",20230325,2023,3,25,7.2,10.5,14.3,3.7
"03490",20230326,2023,3,26,4.9,8.1,9.7,10
"03490",20230327,2023,3,27,0.2,3.7,8,2.1
"03490",20230328,2023,3,28,-1.1,5,10.8,1.2
"03490",20230329,2023,3,29,3.7,10.7,17.1,0.1
"03490",20230330,2023,3,30,10.4,14.3,17.2,5.3
"03490",20230331,2023,3,31,10,12.3,15.1,3.5
"03490",20230401,2023,4,1,8.7,11,12.9,2
"03490",20230402,2023,4,2,3.4,7.1,8.8,3.8
"03490",20230403,2023,4,3,-1.8,4.7,9.6,0.1
"03490",20230404,2023,4,4,-3.4,3.2,9.7,0
"03490",20230405,2023,4,5,-2,5.3,11.9,0
"03490",20230406,2023,4,6,-2.3,6.1,13.2,8
"03490",20230407,2023,4,7,7.2,8.8,10.9,1.3
"03490",20230408,2023,4,8,7.5,9.2,11.8,0.1
"03490",20230409,2023,4,9,2.8,9.3,14.6,0
"03490",20230410,2023,4,10,0.7,10.9,18.4,2.1
"03490",20230411,2023,4,11,8.3,11.2,14.3,0.2
"03490",20230412,2023,4,12,3.9,9.2,14.1,5.7
"03490",20230413,2023,4,13,2.7,9.4,14.6,0.8
"03490",20230414,2023,4,14,1.8,8.2,15.2,0
"03490",20230415,2023,4,15,2,7.8,13.7,1.3
"03490",20230416,2023,4,16,7.2,9.3,12.7,6.5
"03490",20230417,2023,4,17,5.8,10.7,14.8,0.1
"03490",20230418,2023,4,18,2.9,9.8,15.4,0
"03490",20230419,2023,4,19,3.2,10.8,16.5,0.9
"03490",20230420,2023,4,20,4.1,6.3,11.2,8.1
"03490",20230421,2023,4,21,4.4,10.9,18.4,1.3
"03490",20230422,2023,4,22,7.1,14.3,20.6,0
"03490",20230423,2023,4,23,10.3,14,18,0.3
"03490",20230424,2023,4,24,5.7,10,13,1
"03490",20230425,2023,4,25,3.9,7.3,10.7,0
"03490",20230426,2023,4,26,0.7,6.8,12.7,0
"03490",20230427,2023,4,27,2.8,9.9,16.3,1.3
"03490",20230428,2023,4,28,9.3,14.1,20.9,2.3
"03490",20230429,2023,4,29,8.5,10.9,13.7,0.2
"03490",20230430,2023,4,30,6.3,12.5,19.6,0
"03490",20230501,2023,5,1,6.9,12.2,18.1,1.4
"03490",20230502,2023,5,2,4.2,10.5,13.9,0
"03490",20230503,2023,5,3,1.8,10,18.8,0
"03490",20230504,2023,5,4,3.9,14.1,23.3,0
"03490",20230505,2023,5,5,9.9,15.5,22.3,1.5
"03490",20230506,2023,5,6,8.2,14.2,20.4,6
"03490",20230507,2023,5,7,11.1,15.3,23.8,37.1
"03490",20230508,2023,5,8,12.6,15.3,20.2,0.2
"03490",20230509,2023,5,9,12.3,15.9,21.5,12
"03490",20230510,2023,5,10,10.3,13.2,17.1,17.6
"03490",20230511,2023,5,11,8.2,12.6,16.4,13.2
"03490",20230512,2023,5,12,10.8,13.8,17.9,6.6
"03490",20230513,2023,5,13,9.3,13.6,20.4,2.4
"03490",20230514,2023,5,14,8,14.5,21,0.1
"03490",20230515,2023,5,15,10.9,14.4,19.5,5.6
"03490",20230516,2023,5,16,8.2,11.4,15.2,0
"03490",20230517,2023,5,17,5.6,10.9,15.9,0
"03490",20230518,2023,5,18,3.5,11.2,18.7,0
"03490",20230519,2023,5,19,5.1,13.2,21.2,0
"03490",20230520,2023,5,20,7.8,14.2,20.6,0
"03490",20230521,2023,5,21,11.3,17.8,24.3,0
"03490",20230522,2023,5,22,13.7,18.7,22.3,0
"03490",20230523,2023,5,23,8.9,14.4,16.9,0
"03490",20230524,2023,5,24,5.1,10.5,14.9,0
"03490",20230525,2023,5,25,5.4,12.7,20,0
"03490",20230526,2023,5,26,6.9,13.4,20.9,0
"03490",20230527,2023,5,27,6.3,15.3,24.2,0
"03490",20230528,2023,5,28,8.3,17.5,25.4,0
"03490",20230529,2023,5,29,10.3,16.5,22.6,0
"03490",20230530,2023,5,30,7.5,14.9,22,0
"03490",20230531,2023,5,31,9.5,18.1,26.5,0
"03490",20230601,2023,6,1,10.9,16.9,22.8,0
"03490",20230602,2023,6,2,10.1,14.5,20.4,0
"03490",20230603,2023,6,3,8.2,16.1,23.9,0
"03490",20230604,2023,6,4,7.8,16.9,25.6,0
"03490",20230605,2023,6,5,8.8,18.1,26.3,0
"03490",20230606,2023,6,6,10.9,19.2,27.4,0.3
"03490",20230607,2023,6,7,13.7,17.8,23.4,0
"03490",20230608,2023,6,8,12.3,19,26.7,0.6
"03490",20230609,2023,6,9,11.7,20.8,29.6,0
"03490",20230610,2023,6,10,11.8,22.2,30.8,0
"03490",20230611,2023,6,11,13.5,22.4,29.9,0
"03490",20230612,2023,6,12,12.9,21.3,29.4,0
"03490",20230613,2023,6,13,9.7,19.9,27.6,0
"03490",20230614,2023,6,14,11.8,18.9,25.7,0
"03490",20230615,2023,6,15,11,19.3,27.3,0
"03490",20230616,2023,6,16,11.8,19.9,27.5,0
"03490",20230617,2023,6,17,12.6,20.9,28.6,0
"03490",20230618,2023,6,18,13.6,23.1,31.7,0
"03490",20230619,2023,6,19,16.3,23.7,29.6,0
"03490",20230620,2023,6,20,17.5,24.2,31.5,0.5
"03490",20230621,2023,6,21,15,22.6,29,0.2
"03490",20230622,2023,6,22,17.7,21.4,27.1,20.4
"03490",20230623,2023,6,23,16.5,20.5,26,0.3
"03490",20230624,2023,6,24,13.7,22.1,29.3,0
"03490",20230625,2023,6,25,15.5,23.9,31.6,0
"03490",20230626,2023,6,26,13.3,20.8,25.5,0
"03490",20230627,2023,6,27,13.7,19.6,24.5,1
"03490",20230628,2023,6,28,14.2,18.7,24.4,0
"03490",20230629,2023,6,29,14.6,21,26.9,6
"03490",20230630,2023,6,30,13.5,17.6,22.9,0.1
"03490",20230701,2023,7,1,13.9,17.8,23,1.7
"03490",20230702,2023,7,2,14.2,18.8,23.4,0
"03490",20230703,2023,7,3,12.6,18.1,23.8,0.1
"03490",20230704,2023,7,4,10,18.8,25.1,8.8
"03490",20230705,2023,7,5,10.7,17.2,21.6,0.1
"03490",20230706,2023,7,6,9.9,17.8,25.1,0
"03490",20230707,2023,7,7,11.1,21.2,31.3,0
"03490",20230708,2023,7,8,14.6,24.8,34.8,0
"03490",20230709,2023,7,9,16.1,23.9,36,3.4
"03490",20230710,2023,7,10,16.4,22.1,28,0
"03490",20230711,2023,7,11,12.9,25,34.2,1.5
"03490",20230712,2023,7,12,15.8,22,26.9,0
"03490",20230713,2023,7,13,10.7,18.5,24.5,0
"03490",20230714,2023,7,14,10.6,20.7,29.2,0
"03490",20230715,2023,7,15,15.8,23.2,27.6,1.2
"03490",20230716,2023,7,16,15.2,21,25.3,0
"03490",20230717,2023,7,17,11.4,19.1,26.7,0
"03490",20230718,2023,7,18,9,19.4,28.3,0
"03490",20230719,2023,7,19,13.8,19.8,25.4,0
"03490",20230720,2023,7,20,13.9,19.3,24.3,2
"03490",20230721,2023,7,21,11.9,16.1,20,8.1
"03490",20230722,2023,7,22,8.1,17.9,25.4,0
"03490",20230723,2023,7,23,12.8,19.5,24.3,0.1
"03490",20230724,2023,7,24,16.1,20.7,26.1,1.9
"03490",20230725,2023,7,25,13.3,16.1,19.6,0.6
"03490",20230726,2023,7,26,12.7,16.1,22,6.5
"03490",20230727,2023,7,27,12.4,16.9,20.9,10.4
"03490",20230728,2023,7,28,16.2,20.3,25.6,2.9
"03490",20230729,2023,7,29,15.3,19.4,24.6,2.2
"03490",20230730,2023,7,30,14.9,18.5,22.8,0.8
"03490",20230731,2023,7,31,17.5,19.4,23.1,19.8
"03490",20230801,2023,8,1,14.7,17.9,21.2,2.9
"03490",20230802,2023,8,2,14.5,19.5,26.3,4.2
"03490",20230803,2023,8,3,15.7,18.3,22.9,0.9
"03490",20230804,2023,8,4,13.8,17,22.3,1.3
"03490",20230805,2023,8,5,12.2,17.2,23.2,2.9
"03490",20230806,2023,8,6,12,14.5,18,9.5
"03490",20230807,2023,8,7,10.9,15.1,20.6,1
"03490",20230808,2023,8,8,11.4,16.2,19.8,6.3
"03490",20230809,2023,8,9,13.1,17.2,22.8,0.4
"03490",20230810,2023,8,10,10.8,17.5,25.2,0
"03490",20230811,2023,8,11,10.9,21.7,30.8,8.4
"03490",20230812,2023,8,12,16.4,20.8,26,9.8
"03490",20230813,2023,8,13,14.4,19.6,25.6,0.3
"03490",20230814,2023,8,14,13.3,19.9,26.9,9.2
"03490",20230815,2023,8,15,17.8,21,25.9,3.5
"03490",20230816,2023,8,16,17.9,21,26.1,16.5
"03490",20230817,2023,8,17,17.1,20.5,24.8,0
"03490",20230818,2023,8,18,16.8,22.4,30.8,0
"03490",20230819,2023,8,19,17.8,22.9,31.1,1.6
"03490",20230820,2023,8,20,18.9,23.3,29.2,0
"03490",20230821,2023,8,21,18.2,22.6,28.1,0
"03490",20230822,2023,8,22,16.3,21.1,26.7,0
"03490",20230823,2023,8,23,14.6,21.2,29,0.4
"03490",20230824,2023,8,24,15.5,19.9,27,3.5
"03490",20230825,2023,8,25,15.2,19.7,25.2,3.1
"03490",20230826,2023,8,26,12.2,18.4,23.4,0
"03490",20230827,2023,8,27,10.6,15.6,22.5,3
"03490",20230828,2023,8,28,9.8,14.9,19,0
"03490",20230829,2023,8,29,13.3,16.1,20.7,0.1
"03490",20230830,2023,8,30,10,14.9,20.7,2.5
"03490",20230831,2023,8,31,9.7,15.9,20.5,0.1
"03490",20230901,2023,9,1,12.5,16.1,21.2,4.5
"03490",20230902,2023,9,2,12.1,18.2,25.7,0.1
"03490",20230903,2023,9,3,13.6,18.8,24.4,0
"03490",20230904,2023,9,4,10.8,17.8,27.8,0
"03490",20230905,2023,9,5,12.2,20.4,30,0
"03490",20230906,2023,9,6,13,20.4,29.5,0
"03490",20230907,2023,9,7,12.6,20.4,30.1,0
"03490",20230908,2023,9,8,12.6,21.1,31.8,0
"03490",20230909,2023,9,9,13.2,22.1,31.2,0
"03490",20230910,2023,9,10,14.5,23,31.8,0
"03490",20230911,2023,9,11,13.6,23.4,33,0
"03490",20230912,2023,9,12,18.2,21.9,26.5,2.4
"03490",20230913,2023,9,13,11.9,18.3,24.1,0.1
"03490",20230914,2023,9,14,9.1,14.8,21.9,0
"03490",20230915,2023,9,15,8,15.7,25.4,0.1
"03490",20230916,2023,9,16,11.9,19.3,27.4,0.3
"03490",20230917,2023,9,17,15.7,21.3,28.5,0.6
"03490",20230918,2023,9,18,15.1,20.3,25.6,2.4
"03490",20230919,2023,9,19,13.3,17.5,21.1,0
"03490",20230920,2023,9,20,10.8,17.2,25.1,0
"03490",20230921,2023,9,21,11.1,16.6,22.1,15.4
"03490",20230922,2023,9,22,10.7,14.6,20,4.9
"03490",20230923,2023,9,23,10.2,14.2,18.7,0.3
"03490",20230924,2023,9,24,6.1,12.8,21.3,0.1
"03490",20230925,2023,9,25,4.6,13.2,22.6,0
"03490",20230926,2023,9,26,5.7,14.6,25.4,0
"03490",20230927,2023,9,27,8,15.9,26.5,0
"03490",20230928,2023,9,28,11.6,18.2,26,0
"03490",20230929,2023,9,29,11.7,18.3,25.3,3.4
"03490",20230930,2023,9,30,7.8,13.8,20.2,0
"03490",20231001,2023,10,1,6.9,14.9,25.8,0.1
"03490",20231002,2023,10,2,9.5,16.7,29,0
"03490",20231003,2023,10,3,10.3,17,23.7,4.2
"03490",20231004,2023,10,4,10.4,14.1,18.6,0
"03490",20231005,2023,10,5,7.7,13.6,17.9,0
"03490",20231006,2023,10,6,5.4,13.2,21.2,0
"03490",20231007,2023,10,7,7.5,16.1,24.7,0
"03490",20231008,2023,10,8,11.2,16.3,22.9,0
"03490",20231009,2023,10,9,11.1,16,25.1,0
"03490",20231010,2023,10,10,8.7,17.3,26.8,0
"03490",20231011,2023,10,11,9.7,20.7,26.9,0.2
"03490",20231012,2023,10,12,14.8,17.2,20.6,11
"03490",20231013,2023,10,13,15.2,20.7,25.4,4
"03490",20231014,2023,10,14,7.5,13.4,20.3,0.1
"03490",20231015,2023,10,15,3.5,7.4,10.8,3
"03490",20231016,2023,10,16,1.5,5.2,11.1,0
"03490",20231017,2023,10,17,1.8,5.7,13.3,0
"03490",20231018,2023,10,18,3.2,9.9,15,4.5
"03490",20231019,2023,10,19,9.8,13.4,17.5,4
"03490",20231020,2023,10,20,11.8,14.9,17.8,10
"03490",20231021,2023,10,21,10.5,14.3,17.1,0.4
"03490",20231022,2023,10,22,10,13.5,15.6,0.1
"03490",20231023,2023,10,23,4.9,10.5,13.4,3.1
"03490",20231024,2023,10,24,5,10.5,14.8,0.5
"03490",20231025,2023,10,25,5.4,9.4,12.8,5.1
"03490",20231026,2023,10,26,7.5,10.8,13.1,4.6
"03490",20231027,2023,10,27,7.3,11.1,15.6,4.4
"03490",20231028,2023,10,28,8,11.9,15.1,0.6
"03490",20231029,2023,10,29,12.2,14.7,16,0.1
"03490",20231030,2023,10,30,9.4,13.1,16.5,1.3
"03490",20231031,2023,10,31,9.6,12.4,15.1,2
"03490",20231101,2023,11,1,10.6,13,14.7,0.9
"03490",20231102,2023,11,2,10.1,12.6,15.1,0.5
"03490",20231103,2023,11,3,5.6,9.8,12.5,0
"03490",20231104,2023,11,4,8.2,9.7,11.6,3.3
"03490",20231105,2023,11,5,8.8,11.2,13.5,1.1
"03490",20231106,2023,11,6,9,11,13.2,0.1
"03490",20231107,2023,11,7,6.2,9.2,12.8,1.6
"03490",20231108,2023,11,8,8.4,10.3,11.8,1.5
"03490",20231109,2023,11,9,5.8,10.3,12.4,3.4
"03490",20231110,2023,11,10,3.6,8.3,10.5,5.7
"03490",20231111,2023,11,11,3.7,7.2,10.2,0.4
"03490",20231112,2023,11,12,0.6,5,9.3,0.5
"03490",20231113,2023,11,13,5,10.6,16.5,8.5
"03490",20231114,2023,11,14,10.3,12.1,13.8,3.2
"03490",20231115,2023,11,15,4.9,10.7,12.8,0.7
"03490",20231116,2023,11,16,2.2,5.8,7.7,1.5
"03490",20231117,2023,11,17,1.4,5.7,7.7,3.8
"03490",20231118,2023,11,18,2.3,6.5,12.2,4.1
"03490",20231119,2023,11,19,11.5,13.1,14.8,0.2
"03490",20231120,2023,11,20,7.9,10.1,13,8.4
"03490",20231121,2023,11,21,6.3,8.7,10.2,0.7
"03490",20231122,2023,11,22,1.1,4.3,6.6,0.4
"03490",20231123,2023,11,23,1.5,9.6,12.7,4.4
"03490",20231124,2023,11,24,3.3,6.6,12.1,2.1
"03490",20231125,2023,11,25,2.8,5,6.9,0.5
"03490",20231126,2023,11,26,1.3,5.2,7.6,2
"03490",20231127,2023,11,27,2.9,4.1,5.3,19.8
"03490",20231128,2023,11,28,-1.5,0.9,5,0.7
"03490",20231129,2023,11,29,-1.5,1.6,4.5,2.8
"03490",20231130,2023,11,30,-1.1,1.2,2.8,0.7
"03490",20231201,2023,12,1,-1.7,0,1.5,0.1
"03490",20231202,2023,12,2,-3.8,-1.9,-0.7,0
"03490",20231203,2023,12,3,-3.8,-0.3,2.3,0
"03490",20231204,2023,12,4,-0.8,0.4,2.3,2.2
"03490",20231205,2023,12,5,1.1,4.4,7.6,1.9
"03490",20231206,2023,12,6,0.8,3.6,5.8,0
"03490",20231207,2023,12,7,-2.9,0.5,3.9,1.6
"03490",20231208,2023,12,8,1.2,3.6,7.2,0
"03490",20231209,2023,12,9,-0.1,6.1,11,3.3
"03490",20231210,2023,12,10,9.4,10.6,12,1.8
"03490",20231211,2023,12,11,8.1,10.7,11.9,0.6
"03490",20231212,2023,12,12,2.7,7.8,12.2,0.2
"03490",20231213,2023,12,13,1.9,5.8,10.2,2.8
"03490",20231214,2023,12,14,2.7,5.7,7.8,0.8
"03490",20231215,2023,12,15,1,5.6,9.2,0.2
"03490",20231216,2023,12,16,5.4,7.9,10.7,0.2
"03490",20231217,2023,12,17,1.1,5.9,9.3,0.1
"03490",20231218,2023,12,18,-1.4,0.7,5.6,0
"03490",20231219,2023,12,19,0.8,5.7,7.1,8.3
"03490",20231220,2023,12,20,5.7,7.4,9,0.2
"03490",20231221,2023,12,21,4.4,9.6,12.8,18.3
"03490",20231222,2023,12,22,5.1,9,10.9,5.4
"03490",20231223,2023,12,23,7.1,10,11.2,1.3
"03490",20231224,2023,12,24,9.8,11.4,13.2,1.4
"03490",20231225,2023,12,25,11.1,11.9,12.6,1.1
"03490",20231226,2023,12,26,3.7,9.3,12,0.1
"03490",20231227,2023,12,27,1.7,6.8,11.6,0
"03490",20231228,2023,12,28,9,10.6,11.9,0
"03490",20231229,2023,12,29,9.9,10.7,11.3,0.2
"03490",20231230,2023,12,30,7,9.7,11.3,0
"03490",20231231,2023,12,31,7,8.9,11.1,1.5
"03490",20240101,2024,1,1,6.3,8.1,9.2,5.1
"03490",20240102,2024,1,2,7.6,10.7,12.3,6.8
"03490",20240103,2024,1,3,8.6,10.3,11.9,8.9
"03490",20240104,2024,1,4,3.4,7.4,9.8,0.1
"03490",20240105,2024,1,5,6.4,8.4,10,0.4
"03490",20240106,2024,1,6,1.8,4.7,7.5,1.4
"03490",20240107,2024,1,7,-0.6,1,2.3,2.8
"03490",20240108,2024,1,8,-7.3,-2.1,0.2,0
"03490",20240109,2024,1,9,-9.5,-6.3,-0.6,0
"03490",20240110,2024,1,10,-9.2,-6,-0.3,0
"03490",20240111,2024,1,11,-8.2,-4.6,1,0
"03490",20240112,2024,1,12,-3.8,-0.8,0.9,0
"03490",20240113,2024,1,13,0.2,1.7,2.5,0
"03490",20240114,2024,1,14,0.8,1.7,2.8,1.8
"03490",20240115,2024,1,15,-0.3,1.2,2.4,3.2
"03490",20240116,2024,1,16,-8.4,-1.1,2.1,0.5
"03490",20240117,2024,1,17,-8.4,-3.3,-0.3,14.4
"03490",20240118,2024,1,18,-3.7,-1.3,1,2.5
"03490",20240119,2024,1,19,-9.9,-3.1,2.6,0.1
"03490",20240120,2024,1,20,-13.8,-8.6,-1.8,0
"03490",20240121,2024,1,21,-10.1,0.9,8,0.3
"03490",20240122,2024,1,22,7.7,9.8,11.8,0.4
"03490",20240123,2024,1,23,3.8,8.4,12.1,1.2
"03490",20240124,2024,1,24,9.1,12.1,15,0
"03490",20240125,2024,1,25,3.5,9.1,11,0.3
"03490",20240126,2024,1,26,1.8,8.8,12.6,1.8
"03490",20240127,2024,1,27,-2.3,2.4,8.6,0.2
"03490",20240128,2024,1,28,-3.2,1.1,9.5,0
"03490",20240129,2024,1,29,-1.3,4.4,11.7,0
"03490",20240130,2024,1,30,0.6,5.7,10.3,0
"03490",20240131,2024,1,31,-0.1,5.9,8.6,4.6
"03490",20240201,2024,2,1,1.2,6.6,8.9,1
"03490",20240202,2024,2,2,0.5,6.2,12.3,0.2
"03490",20240203,2024,2,3,8.5,10.7,12.6,1.8
"03490",20240204,2024,2,4,9.9,11.4,12.8,0.1
"03490",20240205,2024,2,5,7.8,10.7,13,0
"03490",20240206,2024,2,6,8.8,10.1,11.5,2.3
"03490",20240207,2024,2,7,3,6.3,11.3,25.4
"03490",20240208,2024,2,8,3.3,7.2,12.7,5.6
"03490",20240209,2024,2,9,9.7,12.2,14.2,0.1
"03490",20240210,2024,2,10,3.8,9.6,13.4,0.2
"03490",20240211,2024,2,11,6.7,9.1,11.4,0.2
"03490",20240212,2024,2,12,3.2,7.5,10.7,0.2
"03490",20240213,2024,2,13,-1.3,5.8,9.7,0
"03490",20240214,2024,2,14,8.7,11.1,13.2,0.7
"03490",20240215,2024,2,15,8.3,12.7,17.4,0.9
"03490",20240216,2024,2,16,9,12.2,15.3,1.4
"03490",20240217,2024,2,17,6.5,10,13.1,0
"03490",20240218,2024,2,18,3.7,8.3,11.5,2.2
"03490",20240219,2024,2,19,7.9,9.9,12.3,1.3
"03490",20240220,2024,2,20,6.1,8.8,11.5,0.5
"03490",20240221,2024,2,21,7.1,9.3,11.5,1.8
"03490",20240222,2024,2,22,6.3,11.4,14.6,3.6
"03490",20240223,2024,2,23,2.6,6.4,9.9,4.3
"03490",20240224,2024,2,24,1.7,4.8,8.5,1
"03490",20240225,2024,2,25,3.3,6.8,10.6,3.2
"03490",20240226,2024,2,26,5.5,6.7,7.5,4.3
"03490",20240227,2024,2,27,2.5,6.3,9.3,0.1
"03490",20240228,2024,2,28,1,5.2,10.4,0
"03490",20240229,2024,2,29,-2.1,5,13.3,0
"03490",20240301,2024,3,1,0.7,7,11.4,0
"03490",20240302,2024,3,2,3.4,9.2,13.8,0
"03490",20240303,2024,3,3,5.9,11,16.7,0
"03490",20240304,2024,3,4,5.1,7.9,9.5,0
"03490",20240305,2024,3,5,4.5,7.1,9.4,1.7
"03490",20240306,2024,3,6,0.3,6.4,12.7,0.1
"03490",20240307,2024,3,7,0.7,5.3,9.9,0
"03490",20240308,2024,3,8,-2.6,4.2,11.4,0
"03490",20240309,2024,3,9,2.4,8.8,14.6,0
"03490",20240310,2024,3,10,5.9,9.8,14.2,16
"03490",20240311,2024,3,11,6.4,8.5,11.2,4.9
"03490",20240312,2024,3,12,6.9,8.6,12.2,10.7
"03490",20240313,2024,3,13,7.2,10.2,15.4,0.9
"03490",20240314,2024,3,14,4.6,10.9,19.5,0.3
"03490",20240315,2024,3,15,6.1,11.2,17.1,5.2
"03490",20240316,2024,3,16,4.4,9,11.2,1.3
"03490",20240317,2024,3,17,0.6,8,15.5,2.6
"03490",20240318,2024,3,18,6.8,10.6,16.2,0.5
"03490",20240319,2024,3,19,4.4,10,17.1,0.1
"03490",20240320,2024,3,20,4.5,11.6,19.7,0
"03490",20240321,2024,3,21,7.3,11.1,14.2,0
"03490",20240322,2024,3,22,6.6,12,17.8,7.5
"03490",20240323,2024,3,23,4.3,6.5,10,1.8
"03490",20240324,2024,3,24,4.4,6.9,10.2,1.7
"03490",20240325,2024,3,25,1,6.7,12.9,0
"03490",20240326,2024,3,26,3.9,9.5,15,0
"03490",20240327,2024,3,27,4.8,8,11.2,0.5
"03490",20240328,2024,3,28,2.7,8.5,11.9,0.7
"03490",20240329,2024,3,29,7.2,11,15.4,2
"03490",20240330,2024,3,30,6.4,11.5,17.2,1.5
"03490",20240331,2024,3,31,6.9,11.9,18.6,6.7
"03490",20240401,2024,4,1,8.4,10.1,13.7,6
"03490",20240402,2024,4,2,7.8,11.4,14.6,0.5
"03490",20240403,2024,4,3,7.4,12,15.1,0
"03490",20240404,2024,4,4,6.9,12.4,16.1,2.4
"03490",20240405,2024,4,5,8.8,15.4,20.2,0
"03490",20240406,2024,4,6,8.4,18.8,26.9,0
"03490",20240407,2024,4,7,14.7,19.9,24.2,0.2
"03490",20240408,2024,4,8,10,17.4,24.8,0.6
"03490",20240409,2024,4,9,8.5,13.8,24.1,1.5
"03490",20240410,2024,4,10,5.1,10.4,15.8,0
"03490",20240411,2024,4,11,2.4,11.2,19.3,0
"03490",20240412,2024,4,12,10,14.5,19.7,0
"03490",20240413,2024,4,13,7.3,17.3,25.6,0
"03490",20240414,2024,4,14,10,14.5,18.1,0.1
"03490",20240415,2024,4,15,4.6,9.7,16,7.1
"03490",20240416,2024,4,16,4,6.9,10.6,19
"03490",20240417,2024,4,17,3.3,6.7,11.2,7.4
"03490",20240418,2024,4,18,3.3,7,12.3,1.6
"03490",20240419,2024,4,19,5.2,7.4,10.5,10.8
"03490",20240420,2024,4,20,3.9,6.3,8.7,14.3
"03490",20240421,2024,4,21,0.2,4.7,9.8,2
"03490",20240422,2024,4,22,-0.6,4.1,10.2,1.4
"03490",20240423,2024,4,23,-0.3,4.9,10.9,0.1
"03490",20240424,2024,4,24,3.7,6.2,9.6,9.9
"03490",20240425,2024,4,25,3.6,7.4,10.9,0.8
"03490",20240426,2024,4,26,1.9,9.6,15.2,0
"03490",20240427,2024,4,27,3,12.2,20,0
"03490",20240428,2024,4,28,9.5,14.3,17.6,0
"03490",20240429,2024,4,29,6.1,14.3,19.9,0
"03490",20240430,2024,4,30,10.8,17.8,25.8,0
"03490",20240501,2024,5,1,11.8,18.5,26.1,0
"03490",20240502,2024,5,2,11.6,17,25.9,84.4
"03490",20240503,2024,5,3,6.6,12.2,16.9,1.1
"03490",20240504,2024,5,4,5.2,11.4,17.4,4.2
"03490",20240505,2024,5,5,7.9,13.8,19.4,1.9
"03490",20240506,2024,5,6,11.7,13.9,16.1,15
"03490",20240507,2024,5,7,10.7,13.3,18.4,3.7
"03490",20240508,2024,5,8,10.3,13.4,17,0
"03490",20240509,2024,5,9,8.4,14.8,22,0
"03490",20240510,2024,5,10,8.9,16.2,23.3,0
"03490",20240511,2024,5,11,9.7,17.1,24.8,0
"03490",20240512,2024,5,12,9.6,17.9,25.8,0
"03490",20240513,2024,5,13,12.3,18,24.7,0
"03490",20240514,2024,5,14,10.5,19.4,26.8,0
"03490",20240515,2024,5,15,12.9,16.2,19.2,7.1
"03490",20240516,2024,5,16,12.6,16.4,21.6,8.2
"03490",20240517,2024,5,17,12.9,14.8,16.3,10.1
"03490",20240518,2024,5,18,10.3,14.8,18.4,14.6
"03490",20240519,2024,5,19,10.4,15.3,20.5,1.2
"03490",20240520,2024,5,20,11.5,15.8,21.6,0.3
"03490",20240521,2024,5,21,11.1,15.2,20.6,10.6
"03490",20240522,2024,5,22,11.3,15.7,20.1,1
"03490",20240523,2024,5,23,8.2,15.5,21.5,12
"03490",20240524,2024,5,24,11,14,17,15.4
"03490",20240525,2024,5,25,10.3,15.5,21.2,0.5
"03490",20240526,2024,5,26,9.9,17.4,24.3,0
"03490",20240527,2024,5,27,11,15.6,21.3,3
"03490",20240528,2024,5,28,8.9,15.2,20.6,1.5
"03490",20240529,2024,5,29,12.8,16.5,21.1,17.6
"03490",20240530,2024,5,30,12.2,15.2,18.9,1.1
"03490",20240531,2024,5,31,12.6,15.6,19.5,0.3
"03490",20240601,2024,6,1,14.1,16.4,18.7,1.5
"03490",20240602,2024,6,2,12.8,14.7,16.4,0.6
"03490",20240603,2024,6,3,10.5,13.1,15.6,0.1
"03490",20240604,2024,6,4,8.5,15.9,23.5,0.5
"03490",20240605,2024,6,5,8.7,14.8,18.3,3.9
"03490",20240606,2024,6,6,6.7,14.6,21.9,0
"03490",20240607,2024,6,7,9.6,15.7,21.8,0
"03490",20240608,2024,6,8,7.7,17.1,24.7,0
"03490",20240609,2024,6,9,8.5,15.5,21.1,0
"03490",20240610,2024,6,10,8.2,12.7,17.4,1.3
"03490",20240611,2024,6,11,8,12.8,17.3,0
"03490",20240612,2024,6,12,6.4,11.8,16.7,0
"03490",20240613,2024,6,13,6.6,13.9,20.7,0.3
"03490",20240614,2024,6,14,11,16.3,21.4,7.4
"03490",20240615,2024,6,15,10.8,16.6,20.6,0.3
"03490",20240616,2024,6,16,9.4,15.5,19.7,2.6
"03490",20240617,2024,6,17,13.6,18.1,24.1,2.8
"03490",20240618,2024,6,18,13.4,18.6,23.9,11.3
"03490",20240619,2024,6,19,11.3,16.6,20.6,0.5
"03490",20240620,2024,6,20,11,17.7,23.7,3.1
"03490",20240621,2024,6,21,12.3,19.2,26.1,0.9
"03490",20240622,2024,6,22,12.3,16.2,20.8,0.6
"03490",20240623,2024,6,23,14.5,19.2,25,0
"03490",20240624,2024,6,24,13.2,20.4,27.8,0
"03490",20240625,2024,6,25,13.7,21.6,29.1,0
"03490",20240626,2024,6,26,15.4,23.3,30.5,0
"03490",20240627,2024,6,27,17.9,24.5,31.5,0
"03490",20240628,2024,6,28,14.1,20.7,25.2,0
"03490",20240629,2024,6,29,12.2,20.5,28,5.5
"03490",20240630,2024,6,30,15.2,18,22.6,7.4
"03490",20240701,2024,7,1,14.1,16.8,20.1,0
"03490",20240702,2024,7,2,12.1,15,17.6,4.2
"03490",20240703,2024,7,3,10.9,14.3,16.9,4.9
"03490",20240704,2024,7,4,9.7,16.8,22,0.9
"03490",20240705,2024,7,5,9.4,16.2,22.5,0.1
"03490",20240706,2024,7,6,8.4,17.4,24.7,0.3
"03490",20240707,2024,7,7,6.9,15.9,23,0
"03490",20240708,2024,7,8,11.2,18.8,24.8,0
"03490",20240709,2024,7,9,13.1,23.3,32.4,2.6
"03490",20240710,2024,7,10,17,21.4,26.9,0.5
"03490",20240711,2024,7,11,15.9,20.7,25.5,0.9
"03490",20240712,2024,7,12,10.8,16.9,24.7,0.6
"03490",20240713,2024,7,13,9.4,15.5,22.2,0.2
"03490",20240714,2024,7,14,9.7,18.2,25.2,0
"03490",20240715,2024,7,15,12,21.2,29.6,5.3
"03490",20240716,2024,7,16,16.1,20.3,23.8,1.9
"03490",20240717,2024,7,17,13.4,19.4,25.2,0
"03490",20240718,2024,7,18,13.5,20.9,28.4,0
"03490",20240719,2024,7,19,15.6,22.4,29.9,0
"03490",20240720,2024,7,20,16.6,24.7,33.1,6
"03490",20240721,2024,7,21,19,22.6,27,8.5
"03490",20240722,2024,7,22,14.6,20.7,24.9,0
"03490",20240723,2024,7,23,13.8,19.6,26,1
"03490",20240724,2024,7,24,13.8,18.7,23.9,0.1
"03490",20240725,2024,7,25,12.2,20,27,4.1
"03490",20240726,2024,7,26,16.8,20.6,26.6,8.1
"03490",20240727,2024,7,27,15.8,19.1,23.2,17.7
"03490",20240728,2024,7,28,13.3,18.5,24.6,0
"03490",20240729,2024,7,29,12,19.7,28.1,0
"03490",20240730,2024,7,30,13.6,22.8,32.7,0
"03490",20240731,2024,7,31,18.1,22.2,29.7,0
"03490",20240801,2024,8,1,16.3,20.5,25.2,12
"03490",20240802,2024,8,2,17.6,21.7,27.5,0
"03490",20240803,2024,8,3,16.4,20.7,25.8,2.6
"03490",20240804,2024,8,4,15.5,18.9,21.6,0.3
"03490",20240805,2024,8,5,14.3,20.4,27.3,0
"03490",20240806,2024,8,6,13.5,22,30.4,0
"03490",20240807,2024,8,7,14.4,19.4,26.3,1.3
"03490",20240808,2024,8,8,15.3,19.6,25,0.2
"03490",20240809,2024,8,9,16.2,21.9,28,0
"03490",20240810,2024,8,10,14.4,21.2,28.5,0
"03490",20240811,2024,8,11,15.8,22.2,29.7,0
"03490",20240812,2024,8,12,15.1,25.4,35.7,0
"03490",20240813,2024,8,13,18.2,24.5,36.5,7.4
"03490",20240814,2024,8,14,16.4,21.6,25.6,1
"03490",20240815,2024,8,15,15.4,22,29.2,0
"03490",20240816,2024,8,16,16.2,22.6,29.4,0
"03490",20240817,2024,8,17,17.5,20.2,25.1,15.2
"03490",20240818,2024,8,18,16.2,18.9,22,0.1
"03490",20240819,2024,8,19,12.2,18.6,24.6,0
"03490",20240820,2024,8,20,11.3,19.5,27.2,0.1
"03490",20240821,2024,8,21,11.2,17.3,22.3,0
"03490",20240822,2024,8,22,9,18.6,25.5,0
"03490",20240823,2024,8,23,11.9,20.3,25.9,0
"03490",20240824,2024,8,24,17.3,24.4,32.8,7.7
"03490",20240825,2024,8,25,11.4,17.4,22.2,0
"03490",20240826,2024,8,26,8.1,16,23.3,0
"03490",20240827,2024,8,27,10.2,18.4,27.4,0
"03490",20240828,2024,8,28,12.9,21.6,32.2,0
"03490",20240829,2024,8,29,15.6,24.1,33.6,2
"03490",20240830,2024,8,30,15.9,19.6,22,0.7
"03490",20240831,2024,8,31,14.3,20.5,28.9,0
"03490",20240901,2024,9,1,15.2,23.1,32.8,0
"03490",20240902,2024,9,2,16.2,21.4,30.4,4.3
"03490",20240903,2024,9,3,14.7,21.5,29.9,11.6
"03490",20240904,2024,9,4,17.2,18.2,19.6,22.7
"03490",20240905,2024,9,5,17.3,21.6,29.3,0
"03490",20240906,2024,9,6,14.3,19.4,24.8,0
"03490",20240907,2024,9,7,12.6,19.9,28.9,0.1
"03490",20240908,2024,9,8,11,19,24,0.2
"03490",20240909,2024,9,9,10.9,16.3,20.4,4.8
"03490",20240910,2024,9,10,12.3,15.9,19.7,4.8
"03490",20240911,2024,9,11,7.1,13,17.4,0.4
"03490",20240912,2024,9,12,7.1,10.1,15.3,6.2
"03490",20240913,2024,9,13,6.2,10.9,15.8,4.9
"03490",20240914,2024,9,14,6.7,10.8,16.2,0
"03490",20240915,2024,9,15,5.9,12.8,18.5,0
"03490",20240916,2024,9,16,13.6,16.2,20.1,0
"03490",20240917,2024,9,17,12.7,16.2,21.4,0
"03490",20240918,2024,9,18,10.8,16.3,26,0
"03490",20240919,2024,9,19,11.6,17.1,24.8,2.4
"03490",20240920,2024,9,20,10.6,15.8,24,0
"03490",20240921,2024,9,21,10,16.1,24.8,0
"03490",20240922,2024,9,22,9.2,16.2,25,0
"03490",20240923,2024,9,23,10.1,16.4,22,0
"03490",20240924,2024,9,24,9.8,14.5,19.7,NA
"03490",20240925,2024,9,25,13.3,15.3,18.1,NA
"03490",20240926,2024,9,26,14.4,16.6,19.4,NA
"03490",20240927,2024,9,27,11.5,14.4,16.7,0.8
"03490",20240928,2024,9,28,7.8,11.7,15.3,0
"03490",20240929,2024,9,29,3.9,9.4,14.3,0
"03490",20240930,2024,9,30,8.5,13,16.8,0
"03490",20241001,2024,10,1,9,13.5,17.5,0.4
"03490",20241002,2024,10,2,8.3,12.2,17.7,0.5
"03490",20241003,2024,10,3,9.2,10.6,13,0
"03490",20241004,2024,10,4,6.7,10.7,14.7,0.2
"03490",20241005,2024,10,5,3.2,8.4,16.4,0
"03490",20241006,2024,10,6,3.8,9.6,14.7,0.1
"03490",20241007,2024,10,7,10.2,15.3,21.5,0.7
"03490",20241008,2024,10,8,11.2,16.4,19.5,3.1
"03490",20241009,2024,10,9,11.9,14.8,17.6,22.1
"03490",20241010,2024,10,10,8.8,13.1,15.5,6.1
"03490",20241011,2024,10,11,3,8.5,13,0.2
"03490",20241012,2024,10,12,3.6,8.2,13.2,3.8
"03490",20241013,2024,10,13,5,9.7,13.6,0.7
"03490",20241014,2024,10,14,3.4,7.7,11,4.7
"03490",20241015,2024,10,15,9.1,10.7,12.6,0
"03490",20241016,2024,10,16,12.4,14.9,19.2,0.4
"03490",20241017,2024,10,17,11.4,16.1,22.6,0.1
"03490",20241018,2024,10,18,11.7,13.9,16.5,0.7
"03490",20241019,2024,10,19,7.1,13.2,17.6,0.6
"03490",20241020,2024,10,20,7.5,14,18.5,0.6
"03490",20241021,2024,10,21,14,17,21.4,NA
"03490",20241022,2024,10,22,8.5,12.6,18.6,NA
"03490",20241023,2024,10,23,5.2,9.2,16.3,NA
"03490",20241024,2024,10,24,4.8,9.6,13.5,NA
"03490",20241025,2024,10,25,5.6,11.8,19.8,NA
"03490",20241026,2024,10,26,6.4,11,16,NA
"03490",20241027,2024,10,27,8.9,12.6,15.1,NA
"03490",20241028,2024,10,28,8.9,13.9,20.3,NA
"03490",20241029,2024,10,29,6.3,12.1,19.7,NA
"03490",20241030,2024,10,30,11.9,13.1,15.6,NA
"03490",20241031,2024,10,31,4.6,11.2,16.3,NA
"03490",20241101,2024,11,1,4.8,9.3,12.4,NA
"03490",20241102,2024,11,2,4.2,10.4,13.1,NA
"03490",20241103,2024,11,3,2.3,6.9,13.5,NA
"03490",20241104,2024,11,4,1.7,5.8,13.3,NA
"03490",20241105,2024,11,5,0.5,3.9,10.9,NA
"03490",20241106,2024,11,6,0.2,6.6,10.3,NA
"03490",20241107,2024,11,7,NA,NA,NA,NA
"03490",20241108,2024,11,8,NA,NA,NA,NA
"03490",20241109,2024,11,9,NA,NA,NA,NA
"03490",20241110,2024,11,10,NA,NA,NA,NA
"03490",20241111,2024,11,11,NA,NA,NA,NA
"03490",20241112,2024,11,12,NA,NA,NA,NA
"03490",20241113,2024,11,13,NA,NA,NA,NA
"03490",20241114,2024,11,14,NA,NA,NA,NA
"03490",20241115,2024,11,15,NA,NA,NA,NA
"03490",20241116,2024,11,16,NA,NA,NA,NA
"03490",20241117,2024,11,17,NA,NA,NA,NA
"03490",20241118,2024,11,18,NA,NA,NA,NA
"03490",20241119,2024,11,19,NA,NA,NA,NA
"03490",20241120,2024,11,20,1.6,3,4.4,NA
"03490",20241121,2024,11,21,-1.3,1.3,3,0
"03490",20241122,2024,11,22,-0.5,2.2,4.5,1.7
"03490",20241123,2024,11,23,2.6,5.4,10.5,0
"03490",20241124,2024,11,24,10.5,15.1,18,0
"03490",20241125,2024,11,25,8.7,14.5,19,3.8
"03490",20241126,2024,11,26,4.3,9,11.6,0
"03490",20241127,2024,11,27,3.3,8.9,13.2,1.3
"03490",20241128,2024,11,28,3.5,7.6,9.4,0.8
"03490",20241129,2024,11,29,-2.1,1.9,6.8,0
"03490",20241130,2024,11,30,-2.8,-0.1,6.4,0
"03490",20241201,2024,12,1,-4.7,-0.1,3.6,0
"03490",20241202,2024,12,2,2.4,6,12.1,0.2
"03490",20241203,2024,12,3,1.9,5.8,8.2,1.4
"03490",20241204,2024,12,4,1.4,3.5,5.8,0.1
"03490",20241205,2024,12,5,1.1,5,9,5.8
"03490",20241206,2024,12,6,4,8.2,9.6,0.1
"03490",20241207,2024,12,7,6.5,8.6,10.5,0.8
"03490",20241208,2024,12,8,1.4,5.1,7.2,0.4
"03490",20241209,2024,12,9,3.8,4.8,5.7,3.1
"03490",20241210,2024,12,10,4,5,5.9,0
"03490",20241211,2024,12,11,2.4,3.2,4.4,0
"03490",20241212,2024,12,12,0.8,1.6,2.6,0
"03490",20241213,2024,12,13,-3.6,0.3,2.1,0
"03490",20241214,2024,12,14,-3.6,1.6,4.9,0.7
"03490",20241215,2024,12,15,3.5,6.7,9.6,0
"03490",20241216,2024,12,16,9.3,10.7,12,1.5
"03490",20241217,2024,12,17,2.3,7.3,10,0.4
"03490",20241218,2024,12,18,2.3,9.9,13.5,0
"03490",20241219,2024,12,19,4,9.8,14.8,11
"03490",20241220,2024,12,20,3.8,5.1,6.5,0
"03490",20241221,2024,12,21,5.8,8,10.1,0.2
"03490",20241222,2024,12,22,2.8,5.6,10.4,5.9
"03490",20241223,2024,12,23,3.3,5.2,6.9,2.3
"03490",20241224,2024,12,24,1.7,4.6,5.9,0.8
"03490",20241225,2024,12,25,3.3,6.1,8.5,0
"03490",20241226,2024,12,26,0,3.1,8.2,0
"03490",20241227,2024,12,27,-3.6,-0.4,4.8,0
"03490",20241228,2024,12,28,-4.9,-2,4,0
"03490",20241229,2024,12,29,-5.2,-1.3,1,0
"03490",20241230,2024,12,30,-0.2,0.5,2,0
"03490",20241231,2024,12,31,-4.5,0.1,3.5,0
"03490",20250101,2025,1,1,NA,NA,NA,NA
"03490",20250102,2025,1,2,NA,NA,NA,NA
"03490",20250103,2025,1,3,NA,NA,NA,NA
"03490",20250104,2025,1,4,NA,NA,NA,NA
"03490",20250105,2025,1,5,NA,NA,NA,NA
"03490",20250106,2025,1,6,NA,NA,NA,NA
"03490",20250107,2025,1,7,NA,NA,NA,NA
"03490",20250108,2025,1,8,NA,NA,NA,NA
"03490",20250109,2025,1,9,NA,NA,NA,NA
"03490",20250110,2025,1,10,NA,NA,NA,NA
"03490",20250111,2025,1,11,NA,NA,NA,NA
"03490",20250112,2025,1,12,NA,NA,NA,NA
"03490",20250113,2025,1,13,NA,NA,NA,NA
"03490",20250114,2025,1,14,NA,NA,NA,NA
"03490",20250115,2025,1,15,NA,NA,NA,NA
"03490",20250116,2025,1,16,NA,NA,NA,NA
"03490",20250117,2025,1,17,NA,NA,NA,NA
"03490",20250118,2025,1,18,NA,NA,NA,NA
"03490",20250119,2025,1,19,NA,NA,NA,NA
"03490",20250120,2025,1,20,NA,NA,NA,NA
"03490",20250121,2025,1,21,NA,NA,NA,NA
"03490",20250122,2025,1,22,NA,NA,NA,NA
"03490",20250123,2025,1,23,NA,NA,NA,NA
"03490",20250124,2025,1,24,NA,NA,NA,NA
"03490",20250125,2025,1,25,NA,NA,NA,NA
"03490",20250126,2025,1,26,NA,NA,NA,NA
"03490",20250127,2025,1,27,NA,NA,NA,NA
"03490",20250128,2025,1,28,NA,NA,NA,NA
"03490",20250129,2025,1,29,NA,NA,NA,NA
"03490",20250130,2025,1,30,NA,NA,NA,NA
"03490",20250131,2025,1,31,NA,NA,NA,NA
"03490",20250201,2025,2,1,NA,NA,NA,NA
"03490",20250202,2025,2,2,NA,NA,NA,NA
"03490",20250203,2025,2,3,NA,NA,NA,NA
"03490",20250204,2025,2,4,NA,NA,NA,NA
"03490",20250205,2025,2,5,NA,NA,NA,NA
"03490",20250206,2025,2,6,NA,NA,NA,NA
"03490",20250207,2025,2,7,NA,NA,NA,NA
"03490",20250208,2025,2,8,NA,NA,NA,NA
"03490",20250209,2025,2,9,NA,NA,NA,NA
"03490",20250210,2025,2,10,NA,NA,NA,NA
"03490",20250211,2025,2,11,NA,NA,NA,NA
"03490",20250212,2025,2,12,NA,NA,NA,NA
"03490",20250213,2025,2,13,NA,NA,NA,NA
"03490",20250214,2025,2,14,NA,NA,NA,NA
"03490",20250215,2025,2,15,NA,NA,NA,NA
"03490",20250216,2025,2,16,NA,NA,NA,NA
"03490",20250217,2025,2,17,NA,NA,NA,NA
"03490",20250218,2025,2,18,NA,NA,NA,NA
"03490",20250219,2025,2,19,NA,NA,NA,NA
"03490",20250220,2025,2,20,NA,NA,NA,NA
"03490",20250221,2025,2,21,NA,NA,NA,NA
"03490",20250222,2025,2,22,NA,NA,NA,NA
"03490",20250223,2025,2,23,NA,NA,NA,NA
"03490",20250224,2025,2,24,NA,NA,NA,NA
"03490",20250225,2025,2,25,NA,NA,NA,NA
"03490",20250226,2025,2,26,NA,NA,NA,NA
"03490",20250227,2025,2,27,NA,NA,NA,NA
"03490",20250228,2025,2,28,NA,NA,NA,NA
"03490",20250301,2025,3,1,NA,NA,NA,NA
"03490",20250302,2025,3,2,NA,NA,NA,NA
"03490",20250303,2025,3,3,NA,NA,NA,NA
"03490",20250304,2025,3,4,NA,NA,NA,NA
"03490",20250305,2025,3,5,NA,NA,NA,NA
"03490",20250306,2025,3,6,NA,NA,NA,NA
"03490",20250307,2025,3,7,NA,NA,NA,NA
"03490",20250308,2025,3,8,NA,NA,NA,NA
"03490",20250309,2025,3,9,NA,NA,NA,NA
"03490",20250310,2025,3,10,NA,NA,NA,NA
"03490",20250311,2025,3,11,NA,NA,NA,NA
"03490",20250312,2025,3,12,NA,NA,NA,NA
"03490",20250313,2025,3,13,NA,NA,NA,NA
"03490",20250314,2025,3,14,NA,NA,NA,NA
"03490",20250315,2025,3,15,NA,NA,NA,NA
"03490",20250316,2025,3,16,NA,NA,NA,NA
"03490",20250317,2025,3,17,NA,NA,NA,NA
"03490",20250318,2025,3,18,NA,NA,NA,NA
"03490",20250319,2025,3,19,NA,NA,NA,NA
"03490",20250320,2025,3,20,NA,NA,NA,NA
"03490",20250321,2025,3,21,NA,NA,NA,NA
"03490",20250322,2025,3,22,NA,NA,NA,NA
"03490",20250323,2025,3,23,NA,NA,NA,NA
"03490",20250324,2025,3,24,NA,NA,NA,NA
"03490",20250325,2025,3,25,NA,NA,NA,NA
"03490",20250326,2025,3,26,NA,NA,NA,NA
"03490",20250327,2025,3,27,NA,NA,NA,NA
"03490",20250328,2025,3,28,NA,NA,NA,NA
"03490",20250329,2025,3,29,NA,NA,NA,NA
"03490",20250330,2025,3,30,NA,NA,NA,NA
"03490",20250331,2025,3,31,NA,NA,NA,NA
"03490",20250401,2025,4,1,NA,NA,NA,NA
"03490",20250402,2025,4,2,NA,NA,NA,NA
"03490",20250403,2025,4,3,NA,NA,NA,NA
"03490",20250404,2025,4,4,NA,NA,NA,NA
"03490",20250405,2025,4,5,NA,NA,NA,NA
"03490",20250406,2025,4,6,NA,NA,NA,NA
"03490",20250407,2025,4,7,NA,NA,NA,NA
"03490",20250408,2025,4,8,NA,NA,NA,NA
"03490",20250409,2025,4,9,NA,NA,NA,NA
"03490",20250410,2025,4,10,NA,NA,NA,NA
"03490",20250411,2025,4,11,NA,NA,NA,NA
"03490",20250412,2025,4,12,NA,NA,NA,NA
"03490",20250413,2025,4,13,NA,NA,NA,NA
"03490",20250414,2025,4,14,NA,NA,NA,NA
"03490",20250415,2025,4,15,NA,NA,NA,NA
"03490",20250416,2025,4,16,NA,NA,NA,NA
"03490",20250417,2025,4,17,NA,NA,NA,NA
"03490",20250418,2025,4,18,NA,NA,NA,NA
"03490",20250419,2025,4,19,NA,NA,NA,NA
"03490",20250420,2025,4,20,NA,NA,NA,NA
"03490",20250421,2025,4,21,NA,NA,NA,NA
"03490",20250422,2025,4,22,NA,NA,NA,NA
"03490",20250423,2025,4,23,NA,NA,NA,NA
"03490",20250424,2025,4,24,NA,NA,NA,NA
"03490",20250425,2025,4,25,NA,NA,NA,NA
"03490",20250426,2025,4,26,NA,NA,NA,NA
"03490",20250427,2025,4,27,NA,NA,NA,NA
"03490",20250428,2025,4,28,NA,NA,NA,NA
"03490",20250429,2025,4,29,NA,NA,NA,NA
"03490",20250430,2025,4,30,NA,NA,NA,NA
"03490",20250501,2025,5,1,NA,NA,NA,NA
"03490",20250502,2025,5,2,NA,NA,NA,NA
"03490",20250503,2025,5,3,NA,NA,NA,NA
"03490",20250504,2025,5,4,NA,NA,NA,NA
"03490",20250505,2025,5,5,NA,NA,NA,NA
"03490",20250506,2025,5,6,NA,NA,NA,NA
"03490",20250507,2025,5,7,NA,NA,NA,NA
"03490",20250508,2025,5,8,NA,NA,NA,NA
"03490",20250509,2025,5,9,NA,NA,NA,NA
"03490",20250510,2025,5,10,NA,NA,NA,NA
"03490",20250511,2025,5,11,NA,NA,NA,NA
"03490",20250512,2025,5,12,NA,NA,NA,NA
"03490",20250513,2025,5,13,NA,NA,NA,NA
"03490",20250514,2025,5,14,NA,NA,NA,NA
"03490",20250515,2025,5,15,NA,NA,NA,NA
"03490",20250516,2025,5,16,NA,NA,NA,NA
"03490",20250517,2025,5,17,NA,NA,NA,NA
"03490",20250518,2025,5,18,NA,NA,NA,NA
"03490",20250519,2025,5,19,NA,NA,NA,NA
"03490",20250520,2025,5,20,NA,NA,NA,NA
"03490",20250521,2025,5,21,NA,NA,NA,NA
"03490",20250522,2025,5,22,NA,NA,NA,NA
"03490",20250523,2025,5,23,NA,NA,NA,NA
"03490",20250524,2025,5,24,NA,NA,NA,NA
"03490",20250525,2025,5,25,NA,NA,NA,NA
"03490",20250526,2025,5,26,NA,NA,NA,NA
"03490",20250527,2025,5,27,NA,NA,NA,NA
"03490",20250528,2025,5,28,NA,NA,NA,NA
"03490",20250529,2025,5,29,NA,NA,NA,NA
"03490",20250530,2025,5,30,NA,NA,NA,NA
"03490",20250531,2025,5,31,NA,NA,NA,NA
